-- Generated by Craft v2.6.3000 on 11 Dec 2017 00:21:23.

--
-- Disable foreign key checks and autocommit.
--

SET FOREIGN_KEY_CHECKS = 0;
SET SQL_MODE = "NO_AUTO_VALUE_ON_ZERO";
SET AUTOCOMMIT = 0;
SET NAMES utf8;


DROP TABLE IF EXISTS `craft_assetfiles`;


--
-- Schema for table `craft_assetfiles`
--
CREATE TABLE `craft_assetfiles` (
  `id` int(11) NOT NULL,
  `sourceId` int(11) DEFAULT NULL,
  `folderId` int(11) NOT NULL,
  `filename` varchar(255) COLLATE utf8_unicode_ci NOT NULL,
  `kind` varchar(50) COLLATE utf8_unicode_ci NOT NULL DEFAULT 'unknown',
  `width` int(11) unsigned DEFAULT NULL,
  `height` int(11) unsigned DEFAULT NULL,
  `size` bigint(20) unsigned DEFAULT NULL,
  `dateModified` datetime DEFAULT NULL,
  `dateCreated` datetime NOT NULL,
  `dateUpdated` datetime NOT NULL,
  `uid` char(36) COLLATE utf8_unicode_ci NOT NULL DEFAULT '0',
  PRIMARY KEY (`id`),
  UNIQUE KEY `craft_assetfiles_filename_folderId_unq_idx` (`filename`,`folderId`),
  KEY `craft_assetfiles_sourceId_fk` (`sourceId`),
  KEY `craft_assetfiles_folderId_fk` (`folderId`)
) ENGINE=InnoDB DEFAULT CHARSET=utf8 COLLATE=utf8_unicode_ci;

--
-- Data for table `craft_assetfiles`
--

INSERT INTO `craft_assetfiles` (`id`, `sourceId`, `folderId`, `filename`, `kind`, `width`, `height`, `size`, `dateModified`, `dateCreated`, `dateUpdated`, `uid`) VALUES
 ('4', '1', '1', 'index-hero-test.jpg', 'image', '1440', '960', '107019', '2017-12-10 22:29:48', '2017-12-10 22:29:48', '2017-12-10 22:45:16', '0559ed66-a2db-4196-88c2-e21ed0c52a4c'),
 ('5', '1', '1', 'creators-hero.jpg', 'image', '1440', '1440', '149673', '2017-12-10 22:29:56', '2017-12-10 22:29:56', '2017-12-10 22:45:15', '38d401bd-23a2-4e03-8e32-9003f1d6354b'),
 ('12', '1', '1', 'i-d-hero.jpg', 'image', '1440', '1440', '218884', '2017-12-10 22:46:02', '2017-12-10 22:46:02', '2017-12-10 22:46:02', '02da276c-14a8-463f-96be-c07be0651b48'),
 ('13', '1', '1', 'munchies-hero.jpg', 'image', '1440', '1440', '89729', '2017-12-10 22:46:02', '2017-12-10 22:46:03', '2017-12-10 22:46:03', 'ce5f414f-8cc8-4086-98f9-6751a33f2244'),
 ('14', '1', '1', 'noisey-hero.jpg', 'image', '1440', '1440', '124166', '2017-12-10 22:46:03', '2017-12-10 22:46:03', '2017-12-10 22:46:03', '1ab2ce58-f872-461d-a26b-f19c330aea8e'),
 ('15', '1', '1', 'thump-hero.jpg', 'image', '1440', '1440', '290682', '2017-12-10 22:46:03', '2017-12-10 22:46:03', '2017-12-10 22:46:03', '001052d9-4d74-4bea-8f5e-9fc1f3690044'),
 ('18', '1', '1', 'placeholder.jpg', 'image', '1440', '1440', '131918', '2017-12-10 23:20:19', '2017-12-10 23:20:20', '2017-12-10 23:20:20', '2b605073-37b3-46c0-9923-10af25531782');



DROP TABLE IF EXISTS `craft_assetfolders`;


--
-- Schema for table `craft_assetfolders`
--
CREATE TABLE `craft_assetfolders` (
  `id` int(11) NOT NULL AUTO_INCREMENT,
  `parentId` int(11) DEFAULT NULL,
  `sourceId` int(11) DEFAULT NULL,
  `name` varchar(255) COLLATE utf8_unicode_ci NOT NULL,
  `path` varchar(255) COLLATE utf8_unicode_ci DEFAULT NULL,
  `dateCreated` datetime NOT NULL,
  `dateUpdated` datetime NOT NULL,
  `uid` char(36) COLLATE utf8_unicode_ci NOT NULL DEFAULT '0',
  PRIMARY KEY (`id`),
  UNIQUE KEY `craft_assetfolders_name_parentId_sourceId_unq_idx` (`name`,`parentId`,`sourceId`),
  KEY `craft_assetfolders_parentId_fk` (`parentId`),
  KEY `craft_assetfolders_sourceId_fk` (`sourceId`)
) ENGINE=InnoDB AUTO_INCREMENT=2 DEFAULT CHARSET=utf8 COLLATE=utf8_unicode_ci;

--
-- Data for table `craft_assetfolders`
--

INSERT INTO `craft_assetfolders` (`id`, `parentId`, `sourceId`, `name`, `path`, `dateCreated`, `dateUpdated`, `uid`) VALUES
 ('1', NULL, '1', 'Uploads', '', '2017-12-10 22:29:23', '2017-12-10 22:29:23', 'a28c1ffe-46f4-40af-9eed-f5b839b2e4da');



DROP TABLE IF EXISTS `craft_assetindexdata`;


--
-- Schema for table `craft_assetindexdata`
--
CREATE TABLE `craft_assetindexdata` (
  `id` int(11) NOT NULL AUTO_INCREMENT,
  `sessionId` varchar(36) COLLATE utf8_unicode_ci NOT NULL DEFAULT '',
  `sourceId` int(10) NOT NULL,
  `offset` int(10) NOT NULL,
  `uri` varchar(255) COLLATE utf8_unicode_ci DEFAULT NULL,
  `size` varchar(255) COLLATE utf8_unicode_ci DEFAULT NULL,
  `recordId` int(10) DEFAULT NULL,
  `dateCreated` datetime NOT NULL,
  `dateUpdated` datetime NOT NULL,
  `uid` char(36) COLLATE utf8_unicode_ci NOT NULL DEFAULT '0',
  PRIMARY KEY (`id`),
  UNIQUE KEY `craft_assetindexdata_sessionId_sourceId_offset_unq_idx` (`sessionId`,`sourceId`,`offset`),
  KEY `craft_assetindexdata_sourceId_fk` (`sourceId`)
) ENGINE=InnoDB AUTO_INCREMENT=3 DEFAULT CHARSET=utf8 COLLATE=utf8_unicode_ci;

DROP TABLE IF EXISTS `craft_assetsources`;


--
-- Schema for table `craft_assetsources`
--
CREATE TABLE `craft_assetsources` (
  `id` int(11) NOT NULL AUTO_INCREMENT,
  `name` varchar(255) COLLATE utf8_unicode_ci NOT NULL,
  `handle` varchar(255) COLLATE utf8_unicode_ci NOT NULL,
  `type` varchar(150) COLLATE utf8_unicode_ci NOT NULL,
  `settings` text COLLATE utf8_unicode_ci,
  `sortOrder` smallint(6) unsigned DEFAULT NULL,
  `fieldLayoutId` int(10) DEFAULT NULL,
  `dateCreated` datetime NOT NULL,
  `dateUpdated` datetime NOT NULL,
  `uid` char(36) COLLATE utf8_unicode_ci NOT NULL DEFAULT '0',
  PRIMARY KEY (`id`),
  UNIQUE KEY `craft_assetsources_name_unq_idx` (`name`),
  UNIQUE KEY `craft_assetsources_handle_unq_idx` (`handle`),
  KEY `craft_assetsources_fieldLayoutId_fk` (`fieldLayoutId`)
) ENGINE=InnoDB AUTO_INCREMENT=2 DEFAULT CHARSET=utf8 COLLATE=utf8_unicode_ci;

--
-- Data for table `craft_assetsources`
--

INSERT INTO `craft_assetsources` (`id`, `name`, `handle`, `type`, `settings`, `sortOrder`, `fieldLayoutId`, `dateCreated`, `dateUpdated`, `uid`) VALUES
 ('1', 'Uploads', 'uploads', 'Local', '{\"path\":\"uploads\\/\",\"publicURLs\":\"1\",\"url\":\"{baseUrl}\\/uploads\\/\"}', '1', '6', '2017-12-10 22:29:23', '2017-12-10 22:29:23', '891d5c63-a69d-40ee-9d31-073be799c381');



DROP TABLE IF EXISTS `craft_assettransformindex`;


--
-- Schema for table `craft_assettransformindex`
--
CREATE TABLE `craft_assettransformindex` (
  `id` int(11) NOT NULL AUTO_INCREMENT,
  `fileId` int(11) NOT NULL,
  `filename` varchar(255) COLLATE utf8_unicode_ci DEFAULT NULL,
  `format` varchar(255) COLLATE utf8_unicode_ci DEFAULT NULL,
  `location` varchar(255) COLLATE utf8_unicode_ci NOT NULL,
  `sourceId` int(11) DEFAULT NULL,
  `fileExists` tinyint(1) DEFAULT NULL,
  `inProgress` tinyint(1) DEFAULT NULL,
  `dateIndexed` datetime DEFAULT NULL,
  `dateCreated` datetime NOT NULL,
  `dateUpdated` datetime NOT NULL,
  `uid` char(36) COLLATE utf8_unicode_ci NOT NULL DEFAULT '0',
  PRIMARY KEY (`id`),
  KEY `craft_assettransformindex_sourceId_fileId_location_idx` (`sourceId`,`fileId`,`location`)
) ENGINE=InnoDB DEFAULT CHARSET=utf8 COLLATE=utf8_unicode_ci;

DROP TABLE IF EXISTS `craft_assettransforms`;


--
-- Schema for table `craft_assettransforms`
--
CREATE TABLE `craft_assettransforms` (
  `id` int(11) NOT NULL AUTO_INCREMENT,
  `name` varchar(255) COLLATE utf8_unicode_ci NOT NULL,
  `handle` varchar(255) COLLATE utf8_unicode_ci NOT NULL,
  `mode` enum('stretch','fit','crop') COLLATE utf8_unicode_ci NOT NULL DEFAULT 'crop',
  `position` enum('top-left','top-center','top-right','center-left','center-center','center-right','bottom-left','bottom-center','bottom-right') COLLATE utf8_unicode_ci NOT NULL DEFAULT 'center-center',
  `height` int(10) DEFAULT NULL,
  `width` int(10) DEFAULT NULL,
  `format` varchar(255) COLLATE utf8_unicode_ci DEFAULT NULL,
  `quality` int(10) DEFAULT NULL,
  `dimensionChangeTime` datetime DEFAULT NULL,
  `dateCreated` datetime NOT NULL,
  `dateUpdated` datetime NOT NULL,
  `uid` char(36) COLLATE utf8_unicode_ci NOT NULL DEFAULT '0',
  PRIMARY KEY (`id`),
  UNIQUE KEY `craft_assettransforms_name_unq_idx` (`name`),
  UNIQUE KEY `craft_assettransforms_handle_unq_idx` (`handle`)
) ENGINE=InnoDB DEFAULT CHARSET=utf8 COLLATE=utf8_unicode_ci;

DROP TABLE IF EXISTS `craft_categories`;


--
-- Schema for table `craft_categories`
--
CREATE TABLE `craft_categories` (
  `id` int(11) NOT NULL,
  `groupId` int(11) NOT NULL,
  `dateCreated` datetime NOT NULL,
  `dateUpdated` datetime NOT NULL,
  `uid` char(36) COLLATE utf8_unicode_ci NOT NULL DEFAULT '0',
  PRIMARY KEY (`id`),
  KEY `craft_categories_groupId_fk` (`groupId`)
) ENGINE=InnoDB DEFAULT CHARSET=utf8 COLLATE=utf8_unicode_ci;

--
-- Data for table `craft_categories`
--

INSERT INTO `craft_categories` (`id`, `groupId`, `dateCreated`, `dateUpdated`, `uid`) VALUES
 ('6', '1', '2017-12-10 22:30:52', '2017-12-10 22:53:28', '663be8dd-3a00-4b1e-ae7f-2e26e44d8552'),
 ('7', '1', '2017-12-10 22:30:58', '2017-12-10 22:53:33', 'b99cdc5c-aa60-425e-8830-49899aee9c28'),
 ('8', '1', '2017-12-10 22:31:04', '2017-12-10 22:53:37', 'b8eecabd-16ca-47df-90c5-640589112333'),
 ('9', '1', '2017-12-10 22:31:20', '2017-12-10 22:53:41', '954253fc-633a-4c7a-916c-51048d7d7836'),
 ('10', '1', '2017-12-10 22:31:29', '2017-12-10 22:53:46', '606070c6-cb74-49df-8da2-4dd0856364c2');



DROP TABLE IF EXISTS `craft_categorygroups`;


--
-- Schema for table `craft_categorygroups`
--
CREATE TABLE `craft_categorygroups` (
  `id` int(11) NOT NULL AUTO_INCREMENT,
  `structureId` int(11) NOT NULL,
  `fieldLayoutId` int(11) DEFAULT NULL,
  `name` varchar(255) COLLATE utf8_unicode_ci NOT NULL,
  `handle` varchar(255) COLLATE utf8_unicode_ci NOT NULL,
  `hasUrls` tinyint(1) unsigned NOT NULL DEFAULT '1',
  `template` varchar(500) COLLATE utf8_unicode_ci DEFAULT NULL,
  `dateCreated` datetime NOT NULL,
  `dateUpdated` datetime NOT NULL,
  `uid` char(36) COLLATE utf8_unicode_ci NOT NULL DEFAULT '0',
  PRIMARY KEY (`id`),
  UNIQUE KEY `craft_categorygroups_name_unq_idx` (`name`),
  UNIQUE KEY `craft_categorygroups_handle_unq_idx` (`handle`),
  KEY `craft_categorygroups_structureId_fk` (`structureId`),
  KEY `craft_categorygroups_fieldLayoutId_fk` (`fieldLayoutId`)
) ENGINE=InnoDB AUTO_INCREMENT=2 DEFAULT CHARSET=utf8 COLLATE=utf8_unicode_ci;

--
-- Data for table `craft_categorygroups`
--

INSERT INTO `craft_categorygroups` (`id`, `structureId`, `fieldLayoutId`, `name`, `handle`, `hasUrls`, `template`, `dateCreated`, `dateUpdated`, `uid`) VALUES
 ('1', '1', '10', 'Class', 'class', '1', 'class', '2017-12-10 22:30:42', '2017-12-10 22:39:33', '4508007f-fb00-46a5-9113-778c4fa75fe7');



DROP TABLE IF EXISTS `craft_categorygroups_i18n`;


--
-- Schema for table `craft_categorygroups_i18n`
--
CREATE TABLE `craft_categorygroups_i18n` (
  `id` int(11) NOT NULL AUTO_INCREMENT,
  `groupId` int(11) NOT NULL,
  `locale` char(12) COLLATE utf8_unicode_ci NOT NULL,
  `urlFormat` text COLLATE utf8_unicode_ci,
  `nestedUrlFormat` text COLLATE utf8_unicode_ci,
  `dateCreated` datetime NOT NULL,
  `dateUpdated` datetime NOT NULL,
  `uid` char(36) COLLATE utf8_unicode_ci NOT NULL DEFAULT '0',
  PRIMARY KEY (`id`),
  UNIQUE KEY `craft_categorygroups_i18n_groupId_locale_unq_idx` (`groupId`,`locale`),
  KEY `craft_categorygroups_i18n_locale_fk` (`locale`)
) ENGINE=InnoDB AUTO_INCREMENT=2 DEFAULT CHARSET=utf8 COLLATE=utf8_unicode_ci;

--
-- Data for table `craft_categorygroups_i18n`
--

INSERT INTO `craft_categorygroups_i18n` (`id`, `groupId`, `locale`, `urlFormat`, `nestedUrlFormat`, `dateCreated`, `dateUpdated`, `uid`) VALUES
 ('1', '1', 'en_gb', 'class/{slug}', '{parent.uri}/{slug}', '2017-12-10 22:30:42', '2017-12-10 22:30:42', '3e55f36c-5dac-44d3-8d79-9e149a0202ae');



DROP TABLE IF EXISTS `craft_content`;


--
-- Schema for table `craft_content`
--
CREATE TABLE `craft_content` (
  `id` int(11) NOT NULL AUTO_INCREMENT,
  `elementId` int(11) NOT NULL,
  `locale` char(12) COLLATE utf8_unicode_ci NOT NULL,
  `title` varchar(255) COLLATE utf8_unicode_ci DEFAULT NULL,
  `field_body` text COLLATE utf8_unicode_ci,
  `dateCreated` datetime NOT NULL,
  `dateUpdated` datetime NOT NULL,
  `uid` char(36) COLLATE utf8_unicode_ci NOT NULL DEFAULT '0',
  PRIMARY KEY (`id`),
  UNIQUE KEY `craft_content_elementId_locale_unq_idx` (`elementId`,`locale`),
  KEY `craft_content_title_idx` (`title`),
  KEY `craft_content_locale_fk` (`locale`)
) ENGINE=InnoDB AUTO_INCREMENT=24 DEFAULT CHARSET=utf8 COLLATE=utf8_unicode_ci;

--
-- Data for table `craft_content`
--

INSERT INTO `craft_content` (`id`, `elementId`, `locale`, `title`, `field_body`, `dateCreated`, `dateUpdated`, `uid`) VALUES
 ('1', '1', 'en_gb', NULL, NULL, '2017-12-10 22:25:16', '2017-12-10 22:25:16', '8bac7531-d6ee-45ec-86f3-b0fc7fbfec24'),
 ('2', '2', 'en_gb', 'Home', '<p>Nullam id dolor id nibh ultricies vehicula ut id elit. Nullam quis risus eget urna mollis ornare vel eu leo. Praesent commodo cursus magna, vel scelerisque nisl consectetur et. Aenean lacinia bibendum nulla sed consectetur. Vivamus sagittis lacus vel augue laoreet rutrum faucibus dolor auctor.</p>', '2017-12-10 22:25:19', '2017-12-10 23:03:06', '58a8429d-4e80-4ab0-aa78-00e42d6b3fe8'),
 ('4', '4', 'en_gb', 'Index Hero Test', NULL, '2017-12-10 22:29:48', '2017-12-10 22:45:16', '270e3877-e0ca-4811-8bd7-39e296df3b41'),
 ('5', '5', 'en_gb', 'Creators Hero', NULL, '2017-12-10 22:29:56', '2017-12-10 22:45:15', '3968e25c-eca2-4b3b-a469-6a5909d08577'),
 ('6', '6', 'en_gb', 'Munchies', '<p>Donec ullamcorper nulla non metus auctor fringilla. Aenean eu leo quam. Pellentesque ornare sem lacinia quam venenatis vestibulum. Curabitur blandit tempus porttitor. Etiam porta sem malesuada magna mollis euismod.</p>', '2017-12-10 22:30:52', '2017-12-10 22:53:28', '76650163-0d6d-4847-90f9-81a59f489c74'),
 ('7', '7', 'en_gb', 'Noisey', '<p>Donec ullamcorper nulla non metus auctor fringilla. Aenean eu leo quam. Pellentesque ornare sem lacinia quam venenatis vestibulum. Curabitur blandit tempus porttitor. Etiam porta sem malesuada magna mollis euismod.</p>', '2017-12-10 22:30:58', '2017-12-10 22:53:33', '3af9f413-0844-44c7-bc1d-75b9231a23bb'),
 ('8', '8', 'en_gb', 'Thump', '<p>Donec ullamcorper nulla non metus auctor fringilla. Aenean eu leo quam. Pellentesque ornare sem lacinia quam venenatis vestibulum. Curabitur blandit tempus porttitor. Etiam porta sem malesuada magna mollis euismod.</p>', '2017-12-10 22:31:04', '2017-12-10 22:53:37', 'c7ec97ef-9c10-402b-aeae-676502e00e36'),
 ('9', '9', 'en_gb', 'Creators', '<p>Donec ullamcorper nulla non metus auctor fringilla. Aenean eu leo quam. Pellentesque ornare sem lacinia quam venenatis vestibulum. Curabitur blandit tempus porttitor. Etiam porta sem malesuada magna mollis euismod.</p>', '2017-12-10 22:31:19', '2017-12-10 22:53:41', '7c6fd0d0-8897-47c0-b2f9-7ec4c6f7d3d1'),
 ('10', '10', 'en_gb', 'i-D', '<p>Donec ullamcorper nulla non metus auctor fringilla. Aenean eu leo quam. Pellentesque ornare sem lacinia quam venenatis vestibulum. Curabitur blandit tempus porttitor. Etiam porta sem malesuada magna mollis euismod.</p>', '2017-12-10 22:31:29', '2017-12-10 22:53:46', 'cc3b2da4-ccca-4543-9267-6392f91ea65f'),
 ('12', '12', 'en_gb', 'I D Hero', NULL, '2017-12-10 22:46:02', '2017-12-10 22:46:02', 'e7e56e3d-3bce-435c-8136-54c775e36d21'),
 ('13', '13', 'en_gb', 'Munchies Hero', NULL, '2017-12-10 22:46:03', '2017-12-10 22:46:03', '4953809c-d280-422d-90ae-bf6ed77161c1'),
 ('14', '14', 'en_gb', 'Noisey Hero', NULL, '2017-12-10 22:46:03', '2017-12-10 22:46:03', 'c6ab479c-ebdf-41e0-a24b-946ce97feb20'),
 ('15', '15', 'en_gb', 'Thump Hero', NULL, '2017-12-10 22:46:03', '2017-12-10 22:46:03', '66c45643-96fa-41c1-bdf9-caa0c5928958'),
 ('16', '16', 'en_gb', 'Gareth Johns', '<p>Vivamus sagittis lacus vel augue laoreet rutrum faucibus dolor auctor. Cum sociis natoque penatibus et magnis dis parturient montes, nascetur ridiculus mus. Fusce dapibus, tellus ac cursus commodo, tortor mauris condimentum nibh, ut fermentum massa justo sit amet risus. Donec id elit non mi porta gravida at eget metus.</p>', '2017-12-10 23:06:35', '2017-12-10 23:24:23', '76a278fb-cae9-4adf-8f02-dcd06380ac1f'),
 ('17', '17', 'en_gb', 'Chloe Walshingam', '<p>Fusce dapibus, tellus ac cursus commodo, tortor mauris condimentum nibh, ut fermentum massa justo sit amet risus. Vivamus sagittis lacus vel augue laoreet rutrum faucibus dolor auctor. Praesent commodo cursus magna, vel scelerisque nisl consectetur et. Donec id elit non mi porta gravida at eget metus. Duis mollis, est non commodo luctus, nisi erat porttitor ligula, eget lacinia odio sem nec elit.</p>', '2017-12-10 23:11:02', '2017-12-10 23:20:35', '5ed214e6-f211-415a-a10d-7844f8701cd8'),
 ('18', '18', 'en_gb', 'Placeholder', NULL, '2017-12-10 23:20:19', '2017-12-10 23:20:19', 'b8c5853d-2b6b-4ba9-88ae-4af7d6032eb9'),
 ('19', '19', 'en_gb', 'Olivia Smaghe', '<p>Curabitur blandit tempus porttitor. Morbi leo risus, porta ac consectetur ac, vestibulum at eros. Vestibulum id ligula porta felis euismod semper. Morbi leo risus, porta ac consectetur ac, vestibulum at eros. Fusce dapibus, tellus ac cursus commodo, tortor mauris condimentum nibh, ut fermentum massa justo sit amet risus. Donec ullamcorper nulla non metus auctor fringilla.</p>', '2017-12-10 23:25:16', '2017-12-10 23:25:16', 'b36c7bb0-4757-4f5c-960f-3d88b930b480'),
 ('20', '20', 'en_gb', 'Felix Papalardi', '<p>Nulla vitae elit libero, a pharetra augue. Donec sed odio dui. Donec id elit non mi porta gravida at eget metus. Aenean eu leo quam. Pellentesque ornare sem lacinia quam venenatis vestibulum. Cum sociis natoque penatibus et magnis dis parturient montes, nascetur ridiculus mus. Vestibulum id ligula porta felis euismod semper. Fusce dapibus, tellus ac cursus commodo, tortor mauris condimentum nibh, ut fermentum massa justo sit amet risus.</p>\n<p>Cum sociis natoque penatibus et magnis dis parturient montes, nascetur ridiculus mus. Cras justo odio, dapibus ac facilisis in, egestas eget quam. Etiam porta sem malesuada magna mollis euismod. Vivamus sagittis lacus vel augue laoreet rutrum faucibus dolor auctor. Cum sociis natoque penatibus et magnis dis parturient montes, nascetur ridiculus mus. Integer posuere erat a ante venenatis dapibus posuere velit aliquet. Donec sed odio dui.</p>', '2017-12-10 23:25:38', '2017-12-10 23:25:38', 'ae4fad46-69e5-40b9-9fc8-d1bcf62af0d9'),
 ('21', '21', 'en_gb', 'Jenna Clapton', '<p>Cras mattis consectetur purus sit amet fermentum. Cum sociis natoque penatibus et magnis dis parturient montes, nascetur ridiculus mus. Morbi leo risus, porta ac consectetur ac, vestibulum at eros. Morbi leo risus, porta ac consectetur ac, vestibulum at eros.</p>\n<p>Etiam porta sem malesuada magna mollis euismod. Nullam id dolor id nibh ultricies vehicula ut id elit. Sed posuere consectetur est at lobortis. Integer posuere erat a ante venenatis dapibus posuere velit aliquet. Etiam porta sem malesuada magna mollis euismod. Maecenas faucibus mollis interdum.</p>\n<p>Aenean eu leo quam. Pellentesque ornare sem lacinia quam venenatis vestibulum. Cras justo odio, dapibus ac facilisis in, egestas eget quam. Cras justo odio, dapibus ac facilisis in, egestas eget quam. Vivamus sagittis lacus vel augue laoreet rutrum faucibus dolor auctor. Nullam quis risus eget urna mollis ornare vel eu leo. Cras mattis consectetur purus sit amet fermentum. Cras justo odio, dapibus ac facilisis in, egestas eget quam.</p>', '2017-12-10 23:26:01', '2017-12-10 23:27:42', 'd25ccdaf-940a-4f46-ae3a-a45f85bb2f8d'),
 ('22', '22', 'en_gb', 'Jaykee the Magician', '<p>Donec sed odio dui. Aenean lacinia bibendum nulla sed consectetur. Sed posuere consectetur est at lobortis. Nullam quis risus eget urna mollis ornare vel eu leo.</p>\n<p>Etiam porta sem malesuada magna mollis euismod. Cum sociis natoque penatibus et magnis dis parturient montes, nascetur ridiculus mus. Vestibulum id ligula porta felis euismod semper. Curabitur blandit tempus porttitor. Maecenas faucibus mollis interdum. Nullam id dolor id nibh ultricies vehicula ut id elit. Donec ullamcorper nulla non metus auctor fringilla.</p>\n<p>Cras mattis consectetur purus sit amet fermentum. Aenean eu leo quam. Pellentesque ornare sem lacinia quam venenatis vestibulum. Cum sociis natoque penatibus et magnis dis parturient montes, nascetur ridiculus mus. Praesent commodo cursus magna, vel scelerisque nisl consectetur et. Maecenas sed diam eget risus varius blandit sit amet non magna. Curabitur blandit tempus porttitor. Maecenas faucibus mollis interdum.</p>', '2017-12-10 23:26:26', '2017-12-10 23:27:52', '8246dc63-7de4-4aa9-a13f-574a2e78b516'),
 ('23', '23', 'en_gb', 'Micheal Vonck', '<p>Nulla vitae elit libero, a pharetra augue. Nullam quis risus eget urna mollis ornare vel eu leo. Nulla vitae elit libero, a pharetra augue. Lorem ipsum dolor sit amet, consectetur adipiscing elit. Maecenas sed diam eget risus varius blandit sit amet non magna. Nulla vitae elit libero, a pharetra augue.</p>\n<p>Donec ullamcorper nulla non metus auctor fringilla. Donec id elit non mi porta gravida at eget metus. Sed posuere consectetur est at lobortis. Cras justo odio, dapibus ac facilisis in, egestas eget quam.</p>\n<p>Cras mattis consectetur purus sit amet fermentum. Nulla vitae elit libero, a pharetra augue. Fusce dapibus, tellus ac cursus commodo, tortor mauris condimentum nibh, ut fermentum massa justo sit amet risus. Fusce dapibus, tellus ac cursus commodo, tortor mauris condimentum nibh, ut fermentum massa justo sit amet risus. Maecenas faucibus mollis interdum.</p>', '2017-12-10 23:26:43', '2017-12-10 23:28:16', '43e9f194-c01f-4b94-bc55-11fa86c3fb63');



DROP TABLE IF EXISTS `craft_deprecationerrors`;


--
-- Schema for table `craft_deprecationerrors`
--
CREATE TABLE `craft_deprecationerrors` (
  `id` int(11) NOT NULL AUTO_INCREMENT,
  `key` varchar(255) COLLATE utf8_unicode_ci NOT NULL,
  `fingerprint` varchar(255) COLLATE utf8_unicode_ci NOT NULL,
  `lastOccurrence` datetime NOT NULL,
  `file` varchar(255) COLLATE utf8_unicode_ci NOT NULL,
  `line` smallint(6) unsigned NOT NULL,
  `class` varchar(255) COLLATE utf8_unicode_ci DEFAULT NULL,
  `method` varchar(255) COLLATE utf8_unicode_ci DEFAULT NULL,
  `template` varchar(255) COLLATE utf8_unicode_ci DEFAULT NULL,
  `templateLine` smallint(6) unsigned DEFAULT NULL,
  `message` varchar(255) COLLATE utf8_unicode_ci DEFAULT NULL,
  `traces` text COLLATE utf8_unicode_ci,
  `dateCreated` datetime NOT NULL,
  `dateUpdated` datetime NOT NULL,
  `uid` char(36) COLLATE utf8_unicode_ci NOT NULL DEFAULT '0',
  PRIMARY KEY (`id`),
  UNIQUE KEY `craft_deprecationerrors_key_fingerprint_unq_idx` (`key`,`fingerprint`)
) ENGINE=InnoDB AUTO_INCREMENT=3 DEFAULT CHARSET=utf8 COLLATE=utf8_unicode_ci;

--
-- Data for table `craft_deprecationerrors`
--

INSERT INTO `craft_deprecationerrors` (`id`, `key`, `fingerprint`, `lastOccurrence`, `file`, `line`, `class`, `method`, `template`, `templateLine`, `message`, `traces`, `dateCreated`, `dateUpdated`, `uid`) VALUES
 ('1', 'BaseElementModel::getChildren()_for_relations', '/Users/garethjohns/Documents/Development/classof2018.vice.com/craft/templates/members/_entry.html:24', '2017-12-11 00:00:46', '/Users/garethjohns/Documents/Development/classof2018.vice.com/craft/app/models/BaseElementModel.php', '534', 'Craft\\BaseElementModel', 'getChildren', '/Users/garethjohns/Documents/Development/classof2018.vice.com/craft/templates/members/_entry.html', '24', 'Calling getChildren() to fetch an element’s target relations has been deprecated. Use the <a href=\"http://craftcms.com/docs/relations#the-relatedTo-param\">relatedTo</a> param instead.', '[{\"objectClass\":\"Craft\\\\DeprecatorService\",\"file\":\"\\/Users\\/garethjohns\\/Documents\\/Development\\/classof2018.vice.com\\/craft\\/app\\/models\\/BaseElementModel.php\",\"line\":534,\"class\":\"Craft\\\\DeprecatorService\",\"method\":\"log\",\"args\":\"\\\"BaseElementModel::getChildren()_for_relations\\\", \\\"Calling getChildren() to fetch an element\\u2019s target relations h...\\\"\"},{\"objectClass\":\"Craft\\\\EntryModel\",\"file\":\"\\/Users\\/garethjohns\\/Documents\\/Development\\/classof2018.vice.com\\/craft\\/app\\/vendor\\/twig\\/twig\\/lib\\/Twig\\/Template.php\",\"line\":686,\"class\":\"Craft\\\\BaseElementModel\",\"method\":\"getChildren\",\"args\":null},{\"objectClass\":\"__TwigTemplate_508b4b96681a1c99866eecb8a3e71b391971bb2d61f40020ffdf83488fe47a16\",\"file\":\"\\/Users\\/garethjohns\\/Documents\\/Development\\/classof2018.vice.com\\/craft\\/app\\/etc\\/templating\\/BaseTemplate.php\",\"line\":64,\"class\":\"Twig_Template\",\"method\":\"getAttribute\",\"args\":\"Craft\\\\EntryModel, \\\"getChildren\\\", array(), \\\"method\\\"\"},{\"objectClass\":\"__TwigTemplate_508b4b96681a1c99866eecb8a3e71b391971bb2d61f40020ffdf83488fe47a16\",\"file\":\"\\/Users\\/garethjohns\\/Documents\\/Development\\/classof2018.vice.com\\/craft\\/storage\\/runtime\\/compiled_templates\\/50\\/50b973c579190762ffd8fba22e9ff0d52c7bce795540488d3bb4d9086d71fbaa.php\",\"line\":44,\"class\":\"Craft\\\\BaseTemplate\",\"method\":\"getAttribute\",\"args\":\"Craft\\\\EntryModel, \\\"getChildren\\\", array(), \\\"method\\\"\",\"template\":\"members\\/_entry\",\"templateLine\":24},{\"objectClass\":\"__TwigTemplate_508b4b96681a1c99866eecb8a3e71b391971bb2d61f40020ffdf83488fe47a16\",\"file\":\"\\/Users\\/garethjohns\\/Documents\\/Development\\/classof2018.vice.com\\/craft\\/app\\/vendor\\/twig\\/twig\\/lib\\/Twig\\/Template.php\",\"line\":215,\"class\":\"__TwigTemplate_508b4b96681a1c99866eecb8a3e71b391971bb2d61f40020ffdf83488fe47a16\",\"method\":\"block_main\",\"args\":\"array(\\\"entry\\\" => Craft\\\\EntryModel, \\\"user\\\" => null, \\\"currentUser\\\" => null, \\\"craft\\\" => Craft\\\\CraftVariable), array(\\\"head\\\" => array(__TwigTemplate_4afadf2659bd1f66e8a43b11d976aa31cbaba906ced1f21aeb4ab2409854b99b, \\\"block_head\\\"), \\\"body\\\" => array(__TwigTemplate_e546d09893a5c89f196aeee8a6ed51d8957b9682d65d5eda02a74bd79ea77f85, \\\"block_body\\\"), \\\"foot\\\" => array(__TwigTemplate_4afadf2659bd1f66e8a43b11d976aa31cbaba906ced1f21aeb4ab2409854b99b, \\\"block_foot\\\"), \\\"main\\\" => array(__TwigTemplate_508b4b96681a1c99866eecb8a3e71b391971bb2d61f40020ffdf83488fe47a16, \\\"block_main\\\"))\"},{\"objectClass\":\"__TwigTemplate_e546d09893a5c89f196aeee8a6ed51d8957b9682d65d5eda02a74bd79ea77f85\",\"file\":\"\\/Users\\/garethjohns\\/Documents\\/Development\\/classof2018.vice.com\\/craft\\/storage\\/runtime\\/compiled_templates\\/86\\/86b878d92a755c23c7e9146a6a502bbfd5e52c3f12ffe2c6fd17a4cff1ad5b2a.php\",\"line\":60,\"class\":\"Twig_Template\",\"method\":\"displayBlock\",\"args\":\"\\\"main\\\", array(\\\"entry\\\" => Craft\\\\EntryModel, \\\"user\\\" => null, \\\"currentUser\\\" => null, \\\"craft\\\" => Craft\\\\CraftVariable), array(\\\"head\\\" => array(__TwigTemplate_4afadf2659bd1f66e8a43b11d976aa31cbaba906ced1f21aeb4ab2409854b99b, \\\"block_head\\\"), \\\"body\\\" => array(__TwigTemplate_e546d09893a5c89f196aeee8a6ed51d8957b9682d65d5eda02a74bd79ea77f85, \\\"block_body\\\"), \\\"foot\\\" => array(__TwigTemplate_4afadf2659bd1f66e8a43b11d976aa31cbaba906ced1f21aeb4ab2409854b99b, \\\"block_foot\\\"), \\\"main\\\" => array(__TwigTemplate_508b4b96681a1c99866eecb8a3e71b391971bb2d61f40020ffdf83488fe47a16, \\\"block_main\\\"))\",\"template\":\"_layouts\\/site\",\"templateLine\":38},{\"objectClass\":\"__TwigTemplate_e546d09893a5c89f196aeee8a6ed51d8957b9682d65d5eda02a74bd79ea77f85\",\"file\":\"\\/Users\\/garethjohns\\/Documents\\/Development\\/classof2018.vice.com\\/craft\\/app\\/vendor\\/twig\\/twig\\/lib\\/Twig\\/Template.php\",\"line\":215,\"class\":\"__TwigTemplate_e546d09893a5c89f196aeee8a6ed51d8957b9682d65d5eda02a74bd79ea77f85\",\"method\":\"block_body\",\"args\":\"array(\\\"entry\\\" => Craft\\\\EntryModel, \\\"user\\\" => null, \\\"currentUser\\\" => null, \\\"craft\\\" => Craft\\\\CraftVariable), array(\\\"head\\\" => array(__TwigTemplate_4afadf2659bd1f66e8a43b11d976aa31cbaba906ced1f21aeb4ab2409854b99b, \\\"block_head\\\"), \\\"body\\\" => array(__TwigTemplate_e546d09893a5c89f196aeee8a6ed51d8957b9682d65d5eda02a74bd79ea77f85, \\\"block_body\\\"), \\\"foot\\\" => array(__TwigTemplate_4afadf2659bd1f66e8a43b11d976aa31cbaba906ced1f21aeb4ab2409854b99b, \\\"block_foot\\\"), \\\"main\\\" => array(__TwigTemplate_508b4b96681a1c99866eecb8a3e71b391971bb2d61f40020ffdf83488fe47a16, \\\"block_main\\\"))\"},{\"objectClass\":\"__TwigTemplate_4afadf2659bd1f66e8a43b11d976aa31cbaba906ced1f21aeb4ab2409854b99b\",\"file\":\"\\/Users\\/garethjohns\\/Documents\\/Development\\/classof2018.vice.com\\/craft\\/storage\\/runtime\\/compiled_templates\\/59\\/59c72f64e618927d78846ff1f4a3a76c252e65dc2d9b1d5a58e251cc137f9d1b.php\",\"line\":40,\"class\":\"Twig_Template\",\"method\":\"displayBlock\",\"args\":\"\\\"body\\\", array(\\\"entry\\\" => Craft\\\\EntryModel, \\\"user\\\" => null, \\\"currentUser\\\" => null, \\\"craft\\\" => Craft\\\\CraftVariable), array(\\\"head\\\" => array(__TwigTemplate_4afadf2659bd1f66e8a43b11d976aa31cbaba906ced1f21aeb4ab2409854b99b, \\\"block_head\\\"), \\\"body\\\" => array(__TwigTemplate_e546d09893a5c89f196aeee8a6ed51d8957b9682d65d5eda02a74bd79ea77f85, \\\"block_body\\\"), \\\"foot\\\" => array(__TwigTemplate_4afadf2659bd1f66e8a43b11d976aa31cbaba906ced1f21aeb4ab2409854b99b, \\\"block_foot\\\"), \\\"main\\\" => array(__TwigTemplate_508b4b96681a1c99866eecb8a3e71b391971bb2d61f40020ffdf83488fe47a16, \\\"block_main\\\"))\",\"template\":\"_layouts\\/base\",\"templateLine\":64},{\"objectClass\":\"__TwigTemplate_4afadf2659bd1f66e8a43b11d976aa31cbaba906ced1f21aeb4ab2409854b99b\",\"file\":\"\\/Users\\/garethjohns\\/Documents\\/Development\\/classof2018.vice.com\\/craft\\/app\\/vendor\\/twig\\/twig\\/lib\\/Twig\\/Template.php\",\"line\":432,\"class\":\"__TwigTemplate_4afadf2659bd1f66e8a43b11d976aa31cbaba906ced1f21aeb4ab2409854b99b\",\"method\":\"doDisplay\",\"args\":\"array(\\\"entry\\\" => Craft\\\\EntryModel, \\\"user\\\" => null, \\\"currentUser\\\" => null, \\\"craft\\\" => Craft\\\\CraftVariable), array(\\\"head\\\" => array(__TwigTemplate_4afadf2659bd1f66e8a43b11d976aa31cbaba906ced1f21aeb4ab2409854b99b, \\\"block_head\\\"), \\\"body\\\" => array(__TwigTemplate_e546d09893a5c89f196aeee8a6ed51d8957b9682d65d5eda02a74bd79ea77f85, \\\"block_body\\\"), \\\"foot\\\" => array(__TwigTemplate_4afadf2659bd1f66e8a43b11d976aa31cbaba906ced1f21aeb4ab2409854b99b, \\\"block_foot\\\"), \\\"main\\\" => array(__TwigTemplate_508b4b96681a1c99866eecb8a3e71b391971bb2d61f40020ffdf83488fe47a16, \\\"block_main\\\"))\"},{\"objectClass\":\"__TwigTemplate_4afadf2659bd1f66e8a43b11d976aa31cbaba906ced1f21aeb4ab2409854b99b\",\"file\":\"\\/Users\\/garethjohns\\/Documents\\/Development\\/classof2018.vice.com\\/craft\\/app\\/etc\\/templating\\/BaseTemplate.php\",\"line\":26,\"class\":\"Twig_Template\",\"method\":\"displayWithErrorHandling\",\"args\":\"array(\\\"entry\\\" => Craft\\\\EntryModel, \\\"user\\\" => null, \\\"currentUser\\\" => null, \\\"craft\\\" => Craft\\\\CraftVariable), array(\\\"head\\\" => array(__TwigTemplate_4afadf2659bd1f66e8a43b11d976aa31cbaba906ced1f21aeb4ab2409854b99b, \\\"block_head\\\"), \\\"body\\\" => array(__TwigTemplate_e546d09893a5c89f196aeee8a6ed51d8957b9682d65d5eda02a74bd79ea77f85, \\\"block_body\\\"), \\\"foot\\\" => array(__TwigTemplate_4afadf2659bd1f66e8a43b11d976aa31cbaba906ced1f21aeb4ab2409854b99b, \\\"block_foot\\\"), \\\"main\\\" => array(__TwigTemplate_508b4b96681a1c99866eecb8a3e71b391971bb2d61f40020ffdf83488fe47a16, \\\"block_main\\\"))\"},{\"objectClass\":\"__TwigTemplate_4afadf2659bd1f66e8a43b11d976aa31cbaba906ced1f21aeb4ab2409854b99b\",\"file\":\"\\/Users\\/garethjohns\\/Documents\\/Development\\/classof2018.vice.com\\/craft\\/app\\/vendor\\/twig\\/twig\\/lib\\/Twig\\/Template.php\",\"line\":403,\"class\":\"Craft\\\\BaseTemplate\",\"method\":\"displayWithErrorHandling\",\"args\":\"array(\\\"entry\\\" => Craft\\\\EntryModel, \\\"user\\\" => null, \\\"currentUser\\\" => null, \\\"craft\\\" => Craft\\\\CraftVariable), array(\\\"head\\\" => array(__TwigTemplate_4afadf2659bd1f66e8a43b11d976aa31cbaba906ced1f21aeb4ab2409854b99b, \\\"block_head\\\"), \\\"body\\\" => array(__TwigTemplate_e546d09893a5c89f196aeee8a6ed51d8957b9682d65d5eda02a74bd79ea77f85, \\\"block_body\\\"), \\\"foot\\\" => array(__TwigTemplate_4afadf2659bd1f66e8a43b11d976aa31cbaba906ced1f21aeb4ab2409854b99b, \\\"block_foot\\\"), \\\"main\\\" => array(__TwigTemplate_508b4b96681a1c99866eecb8a3e71b391971bb2d61f40020ffdf83488fe47a16, \\\"block_main\\\"))\"},{\"objectClass\":\"__TwigTemplate_4afadf2659bd1f66e8a43b11d976aa31cbaba906ced1f21aeb4ab2409854b99b\",\"file\":\"\\/Users\\/garethjohns\\/Documents\\/Development\\/classof2018.vice.com\\/craft\\/storage\\/runtime\\/compiled_templates\\/86\\/86b878d92a755c23c7e9146a6a502bbfd5e52c3f12ffe2c6fd17a4cff1ad5b2a.php\",\"line\":42,\"class\":\"Twig_Template\",\"method\":\"display\",\"args\":\"array(\\\"entry\\\" => Craft\\\\EntryModel, \\\"user\\\" => null, \\\"currentUser\\\" => null, \\\"craft\\\" => Craft\\\\CraftVariable), array(\\\"body\\\" => array(__TwigTemplate_e546d09893a5c89f196aeee8a6ed51d8957b9682d65d5eda02a74bd79ea77f85, \\\"block_body\\\"), \\\"main\\\" => array(__TwigTemplate_508b4b96681a1c99866eecb8a3e71b391971bb2d61f40020ffdf83488fe47a16, \\\"block_main\\\"))\",\"template\":\"_layouts\\/base\",\"templateLine\":65},{\"objectClass\":\"__TwigTemplate_e546d09893a5c89f196aeee8a6ed51d8957b9682d65d5eda02a74bd79ea77f85\",\"file\":\"\\/Users\\/garethjohns\\/Documents\\/Development\\/classof2018.vice.com\\/craft\\/app\\/vendor\\/twig\\/twig\\/lib\\/Twig\\/Template.php\",\"line\":432,\"class\":\"__TwigTemplate_e546d09893a5c89f196aeee8a6ed51d8957b9682d65d5eda02a74bd79ea77f85\",\"method\":\"doDisplay\",\"args\":\"array(\\\"entry\\\" => Craft\\\\EntryModel, \\\"user\\\" => null, \\\"currentUser\\\" => null, \\\"craft\\\" => Craft\\\\CraftVariable), array(\\\"body\\\" => array(__TwigTemplate_e546d09893a5c89f196aeee8a6ed51d8957b9682d65d5eda02a74bd79ea77f85, \\\"block_body\\\"), \\\"main\\\" => array(__TwigTemplate_508b4b96681a1c99866eecb8a3e71b391971bb2d61f40020ffdf83488fe47a16, \\\"block_main\\\"))\"},{\"objectClass\":\"__TwigTemplate_e546d09893a5c89f196aeee8a6ed51d8957b9682d65d5eda02a74bd79ea77f85\",\"file\":\"\\/Users\\/garethjohns\\/Documents\\/Development\\/classof2018.vice.com\\/craft\\/app\\/etc\\/templating\\/BaseTemplate.php\",\"line\":26,\"class\":\"Twig_Template\",\"method\":\"displayWithErrorHandling\",\"args\":\"array(\\\"entry\\\" => Craft\\\\EntryModel, \\\"user\\\" => null, \\\"currentUser\\\" => null, \\\"craft\\\" => Craft\\\\CraftVariable), array(\\\"body\\\" => array(__TwigTemplate_e546d09893a5c89f196aeee8a6ed51d8957b9682d65d5eda02a74bd79ea77f85, \\\"block_body\\\"), \\\"main\\\" => array(__TwigTemplate_508b4b96681a1c99866eecb8a3e71b391971bb2d61f40020ffdf83488fe47a16, \\\"block_main\\\"))\"},{\"objectClass\":\"__TwigTemplate_e546d09893a5c89f196aeee8a6ed51d8957b9682d65d5eda02a74bd79ea77f85\",\"file\":\"\\/Users\\/garethjohns\\/Documents\\/Development\\/classof2018.vice.com\\/craft\\/app\\/vendor\\/twig\\/twig\\/lib\\/Twig\\/Template.php\",\"line\":403,\"class\":\"Craft\\\\BaseTemplate\",\"method\":\"displayWithErrorHandling\",\"args\":\"array(\\\"entry\\\" => Craft\\\\EntryModel, \\\"user\\\" => null, \\\"currentUser\\\" => null, \\\"craft\\\" => Craft\\\\CraftVariable), array(\\\"body\\\" => array(__TwigTemplate_e546d09893a5c89f196aeee8a6ed51d8957b9682d65d5eda02a74bd79ea77f85, \\\"block_body\\\"), \\\"main\\\" => array(__TwigTemplate_508b4b96681a1c99866eecb8a3e71b391971bb2d61f40020ffdf83488fe47a16, \\\"block_main\\\"))\"},{\"objectClass\":\"__TwigTemplate_e546d09893a5c89f196aeee8a6ed51d8957b9682d65d5eda02a74bd79ea77f85\",\"file\":\"\\/Users\\/garethjohns\\/Documents\\/Development\\/classof2018.vice.com\\/craft\\/storage\\/runtime\\/compiled_templates\\/50\\/50b973c579190762ffd8fba22e9ff0d52c7bce795540488d3bb4d9086d71fbaa.php\",\"line\":27,\"class\":\"Twig_Template\",\"method\":\"display\",\"args\":\"array(\\\"entry\\\" => Craft\\\\EntryModel, \\\"user\\\" => null, \\\"currentUser\\\" => null, \\\"craft\\\" => Craft\\\\CraftVariable), array(\\\"main\\\" => array(__TwigTemplate_508b4b96681a1c99866eecb8a3e71b391971bb2d61f40020ffdf83488fe47a16, \\\"block_main\\\"))\",\"template\":\"_layouts\\/site\",\"templateLine\":21},{\"objectClass\":\"__TwigTemplate_508b4b96681a1c99866eecb8a3e71b391971bb2d61f40020ffdf83488fe47a16\",\"file\":\"\\/Users\\/garethjohns\\/Documents\\/Development\\/classof2018.vice.com\\/craft\\/app\\/vendor\\/twig\\/twig\\/lib\\/Twig\\/Template.php\",\"line\":432,\"class\":\"__TwigTemplate_508b4b96681a1c99866eecb8a3e71b391971bb2d61f40020ffdf83488fe47a16\",\"method\":\"doDisplay\",\"args\":\"array(\\\"entry\\\" => Craft\\\\EntryModel, \\\"user\\\" => null, \\\"currentUser\\\" => null, \\\"craft\\\" => Craft\\\\CraftVariable), array(\\\"main\\\" => array(__TwigTemplate_508b4b96681a1c99866eecb8a3e71b391971bb2d61f40020ffdf83488fe47a16, \\\"block_main\\\"))\"},{\"objectClass\":\"__TwigTemplate_508b4b96681a1c99866eecb8a3e71b391971bb2d61f40020ffdf83488fe47a16\",\"file\":\"\\/Users\\/garethjohns\\/Documents\\/Development\\/classof2018.vice.com\\/craft\\/app\\/etc\\/templating\\/BaseTemplate.php\",\"line\":26,\"class\":\"Twig_Template\",\"method\":\"displayWithErrorHandling\",\"args\":\"array(\\\"entry\\\" => Craft\\\\EntryModel, \\\"user\\\" => null, \\\"currentUser\\\" => null, \\\"craft\\\" => Craft\\\\CraftVariable), array(\\\"main\\\" => array(__TwigTemplate_508b4b96681a1c99866eecb8a3e71b391971bb2d61f40020ffdf83488fe47a16, \\\"block_main\\\"))\"},{\"objectClass\":\"__TwigTemplate_508b4b96681a1c99866eecb8a3e71b391971bb2d61f40020ffdf83488fe47a16\",\"file\":\"\\/Users\\/garethjohns\\/Documents\\/Development\\/classof2018.vice.com\\/craft\\/app\\/vendor\\/twig\\/twig\\/lib\\/Twig\\/Template.php\",\"line\":403,\"class\":\"Craft\\\\BaseTemplate\",\"method\":\"displayWithErrorHandling\",\"args\":\"array(\\\"entry\\\" => Craft\\\\EntryModel, \\\"user\\\" => null, \\\"currentUser\\\" => null, \\\"craft\\\" => Craft\\\\CraftVariable), array(\\\"main\\\" => array(__TwigTemplate_508b4b96681a1c99866eecb8a3e71b391971bb2d61f40020ffdf83488fe47a16, \\\"block_main\\\"))\"},{\"objectClass\":\"__TwigTemplate_508b4b96681a1c99866eecb8a3e71b391971bb2d61f40020ffdf83488fe47a16\",\"file\":\"\\/Users\\/garethjohns\\/Documents\\/Development\\/classof2018.vice.com\\/craft\\/app\\/vendor\\/twig\\/twig\\/lib\\/Twig\\/Template.php\",\"line\":411,\"class\":\"Twig_Template\",\"method\":\"display\",\"args\":\"array(\\\"entry\\\" => Craft\\\\EntryModel)\"},{\"objectClass\":\"__TwigTemplate_508b4b96681a1c99866eecb8a3e71b391971bb2d61f40020ffdf83488fe47a16\",\"file\":\"\\/Users\\/garethjohns\\/Documents\\/Development\\/classof2018.vice.com\\/craft\\/app\\/vendor\\/twig\\/twig\\/lib\\/Twig\\/Environment.php\",\"line\":362,\"class\":\"Twig_Template\",\"method\":\"render\",\"args\":\"array(\\\"entry\\\" => Craft\\\\EntryModel)\"},{\"objectClass\":\"Craft\\\\TwigEnvironment\",\"file\":\"\\/Users\\/garethjohns\\/Documents\\/Development\\/classof2018.vice.com\\/craft\\/app\\/services\\/TemplatesService.php\",\"line\":256,\"class\":\"Twig_Environment\",\"method\":\"render\",\"args\":\"\\\"members\\/_entry\\\", array(\\\"entry\\\" => Craft\\\\EntryModel)\"},{\"objectClass\":\"Craft\\\\TemplatesService\",\"file\":\"\\/Users\\/garethjohns\\/Documents\\/Development\\/classof2018.vice.com\\/craft\\/app\\/controllers\\/BaseController.php\",\"line\":74,\"class\":\"Craft\\\\TemplatesService\",\"method\":\"render\",\"args\":\"\\\"members\\/_entry\\\", array(\\\"entry\\\" => Craft\\\\EntryModel)\"},{\"objectClass\":\"Craft\\\\TemplatesController\",\"file\":\"\\/Users\\/garethjohns\\/Documents\\/Development\\/classof2018.vice.com\\/craft\\/app\\/controllers\\/TemplatesController.php\",\"line\":68,\"class\":\"Craft\\\\BaseController\",\"method\":\"renderTemplate\",\"args\":\"\\\"members\\/_entry\\\", array(\\\"entry\\\" => Craft\\\\EntryModel)\"},{\"objectClass\":\"Craft\\\\TemplatesController\",\"file\":null,\"line\":null,\"class\":\"Craft\\\\TemplatesController\",\"method\":\"actionRender\",\"args\":\"\\\"members\\/_entry\\\", array(\\\"entry\\\" => Craft\\\\EntryModel)\"},{\"objectClass\":\"ReflectionMethod\",\"file\":\"\\/Users\\/garethjohns\\/Documents\\/Development\\/classof2018.vice.com\\/craft\\/app\\/framework\\/web\\/actions\\/CAction.php\",\"line\":109,\"class\":\"ReflectionMethod\",\"method\":\"invokeArgs\",\"args\":\"Craft\\\\TemplatesController, array(\\\"members\\/_entry\\\", array(\\\"entry\\\" => Craft\\\\EntryModel))\"},{\"objectClass\":\"CInlineAction\",\"file\":\"\\/Users\\/garethjohns\\/Documents\\/Development\\/classof2018.vice.com\\/craft\\/app\\/framework\\/web\\/actions\\/CInlineAction.php\",\"line\":47,\"class\":\"CAction\",\"method\":\"runWithParamsInternal\",\"args\":\"Craft\\\\TemplatesController, ReflectionMethod, array(\\\"variables\\\" => array(\\\"entry\\\" => Craft\\\\EntryModel), \\\"template\\\" => \\\"members\\/_entry\\\")\"},{\"objectClass\":\"CInlineAction\",\"file\":\"\\/Users\\/garethjohns\\/Documents\\/Development\\/classof2018.vice.com\\/craft\\/app\\/framework\\/web\\/CController.php\",\"line\":308,\"class\":\"CInlineAction\",\"method\":\"runWithParams\",\"args\":\"array(\\\"variables\\\" => array(\\\"entry\\\" => Craft\\\\EntryModel), \\\"template\\\" => \\\"members\\/_entry\\\")\"},{\"objectClass\":\"Craft\\\\TemplatesController\",\"file\":\"\\/Users\\/garethjohns\\/Documents\\/Development\\/classof2018.vice.com\\/craft\\/app\\/framework\\/web\\/CController.php\",\"line\":286,\"class\":\"CController\",\"method\":\"runAction\",\"args\":\"CInlineAction\"},{\"objectClass\":\"Craft\\\\TemplatesController\",\"file\":\"\\/Users\\/garethjohns\\/Documents\\/Development\\/classof2018.vice.com\\/craft\\/app\\/framework\\/web\\/CController.php\",\"line\":265,\"class\":\"CController\",\"method\":\"runActionWithFilters\",\"args\":\"CInlineAction, array()\"},{\"objectClass\":\"Craft\\\\TemplatesController\",\"file\":\"\\/Users\\/garethjohns\\/Documents\\/Development\\/classof2018.vice.com\\/craft\\/app\\/framework\\/web\\/CWebApplication.php\",\"line\":282,\"class\":\"CController\",\"method\":\"run\",\"args\":\"\\\"render\\\"\"},{\"objectClass\":\"Craft\\\\WebApp\",\"file\":\"\\/Users\\/garethjohns\\/Documents\\/Development\\/classof2018.vice.com\\/craft\\/app\\/framework\\/web\\/CWebApplication.php\",\"line\":141,\"class\":\"CWebApplication\",\"method\":\"runController\",\"args\":\"\\\"templates\\/render\\\"\"},{\"objectClass\":\"Craft\\\\WebApp\",\"file\":\"\\/Users\\/garethjohns\\/Documents\\/Development\\/classof2018.vice.com\\/craft\\/app\\/etc\\/web\\/WebApp.php\",\"line\":290,\"class\":\"CWebApplication\",\"method\":\"processRequest\",\"args\":null},{\"objectClass\":\"Craft\\\\WebApp\",\"file\":\"\\/Users\\/garethjohns\\/Documents\\/Development\\/classof2018.vice.com\\/craft\\/app\\/framework\\/base\\/CApplication.php\",\"line\":185,\"class\":\"Craft\\\\WebApp\",\"method\":\"processRequest\",\"args\":null},{\"objectClass\":\"Craft\\\\WebApp\",\"file\":\"\\/Users\\/garethjohns\\/Documents\\/Development\\/classof2018.vice.com\\/craft\\/app\\/index.php\",\"line\":62,\"class\":\"CApplication\",\"method\":\"run\",\"args\":null},{\"objectClass\":null,\"file\":\"\\/Users\\/garethjohns\\/Documents\\/Development\\/classof2018.vice.com\\/public\\/index.php\",\"line\":19,\"class\":null,\"method\":\"require_once\",\"args\":\"\\\"\\/Users\\/garethjohns\\/Documents\\/Development\\/classof2018.vice.com\\/cr...\\\"\"}]', '2017-12-11 00:00:46', '2017-12-11 00:00:46', 'c998e44a-3516-43fc-8f5c-535dea132657'),
 ('2', 'element_old_relation_params', '/Users/garethjohns/Documents/Development/classof2018.vice.com/craft/templates/members/_entry.html:24', '2017-12-11 00:00:46', '/Users/garethjohns/Documents/Development/classof2018.vice.com/craft/app/services/ElementsService.php', '823', 'Craft\\ElementsService', 'buildElementsQuery', '/Users/garethjohns/Documents/Development/classof2018.vice.com/craft/templates/members/_entry.html', '24', 'The ‘childOf’, ‘childField’, ‘parentOf’, and ‘parentField’ element params have been deprecated. Use ‘relatedTo’ instead.', '[{\"objectClass\":\"Craft\\\\DeprecatorService\",\"file\":\"\\/Users\\/garethjohns\\/Documents\\/Development\\/classof2018.vice.com\\/craft\\/app\\/services\\/ElementsService.php\",\"line\":823,\"class\":\"Craft\\\\DeprecatorService\",\"method\":\"log\",\"args\":\"\\\"element_old_relation_params\\\", \\\"The \\u2018childOf\\u2019, \\u2018childField\\u2019, \\u2018parentOf\\u2019, and \\u2018pare...\\\"\"},{\"objectClass\":\"Craft\\\\ElementsService\",\"file\":\"\\/Users\\/garethjohns\\/Documents\\/Development\\/classof2018.vice.com\\/craft\\/app\\/services\\/ElementsService.php\",\"line\":540,\"class\":\"Craft\\\\ElementsService\",\"method\":\"buildElementsQuery\",\"args\":\"Craft\\\\ElementCriteriaModel, \\\"content\\\", array(array(\\\"handle\\\" => \\\"body\\\", \\\"column\\\" => \\\"field_body\\\")), true\"},{\"objectClass\":\"Craft\\\\ElementsService\",\"file\":\"\\/Users\\/garethjohns\\/Documents\\/Development\\/classof2018.vice.com\\/craft\\/app\\/models\\/ElementCriteriaModel.php\",\"line\":385,\"class\":\"Craft\\\\ElementsService\",\"method\":\"getTotalElements\",\"args\":\"Craft\\\\ElementCriteriaModel\"},{\"objectClass\":\"Craft\\\\ElementCriteriaModel\",\"file\":\"\\/Users\\/garethjohns\\/Documents\\/Development\\/classof2018.vice.com\\/craft\\/app\\/vendor\\/twig\\/twig\\/lib\\/Twig\\/Template.php\",\"line\":686,\"class\":\"Craft\\\\ElementCriteriaModel\",\"method\":\"total\",\"args\":null},{\"objectClass\":\"__TwigTemplate_508b4b96681a1c99866eecb8a3e71b391971bb2d61f40020ffdf83488fe47a16\",\"file\":\"\\/Users\\/garethjohns\\/Documents\\/Development\\/classof2018.vice.com\\/craft\\/app\\/etc\\/templating\\/BaseTemplate.php\",\"line\":64,\"class\":\"Twig_Template\",\"method\":\"getAttribute\",\"args\":\"Craft\\\\ElementCriteriaModel, \\\"total\\\", array(), \\\"method\\\"\"},{\"objectClass\":\"__TwigTemplate_508b4b96681a1c99866eecb8a3e71b391971bb2d61f40020ffdf83488fe47a16\",\"file\":\"\\/Users\\/garethjohns\\/Documents\\/Development\\/classof2018.vice.com\\/craft\\/storage\\/runtime\\/compiled_templates\\/50\\/50b973c579190762ffd8fba22e9ff0d52c7bce795540488d3bb4d9086d71fbaa.php\",\"line\":44,\"class\":\"Craft\\\\BaseTemplate\",\"method\":\"getAttribute\",\"args\":\"Craft\\\\ElementCriteriaModel, \\\"total\\\", array(), \\\"method\\\"\",\"template\":\"members\\/_entry\",\"templateLine\":24},{\"objectClass\":\"__TwigTemplate_508b4b96681a1c99866eecb8a3e71b391971bb2d61f40020ffdf83488fe47a16\",\"file\":\"\\/Users\\/garethjohns\\/Documents\\/Development\\/classof2018.vice.com\\/craft\\/app\\/vendor\\/twig\\/twig\\/lib\\/Twig\\/Template.php\",\"line\":215,\"class\":\"__TwigTemplate_508b4b96681a1c99866eecb8a3e71b391971bb2d61f40020ffdf83488fe47a16\",\"method\":\"block_main\",\"args\":\"array(\\\"entry\\\" => Craft\\\\EntryModel, \\\"user\\\" => null, \\\"currentUser\\\" => null, \\\"craft\\\" => Craft\\\\CraftVariable), array(\\\"head\\\" => array(__TwigTemplate_4afadf2659bd1f66e8a43b11d976aa31cbaba906ced1f21aeb4ab2409854b99b, \\\"block_head\\\"), \\\"body\\\" => array(__TwigTemplate_e546d09893a5c89f196aeee8a6ed51d8957b9682d65d5eda02a74bd79ea77f85, \\\"block_body\\\"), \\\"foot\\\" => array(__TwigTemplate_4afadf2659bd1f66e8a43b11d976aa31cbaba906ced1f21aeb4ab2409854b99b, \\\"block_foot\\\"), \\\"main\\\" => array(__TwigTemplate_508b4b96681a1c99866eecb8a3e71b391971bb2d61f40020ffdf83488fe47a16, \\\"block_main\\\"))\"},{\"objectClass\":\"__TwigTemplate_e546d09893a5c89f196aeee8a6ed51d8957b9682d65d5eda02a74bd79ea77f85\",\"file\":\"\\/Users\\/garethjohns\\/Documents\\/Development\\/classof2018.vice.com\\/craft\\/storage\\/runtime\\/compiled_templates\\/86\\/86b878d92a755c23c7e9146a6a502bbfd5e52c3f12ffe2c6fd17a4cff1ad5b2a.php\",\"line\":60,\"class\":\"Twig_Template\",\"method\":\"displayBlock\",\"args\":\"\\\"main\\\", array(\\\"entry\\\" => Craft\\\\EntryModel, \\\"user\\\" => null, \\\"currentUser\\\" => null, \\\"craft\\\" => Craft\\\\CraftVariable), array(\\\"head\\\" => array(__TwigTemplate_4afadf2659bd1f66e8a43b11d976aa31cbaba906ced1f21aeb4ab2409854b99b, \\\"block_head\\\"), \\\"body\\\" => array(__TwigTemplate_e546d09893a5c89f196aeee8a6ed51d8957b9682d65d5eda02a74bd79ea77f85, \\\"block_body\\\"), \\\"foot\\\" => array(__TwigTemplate_4afadf2659bd1f66e8a43b11d976aa31cbaba906ced1f21aeb4ab2409854b99b, \\\"block_foot\\\"), \\\"main\\\" => array(__TwigTemplate_508b4b96681a1c99866eecb8a3e71b391971bb2d61f40020ffdf83488fe47a16, \\\"block_main\\\"))\",\"template\":\"_layouts\\/site\",\"templateLine\":38},{\"objectClass\":\"__TwigTemplate_e546d09893a5c89f196aeee8a6ed51d8957b9682d65d5eda02a74bd79ea77f85\",\"file\":\"\\/Users\\/garethjohns\\/Documents\\/Development\\/classof2018.vice.com\\/craft\\/app\\/vendor\\/twig\\/twig\\/lib\\/Twig\\/Template.php\",\"line\":215,\"class\":\"__TwigTemplate_e546d09893a5c89f196aeee8a6ed51d8957b9682d65d5eda02a74bd79ea77f85\",\"method\":\"block_body\",\"args\":\"array(\\\"entry\\\" => Craft\\\\EntryModel, \\\"user\\\" => null, \\\"currentUser\\\" => null, \\\"craft\\\" => Craft\\\\CraftVariable), array(\\\"head\\\" => array(__TwigTemplate_4afadf2659bd1f66e8a43b11d976aa31cbaba906ced1f21aeb4ab2409854b99b, \\\"block_head\\\"), \\\"body\\\" => array(__TwigTemplate_e546d09893a5c89f196aeee8a6ed51d8957b9682d65d5eda02a74bd79ea77f85, \\\"block_body\\\"), \\\"foot\\\" => array(__TwigTemplate_4afadf2659bd1f66e8a43b11d976aa31cbaba906ced1f21aeb4ab2409854b99b, \\\"block_foot\\\"), \\\"main\\\" => array(__TwigTemplate_508b4b96681a1c99866eecb8a3e71b391971bb2d61f40020ffdf83488fe47a16, \\\"block_main\\\"))\"},{\"objectClass\":\"__TwigTemplate_4afadf2659bd1f66e8a43b11d976aa31cbaba906ced1f21aeb4ab2409854b99b\",\"file\":\"\\/Users\\/garethjohns\\/Documents\\/Development\\/classof2018.vice.com\\/craft\\/storage\\/runtime\\/compiled_templates\\/59\\/59c72f64e618927d78846ff1f4a3a76c252e65dc2d9b1d5a58e251cc137f9d1b.php\",\"line\":40,\"class\":\"Twig_Template\",\"method\":\"displayBlock\",\"args\":\"\\\"body\\\", array(\\\"entry\\\" => Craft\\\\EntryModel, \\\"user\\\" => null, \\\"currentUser\\\" => null, \\\"craft\\\" => Craft\\\\CraftVariable), array(\\\"head\\\" => array(__TwigTemplate_4afadf2659bd1f66e8a43b11d976aa31cbaba906ced1f21aeb4ab2409854b99b, \\\"block_head\\\"), \\\"body\\\" => array(__TwigTemplate_e546d09893a5c89f196aeee8a6ed51d8957b9682d65d5eda02a74bd79ea77f85, \\\"block_body\\\"), \\\"foot\\\" => array(__TwigTemplate_4afadf2659bd1f66e8a43b11d976aa31cbaba906ced1f21aeb4ab2409854b99b, \\\"block_foot\\\"), \\\"main\\\" => array(__TwigTemplate_508b4b96681a1c99866eecb8a3e71b391971bb2d61f40020ffdf83488fe47a16, \\\"block_main\\\"))\",\"template\":\"_layouts\\/base\",\"templateLine\":64},{\"objectClass\":\"__TwigTemplate_4afadf2659bd1f66e8a43b11d976aa31cbaba906ced1f21aeb4ab2409854b99b\",\"file\":\"\\/Users\\/garethjohns\\/Documents\\/Development\\/classof2018.vice.com\\/craft\\/app\\/vendor\\/twig\\/twig\\/lib\\/Twig\\/Template.php\",\"line\":432,\"class\":\"__TwigTemplate_4afadf2659bd1f66e8a43b11d976aa31cbaba906ced1f21aeb4ab2409854b99b\",\"method\":\"doDisplay\",\"args\":\"array(\\\"entry\\\" => Craft\\\\EntryModel, \\\"user\\\" => null, \\\"currentUser\\\" => null, \\\"craft\\\" => Craft\\\\CraftVariable), array(\\\"head\\\" => array(__TwigTemplate_4afadf2659bd1f66e8a43b11d976aa31cbaba906ced1f21aeb4ab2409854b99b, \\\"block_head\\\"), \\\"body\\\" => array(__TwigTemplate_e546d09893a5c89f196aeee8a6ed51d8957b9682d65d5eda02a74bd79ea77f85, \\\"block_body\\\"), \\\"foot\\\" => array(__TwigTemplate_4afadf2659bd1f66e8a43b11d976aa31cbaba906ced1f21aeb4ab2409854b99b, \\\"block_foot\\\"), \\\"main\\\" => array(__TwigTemplate_508b4b96681a1c99866eecb8a3e71b391971bb2d61f40020ffdf83488fe47a16, \\\"block_main\\\"))\"},{\"objectClass\":\"__TwigTemplate_4afadf2659bd1f66e8a43b11d976aa31cbaba906ced1f21aeb4ab2409854b99b\",\"file\":\"\\/Users\\/garethjohns\\/Documents\\/Development\\/classof2018.vice.com\\/craft\\/app\\/etc\\/templating\\/BaseTemplate.php\",\"line\":26,\"class\":\"Twig_Template\",\"method\":\"displayWithErrorHandling\",\"args\":\"array(\\\"entry\\\" => Craft\\\\EntryModel, \\\"user\\\" => null, \\\"currentUser\\\" => null, \\\"craft\\\" => Craft\\\\CraftVariable), array(\\\"head\\\" => array(__TwigTemplate_4afadf2659bd1f66e8a43b11d976aa31cbaba906ced1f21aeb4ab2409854b99b, \\\"block_head\\\"), \\\"body\\\" => array(__TwigTemplate_e546d09893a5c89f196aeee8a6ed51d8957b9682d65d5eda02a74bd79ea77f85, \\\"block_body\\\"), \\\"foot\\\" => array(__TwigTemplate_4afadf2659bd1f66e8a43b11d976aa31cbaba906ced1f21aeb4ab2409854b99b, \\\"block_foot\\\"), \\\"main\\\" => array(__TwigTemplate_508b4b96681a1c99866eecb8a3e71b391971bb2d61f40020ffdf83488fe47a16, \\\"block_main\\\"))\"},{\"objectClass\":\"__TwigTemplate_4afadf2659bd1f66e8a43b11d976aa31cbaba906ced1f21aeb4ab2409854b99b\",\"file\":\"\\/Users\\/garethjohns\\/Documents\\/Development\\/classof2018.vice.com\\/craft\\/app\\/vendor\\/twig\\/twig\\/lib\\/Twig\\/Template.php\",\"line\":403,\"class\":\"Craft\\\\BaseTemplate\",\"method\":\"displayWithErrorHandling\",\"args\":\"array(\\\"entry\\\" => Craft\\\\EntryModel, \\\"user\\\" => null, \\\"currentUser\\\" => null, \\\"craft\\\" => Craft\\\\CraftVariable), array(\\\"head\\\" => array(__TwigTemplate_4afadf2659bd1f66e8a43b11d976aa31cbaba906ced1f21aeb4ab2409854b99b, \\\"block_head\\\"), \\\"body\\\" => array(__TwigTemplate_e546d09893a5c89f196aeee8a6ed51d8957b9682d65d5eda02a74bd79ea77f85, \\\"block_body\\\"), \\\"foot\\\" => array(__TwigTemplate_4afadf2659bd1f66e8a43b11d976aa31cbaba906ced1f21aeb4ab2409854b99b, \\\"block_foot\\\"), \\\"main\\\" => array(__TwigTemplate_508b4b96681a1c99866eecb8a3e71b391971bb2d61f40020ffdf83488fe47a16, \\\"block_main\\\"))\"},{\"objectClass\":\"__TwigTemplate_4afadf2659bd1f66e8a43b11d976aa31cbaba906ced1f21aeb4ab2409854b99b\",\"file\":\"\\/Users\\/garethjohns\\/Documents\\/Development\\/classof2018.vice.com\\/craft\\/storage\\/runtime\\/compiled_templates\\/86\\/86b878d92a755c23c7e9146a6a502bbfd5e52c3f12ffe2c6fd17a4cff1ad5b2a.php\",\"line\":42,\"class\":\"Twig_Template\",\"method\":\"display\",\"args\":\"array(\\\"entry\\\" => Craft\\\\EntryModel, \\\"user\\\" => null, \\\"currentUser\\\" => null, \\\"craft\\\" => Craft\\\\CraftVariable), array(\\\"body\\\" => array(__TwigTemplate_e546d09893a5c89f196aeee8a6ed51d8957b9682d65d5eda02a74bd79ea77f85, \\\"block_body\\\"), \\\"main\\\" => array(__TwigTemplate_508b4b96681a1c99866eecb8a3e71b391971bb2d61f40020ffdf83488fe47a16, \\\"block_main\\\"))\",\"template\":\"_layouts\\/base\",\"templateLine\":65},{\"objectClass\":\"__TwigTemplate_e546d09893a5c89f196aeee8a6ed51d8957b9682d65d5eda02a74bd79ea77f85\",\"file\":\"\\/Users\\/garethjohns\\/Documents\\/Development\\/classof2018.vice.com\\/craft\\/app\\/vendor\\/twig\\/twig\\/lib\\/Twig\\/Template.php\",\"line\":432,\"class\":\"__TwigTemplate_e546d09893a5c89f196aeee8a6ed51d8957b9682d65d5eda02a74bd79ea77f85\",\"method\":\"doDisplay\",\"args\":\"array(\\\"entry\\\" => Craft\\\\EntryModel, \\\"user\\\" => null, \\\"currentUser\\\" => null, \\\"craft\\\" => Craft\\\\CraftVariable), array(\\\"body\\\" => array(__TwigTemplate_e546d09893a5c89f196aeee8a6ed51d8957b9682d65d5eda02a74bd79ea77f85, \\\"block_body\\\"), \\\"main\\\" => array(__TwigTemplate_508b4b96681a1c99866eecb8a3e71b391971bb2d61f40020ffdf83488fe47a16, \\\"block_main\\\"))\"},{\"objectClass\":\"__TwigTemplate_e546d09893a5c89f196aeee8a6ed51d8957b9682d65d5eda02a74bd79ea77f85\",\"file\":\"\\/Users\\/garethjohns\\/Documents\\/Development\\/classof2018.vice.com\\/craft\\/app\\/etc\\/templating\\/BaseTemplate.php\",\"line\":26,\"class\":\"Twig_Template\",\"method\":\"displayWithErrorHandling\",\"args\":\"array(\\\"entry\\\" => Craft\\\\EntryModel, \\\"user\\\" => null, \\\"currentUser\\\" => null, \\\"craft\\\" => Craft\\\\CraftVariable), array(\\\"body\\\" => array(__TwigTemplate_e546d09893a5c89f196aeee8a6ed51d8957b9682d65d5eda02a74bd79ea77f85, \\\"block_body\\\"), \\\"main\\\" => array(__TwigTemplate_508b4b96681a1c99866eecb8a3e71b391971bb2d61f40020ffdf83488fe47a16, \\\"block_main\\\"))\"},{\"objectClass\":\"__TwigTemplate_e546d09893a5c89f196aeee8a6ed51d8957b9682d65d5eda02a74bd79ea77f85\",\"file\":\"\\/Users\\/garethjohns\\/Documents\\/Development\\/classof2018.vice.com\\/craft\\/app\\/vendor\\/twig\\/twig\\/lib\\/Twig\\/Template.php\",\"line\":403,\"class\":\"Craft\\\\BaseTemplate\",\"method\":\"displayWithErrorHandling\",\"args\":\"array(\\\"entry\\\" => Craft\\\\EntryModel, \\\"user\\\" => null, \\\"currentUser\\\" => null, \\\"craft\\\" => Craft\\\\CraftVariable), array(\\\"body\\\" => array(__TwigTemplate_e546d09893a5c89f196aeee8a6ed51d8957b9682d65d5eda02a74bd79ea77f85, \\\"block_body\\\"), \\\"main\\\" => array(__TwigTemplate_508b4b96681a1c99866eecb8a3e71b391971bb2d61f40020ffdf83488fe47a16, \\\"block_main\\\"))\"},{\"objectClass\":\"__TwigTemplate_e546d09893a5c89f196aeee8a6ed51d8957b9682d65d5eda02a74bd79ea77f85\",\"file\":\"\\/Users\\/garethjohns\\/Documents\\/Development\\/classof2018.vice.com\\/craft\\/storage\\/runtime\\/compiled_templates\\/50\\/50b973c579190762ffd8fba22e9ff0d52c7bce795540488d3bb4d9086d71fbaa.php\",\"line\":27,\"class\":\"Twig_Template\",\"method\":\"display\",\"args\":\"array(\\\"entry\\\" => Craft\\\\EntryModel, \\\"user\\\" => null, \\\"currentUser\\\" => null, \\\"craft\\\" => Craft\\\\CraftVariable), array(\\\"main\\\" => array(__TwigTemplate_508b4b96681a1c99866eecb8a3e71b391971bb2d61f40020ffdf83488fe47a16, \\\"block_main\\\"))\",\"template\":\"_layouts\\/site\",\"templateLine\":21},{\"objectClass\":\"__TwigTemplate_508b4b96681a1c99866eecb8a3e71b391971bb2d61f40020ffdf83488fe47a16\",\"file\":\"\\/Users\\/garethjohns\\/Documents\\/Development\\/classof2018.vice.com\\/craft\\/app\\/vendor\\/twig\\/twig\\/lib\\/Twig\\/Template.php\",\"line\":432,\"class\":\"__TwigTemplate_508b4b96681a1c99866eecb8a3e71b391971bb2d61f40020ffdf83488fe47a16\",\"method\":\"doDisplay\",\"args\":\"array(\\\"entry\\\" => Craft\\\\EntryModel, \\\"user\\\" => null, \\\"currentUser\\\" => null, \\\"craft\\\" => Craft\\\\CraftVariable), array(\\\"main\\\" => array(__TwigTemplate_508b4b96681a1c99866eecb8a3e71b391971bb2d61f40020ffdf83488fe47a16, \\\"block_main\\\"))\"},{\"objectClass\":\"__TwigTemplate_508b4b96681a1c99866eecb8a3e71b391971bb2d61f40020ffdf83488fe47a16\",\"file\":\"\\/Users\\/garethjohns\\/Documents\\/Development\\/classof2018.vice.com\\/craft\\/app\\/etc\\/templating\\/BaseTemplate.php\",\"line\":26,\"class\":\"Twig_Template\",\"method\":\"displayWithErrorHandling\",\"args\":\"array(\\\"entry\\\" => Craft\\\\EntryModel, \\\"user\\\" => null, \\\"currentUser\\\" => null, \\\"craft\\\" => Craft\\\\CraftVariable), array(\\\"main\\\" => array(__TwigTemplate_508b4b96681a1c99866eecb8a3e71b391971bb2d61f40020ffdf83488fe47a16, \\\"block_main\\\"))\"},{\"objectClass\":\"__TwigTemplate_508b4b96681a1c99866eecb8a3e71b391971bb2d61f40020ffdf83488fe47a16\",\"file\":\"\\/Users\\/garethjohns\\/Documents\\/Development\\/classof2018.vice.com\\/craft\\/app\\/vendor\\/twig\\/twig\\/lib\\/Twig\\/Template.php\",\"line\":403,\"class\":\"Craft\\\\BaseTemplate\",\"method\":\"displayWithErrorHandling\",\"args\":\"array(\\\"entry\\\" => Craft\\\\EntryModel, \\\"user\\\" => null, \\\"currentUser\\\" => null, \\\"craft\\\" => Craft\\\\CraftVariable), array(\\\"main\\\" => array(__TwigTemplate_508b4b96681a1c99866eecb8a3e71b391971bb2d61f40020ffdf83488fe47a16, \\\"block_main\\\"))\"},{\"objectClass\":\"__TwigTemplate_508b4b96681a1c99866eecb8a3e71b391971bb2d61f40020ffdf83488fe47a16\",\"file\":\"\\/Users\\/garethjohns\\/Documents\\/Development\\/classof2018.vice.com\\/craft\\/app\\/vendor\\/twig\\/twig\\/lib\\/Twig\\/Template.php\",\"line\":411,\"class\":\"Twig_Template\",\"method\":\"display\",\"args\":\"array(\\\"entry\\\" => Craft\\\\EntryModel)\"},{\"objectClass\":\"__TwigTemplate_508b4b96681a1c99866eecb8a3e71b391971bb2d61f40020ffdf83488fe47a16\",\"file\":\"\\/Users\\/garethjohns\\/Documents\\/Development\\/classof2018.vice.com\\/craft\\/app\\/vendor\\/twig\\/twig\\/lib\\/Twig\\/Environment.php\",\"line\":362,\"class\":\"Twig_Template\",\"method\":\"render\",\"args\":\"array(\\\"entry\\\" => Craft\\\\EntryModel)\"},{\"objectClass\":\"Craft\\\\TwigEnvironment\",\"file\":\"\\/Users\\/garethjohns\\/Documents\\/Development\\/classof2018.vice.com\\/craft\\/app\\/services\\/TemplatesService.php\",\"line\":256,\"class\":\"Twig_Environment\",\"method\":\"render\",\"args\":\"\\\"members\\/_entry\\\", array(\\\"entry\\\" => Craft\\\\EntryModel)\"},{\"objectClass\":\"Craft\\\\TemplatesService\",\"file\":\"\\/Users\\/garethjohns\\/Documents\\/Development\\/classof2018.vice.com\\/craft\\/app\\/controllers\\/BaseController.php\",\"line\":74,\"class\":\"Craft\\\\TemplatesService\",\"method\":\"render\",\"args\":\"\\\"members\\/_entry\\\", array(\\\"entry\\\" => Craft\\\\EntryModel)\"},{\"objectClass\":\"Craft\\\\TemplatesController\",\"file\":\"\\/Users\\/garethjohns\\/Documents\\/Development\\/classof2018.vice.com\\/craft\\/app\\/controllers\\/TemplatesController.php\",\"line\":68,\"class\":\"Craft\\\\BaseController\",\"method\":\"renderTemplate\",\"args\":\"\\\"members\\/_entry\\\", array(\\\"entry\\\" => Craft\\\\EntryModel)\"},{\"objectClass\":\"Craft\\\\TemplatesController\",\"file\":null,\"line\":null,\"class\":\"Craft\\\\TemplatesController\",\"method\":\"actionRender\",\"args\":\"\\\"members\\/_entry\\\", array(\\\"entry\\\" => Craft\\\\EntryModel)\"},{\"objectClass\":\"ReflectionMethod\",\"file\":\"\\/Users\\/garethjohns\\/Documents\\/Development\\/classof2018.vice.com\\/craft\\/app\\/framework\\/web\\/actions\\/CAction.php\",\"line\":109,\"class\":\"ReflectionMethod\",\"method\":\"invokeArgs\",\"args\":\"Craft\\\\TemplatesController, array(\\\"members\\/_entry\\\", array(\\\"entry\\\" => Craft\\\\EntryModel))\"},{\"objectClass\":\"CInlineAction\",\"file\":\"\\/Users\\/garethjohns\\/Documents\\/Development\\/classof2018.vice.com\\/craft\\/app\\/framework\\/web\\/actions\\/CInlineAction.php\",\"line\":47,\"class\":\"CAction\",\"method\":\"runWithParamsInternal\",\"args\":\"Craft\\\\TemplatesController, ReflectionMethod, array(\\\"variables\\\" => array(\\\"entry\\\" => Craft\\\\EntryModel), \\\"template\\\" => \\\"members\\/_entry\\\")\"},{\"objectClass\":\"CInlineAction\",\"file\":\"\\/Users\\/garethjohns\\/Documents\\/Development\\/classof2018.vice.com\\/craft\\/app\\/framework\\/web\\/CController.php\",\"line\":308,\"class\":\"CInlineAction\",\"method\":\"runWithParams\",\"args\":\"array(\\\"variables\\\" => array(\\\"entry\\\" => Craft\\\\EntryModel), \\\"template\\\" => \\\"members\\/_entry\\\")\"},{\"objectClass\":\"Craft\\\\TemplatesController\",\"file\":\"\\/Users\\/garethjohns\\/Documents\\/Development\\/classof2018.vice.com\\/craft\\/app\\/framework\\/web\\/CController.php\",\"line\":286,\"class\":\"CController\",\"method\":\"runAction\",\"args\":\"CInlineAction\"},{\"objectClass\":\"Craft\\\\TemplatesController\",\"file\":\"\\/Users\\/garethjohns\\/Documents\\/Development\\/classof2018.vice.com\\/craft\\/app\\/framework\\/web\\/CController.php\",\"line\":265,\"class\":\"CController\",\"method\":\"runActionWithFilters\",\"args\":\"CInlineAction, array()\"},{\"objectClass\":\"Craft\\\\TemplatesController\",\"file\":\"\\/Users\\/garethjohns\\/Documents\\/Development\\/classof2018.vice.com\\/craft\\/app\\/framework\\/web\\/CWebApplication.php\",\"line\":282,\"class\":\"CController\",\"method\":\"run\",\"args\":\"\\\"render\\\"\"},{\"objectClass\":\"Craft\\\\WebApp\",\"file\":\"\\/Users\\/garethjohns\\/Documents\\/Development\\/classof2018.vice.com\\/craft\\/app\\/framework\\/web\\/CWebApplication.php\",\"line\":141,\"class\":\"CWebApplication\",\"method\":\"runController\",\"args\":\"\\\"templates\\/render\\\"\"},{\"objectClass\":\"Craft\\\\WebApp\",\"file\":\"\\/Users\\/garethjohns\\/Documents\\/Development\\/classof2018.vice.com\\/craft\\/app\\/etc\\/web\\/WebApp.php\",\"line\":290,\"class\":\"CWebApplication\",\"method\":\"processRequest\",\"args\":null},{\"objectClass\":\"Craft\\\\WebApp\",\"file\":\"\\/Users\\/garethjohns\\/Documents\\/Development\\/classof2018.vice.com\\/craft\\/app\\/framework\\/base\\/CApplication.php\",\"line\":185,\"class\":\"Craft\\\\WebApp\",\"method\":\"processRequest\",\"args\":null},{\"objectClass\":\"Craft\\\\WebApp\",\"file\":\"\\/Users\\/garethjohns\\/Documents\\/Development\\/classof2018.vice.com\\/craft\\/app\\/index.php\",\"line\":62,\"class\":\"CApplication\",\"method\":\"run\",\"args\":null},{\"objectClass\":null,\"file\":\"\\/Users\\/garethjohns\\/Documents\\/Development\\/classof2018.vice.com\\/public\\/index.php\",\"line\":19,\"class\":null,\"method\":\"require_once\",\"args\":\"\\\"\\/Users\\/garethjohns\\/Documents\\/Development\\/classof2018.vice.com\\/cr...\\\"\"}]', '2017-12-11 00:00:46', '2017-12-11 00:00:46', '677f4d9b-4c04-4dc9-98ba-146559a4da8c');



DROP TABLE IF EXISTS `craft_elementindexsettings`;


--
-- Schema for table `craft_elementindexsettings`
--
CREATE TABLE `craft_elementindexsettings` (
  `id` int(11) NOT NULL AUTO_INCREMENT,
  `type` varchar(150) COLLATE utf8_unicode_ci NOT NULL,
  `settings` text COLLATE utf8_unicode_ci,
  `dateCreated` datetime NOT NULL,
  `dateUpdated` datetime NOT NULL,
  `uid` char(36) COLLATE utf8_unicode_ci NOT NULL DEFAULT '0',
  PRIMARY KEY (`id`),
  UNIQUE KEY `craft_elementindexsettings_type_unq_idx` (`type`)
) ENGINE=InnoDB DEFAULT CHARSET=utf8 COLLATE=utf8_unicode_ci;

DROP TABLE IF EXISTS `craft_elements`;


--
-- Schema for table `craft_elements`
--
CREATE TABLE `craft_elements` (
  `id` int(11) NOT NULL AUTO_INCREMENT,
  `type` varchar(150) COLLATE utf8_unicode_ci NOT NULL,
  `enabled` tinyint(1) unsigned NOT NULL DEFAULT '1',
  `archived` tinyint(1) unsigned NOT NULL DEFAULT '0',
  `dateCreated` datetime NOT NULL,
  `dateUpdated` datetime NOT NULL,
  `uid` char(36) COLLATE utf8_unicode_ci NOT NULL DEFAULT '0',
  PRIMARY KEY (`id`),
  KEY `craft_elements_type_idx` (`type`),
  KEY `craft_elements_enabled_idx` (`enabled`),
  KEY `craft_elements_archived_dateCreated_idx` (`archived`,`dateCreated`)
) ENGINE=InnoDB AUTO_INCREMENT=24 DEFAULT CHARSET=utf8 COLLATE=utf8_unicode_ci;

--
-- Data for table `craft_elements`
--

INSERT INTO `craft_elements` (`id`, `type`, `enabled`, `archived`, `dateCreated`, `dateUpdated`, `uid`) VALUES
 ('1', 'User', '1', '0', '2017-12-10 22:25:16', '2017-12-10 22:25:16', 'b79752ba-8eff-4c94-a8da-0568b4499a8e'),
 ('2', 'Entry', '1', '0', '2017-12-10 22:25:19', '2017-12-10 23:03:06', 'caf05720-bb1e-4e32-bb41-91e32de33188'),
 ('4', 'Asset', '1', '0', '2017-12-10 22:29:48', '2017-12-10 22:45:16', 'c30fa4b1-fc76-44a3-920e-dc7a6a08d7bf'),
 ('5', 'Asset', '1', '0', '2017-12-10 22:29:56', '2017-12-10 22:45:15', 'd33933ec-c934-4fdb-afc6-76314a1506fc'),
 ('6', 'Category', '1', '0', '2017-12-10 22:30:52', '2017-12-10 22:53:28', 'a76c5bc8-9dff-4424-a005-326e67666839'),
 ('7', 'Category', '1', '0', '2017-12-10 22:30:58', '2017-12-10 22:53:33', '29813b5d-cd1d-4e78-ae17-1265727f5e5a'),
 ('8', 'Category', '1', '0', '2017-12-10 22:31:04', '2017-12-10 22:53:37', '48ef6bf7-1640-46ee-9ff4-946c2363bd80'),
 ('9', 'Category', '1', '0', '2017-12-10 22:31:19', '2017-12-10 22:53:41', '1d6ff8b7-a84d-49d9-9c3b-adc6ec60d413'),
 ('10', 'Category', '1', '0', '2017-12-10 22:31:29', '2017-12-10 22:53:46', 'c8c22d00-705b-4e23-b31b-7984ee4c8d4e'),
 ('12', 'Asset', '1', '0', '2017-12-10 22:46:02', '2017-12-10 22:46:02', '648ebbfc-5813-4f03-b7ed-04b1a0da71e3'),
 ('13', 'Asset', '1', '0', '2017-12-10 22:46:03', '2017-12-10 22:46:03', 'e2de60ee-35c6-4870-8450-03d7df009a6c'),
 ('14', 'Asset', '1', '0', '2017-12-10 22:46:03', '2017-12-10 22:46:03', '361815e3-2f01-4736-a545-a817470e3245'),
 ('15', 'Asset', '1', '0', '2017-12-10 22:46:03', '2017-12-10 22:46:03', '83fd9057-6292-45a2-931b-ba744e775c31'),
 ('16', 'Entry', '1', '0', '2017-12-10 23:06:35', '2017-12-10 23:24:23', '6abaff2b-096c-4276-8502-511cfdebe5cb'),
 ('17', 'Entry', '1', '0', '2017-12-10 23:11:02', '2017-12-10 23:20:35', 'eb8a77dc-7f1f-485d-8de0-a2d1a11938dc'),
 ('18', 'Asset', '1', '0', '2017-12-10 23:20:19', '2017-12-10 23:20:19', '80adec88-2fce-4cb1-aadc-16de25ebceea'),
 ('19', 'Entry', '1', '0', '2017-12-10 23:25:16', '2017-12-10 23:25:16', 'c60f06ca-18ab-4a33-b00d-4efe66a9b5e4'),
 ('20', 'Entry', '1', '0', '2017-12-10 23:25:38', '2017-12-10 23:25:38', '5e57a79c-2b61-46dd-b1c1-e176fadc0afd'),
 ('21', 'Entry', '1', '0', '2017-12-10 23:26:01', '2017-12-10 23:27:42', 'f0f2a82c-6f6a-4107-950c-f9fa4d2d80bb'),
 ('22', 'Entry', '1', '0', '2017-12-10 23:26:26', '2017-12-10 23:27:52', '1c88d082-25fe-4bf8-8063-3115294455bd'),
 ('23', 'Entry', '1', '0', '2017-12-10 23:26:43', '2017-12-10 23:28:16', 'e9f4fd0f-298d-426d-8a93-0a4f13c8fb0e');



DROP TABLE IF EXISTS `craft_elements_i18n`;


--
-- Schema for table `craft_elements_i18n`
--
CREATE TABLE `craft_elements_i18n` (
  `id` int(11) NOT NULL AUTO_INCREMENT,
  `elementId` int(11) NOT NULL,
  `locale` char(12) COLLATE utf8_unicode_ci NOT NULL,
  `slug` varchar(255) COLLATE utf8_unicode_ci DEFAULT NULL,
  `uri` varchar(255) COLLATE utf8_unicode_ci DEFAULT NULL,
  `enabled` tinyint(1) unsigned NOT NULL DEFAULT '1',
  `dateCreated` datetime NOT NULL,
  `dateUpdated` datetime NOT NULL,
  `uid` char(36) COLLATE utf8_unicode_ci NOT NULL DEFAULT '0',
  PRIMARY KEY (`id`),
  UNIQUE KEY `craft_elements_i18n_elementId_locale_unq_idx` (`elementId`,`locale`),
  UNIQUE KEY `craft_elements_i18n_uri_locale_unq_idx` (`uri`,`locale`),
  KEY `craft_elements_i18n_slug_locale_idx` (`slug`,`locale`),
  KEY `craft_elements_i18n_enabled_idx` (`enabled`),
  KEY `craft_elements_i18n_locale_fk` (`locale`)
) ENGINE=InnoDB AUTO_INCREMENT=24 DEFAULT CHARSET=utf8 COLLATE=utf8_unicode_ci;

--
-- Data for table `craft_elements_i18n`
--

INSERT INTO `craft_elements_i18n` (`id`, `elementId`, `locale`, `slug`, `uri`, `enabled`, `dateCreated`, `dateUpdated`, `uid`) VALUES
 ('1', '1', 'en_gb', '', NULL, '1', '2017-12-10 22:25:16', '2017-12-10 22:25:16', 'd4c7fc64-4573-44d1-94e1-825cee37f282'),
 ('2', '2', 'en_gb', 'homepage', '__home__', '1', '2017-12-10 22:25:19', '2017-12-10 23:03:07', '57738fc0-5068-4027-8a08-64369dec707a'),
 ('4', '4', 'en_gb', 'index-hero-test', NULL, '1', '2017-12-10 22:29:48', '2017-12-10 22:45:16', '07627d7c-cede-4278-b25d-ea1e6f369bee'),
 ('5', '5', 'en_gb', 'creators-hero', NULL, '1', '2017-12-10 22:29:56', '2017-12-10 22:45:15', '17b8a1ff-1922-409d-b993-92a7c992f263'),
 ('6', '6', 'en_gb', 'munchies', 'class/munchies', '1', '2017-12-10 22:30:52', '2017-12-10 22:53:28', 'e9096ebf-63d8-4dbb-8288-38a280969a14'),
 ('7', '7', 'en_gb', 'noisey', 'class/noisey', '1', '2017-12-10 22:30:58', '2017-12-10 22:53:33', 'edd1186e-1518-4b06-b9bb-4debc08e071e'),
 ('8', '8', 'en_gb', 'thump', 'class/thump', '1', '2017-12-10 22:31:04', '2017-12-10 22:53:37', 'ca263fe6-d96b-4fa9-8ae9-dd3504d7ea60'),
 ('9', '9', 'en_gb', 'creators', 'class/creators', '1', '2017-12-10 22:31:20', '2017-12-10 22:53:41', '6b46b2cf-4b28-4a73-98ff-b821ad11a943'),
 ('10', '10', 'en_gb', 'i-d', 'class/i-d', '1', '2017-12-10 22:31:29', '2017-12-10 22:53:46', '5ae92ceb-04c5-49ba-a8dd-45d7aba94396'),
 ('12', '12', 'en_gb', 'i-d-hero', NULL, '1', '2017-12-10 22:46:02', '2017-12-10 22:46:02', 'a99b30a7-3fc0-4363-998c-3c3e88ffae46'),
 ('13', '13', 'en_gb', 'munchies-hero', NULL, '1', '2017-12-10 22:46:03', '2017-12-10 22:46:03', 'ecef56c1-4040-48f8-a43c-3de00e202dee'),
 ('14', '14', 'en_gb', 'noisey-hero', NULL, '1', '2017-12-10 22:46:03', '2017-12-10 22:46:03', 'aa2499c1-7d02-4ce5-8720-0cc2b0e6bd90'),
 ('15', '15', 'en_gb', 'thump-hero', NULL, '1', '2017-12-10 22:46:03', '2017-12-10 22:46:03', '4e935f00-f0c1-496c-b82b-04d0aea0d2c3'),
 ('16', '16', 'en_gb', 'gareth-johns', 'members/gareth-johns', '1', '2017-12-10 23:06:35', '2017-12-10 23:24:23', 'f2eda139-1117-4970-addd-1933e0b0ab41'),
 ('17', '17', 'en_gb', 'chloe-walshingam', 'members/chloe-walshingam', '1', '2017-12-10 23:11:02', '2017-12-10 23:20:36', 'a43a0e4f-2ca2-43f6-bf68-476957b2216a'),
 ('18', '18', 'en_gb', 'placeholder', NULL, '1', '2017-12-10 23:20:20', '2017-12-10 23:20:20', 'b5b8ab49-1705-49aa-9fdb-d8d45a3cd264'),
 ('19', '19', 'en_gb', 'olivia-smaghe', 'members/olivia-smaghe', '1', '2017-12-10 23:25:16', '2017-12-10 23:25:16', '278a0cc6-374a-4ca0-bffb-f6b3d8543f3c'),
 ('20', '20', 'en_gb', 'felix-papalardi', 'members/felix-papalardi', '1', '2017-12-10 23:25:38', '2017-12-10 23:25:38', 'efe297e2-a7ba-4906-8492-01ef1e38244b'),
 ('21', '21', 'en_gb', 'jenna-clapton', 'members/jenna-clapton', '1', '2017-12-10 23:26:01', '2017-12-10 23:27:42', 'f77faa34-3556-4a48-8d86-4cc9d2a84c79'),
 ('22', '22', 'en_gb', 'jaykee-the-magician', 'members/jaykee-the-magician', '1', '2017-12-10 23:26:26', '2017-12-10 23:27:52', '64fc2e30-3af3-45f3-bd47-25784856ff62'),
 ('23', '23', 'en_gb', 'micheal-vonck', 'members/micheal-vonck', '1', '2017-12-10 23:26:43', '2017-12-10 23:28:16', '518e8d02-0a66-40de-a7dc-d9d7546b5e20');



DROP TABLE IF EXISTS `craft_emailmessages`;


--
-- Schema for table `craft_emailmessages`
--
CREATE TABLE `craft_emailmessages` (
  `id` int(11) NOT NULL AUTO_INCREMENT,
  `key` char(150) COLLATE utf8_unicode_ci NOT NULL,
  `locale` char(12) COLLATE utf8_unicode_ci NOT NULL,
  `subject` varchar(1000) COLLATE utf8_unicode_ci NOT NULL,
  `body` text COLLATE utf8_unicode_ci NOT NULL,
  `dateCreated` datetime NOT NULL,
  `dateUpdated` datetime NOT NULL,
  `uid` char(36) COLLATE utf8_unicode_ci NOT NULL DEFAULT '0',
  PRIMARY KEY (`id`),
  UNIQUE KEY `craft_emailmessages_key_locale_unq_idx` (`key`,`locale`),
  KEY `craft_emailmessages_locale_fk` (`locale`)
) ENGINE=InnoDB DEFAULT CHARSET=utf8 COLLATE=utf8_unicode_ci;

DROP TABLE IF EXISTS `craft_entries`;


--
-- Schema for table `craft_entries`
--
CREATE TABLE `craft_entries` (
  `id` int(11) NOT NULL,
  `sectionId` int(11) NOT NULL,
  `typeId` int(11) DEFAULT NULL,
  `authorId` int(11) DEFAULT NULL,
  `postDate` datetime DEFAULT NULL,
  `expiryDate` datetime DEFAULT NULL,
  `dateCreated` datetime NOT NULL,
  `dateUpdated` datetime NOT NULL,
  `uid` char(36) COLLATE utf8_unicode_ci NOT NULL DEFAULT '0',
  PRIMARY KEY (`id`),
  KEY `craft_entries_sectionId_idx` (`sectionId`),
  KEY `craft_entries_typeId_idx` (`typeId`),
  KEY `craft_entries_postDate_idx` (`postDate`),
  KEY `craft_entries_expiryDate_idx` (`expiryDate`),
  KEY `craft_entries_authorId_fk` (`authorId`)
) ENGINE=InnoDB DEFAULT CHARSET=utf8 COLLATE=utf8_unicode_ci;

--
-- Data for table `craft_entries`
--

INSERT INTO `craft_entries` (`id`, `sectionId`, `typeId`, `authorId`, `postDate`, `expiryDate`, `dateCreated`, `dateUpdated`, `uid`) VALUES
 ('2', '1', NULL, NULL, '2017-12-10 22:25:19', NULL, '2017-12-10 22:25:19', '2017-12-10 23:03:07', '14408244-42bb-487a-81dc-4b68606f7c0f'),
 ('16', '3', '3', '1', '2017-12-10 23:06:00', NULL, '2017-12-10 23:06:36', '2017-12-10 23:24:23', '7d8773f4-da7e-4026-8487-18743098f458'),
 ('17', '3', '3', '1', '2017-12-10 23:11:00', NULL, '2017-12-10 23:11:02', '2017-12-10 23:20:36', '2633da79-3a2e-4bf5-a857-5e7fcd9974f4'),
 ('19', '3', '3', '1', '2017-12-10 23:25:16', NULL, '2017-12-10 23:25:16', '2017-12-10 23:25:16', '1faf5302-89ac-40a4-a05b-103112521137'),
 ('20', '3', '3', '1', '2017-12-10 23:25:38', NULL, '2017-12-10 23:25:39', '2017-12-10 23:25:39', 'f9c8b24d-889c-48ae-8aee-04f5b358137d'),
 ('21', '3', '3', '1', '2017-12-10 23:26:00', NULL, '2017-12-10 23:26:01', '2017-12-10 23:27:42', '2ca198b4-a67a-4bb1-90cf-79113f9f0ac3'),
 ('22', '3', '3', '1', '2017-12-10 23:26:00', NULL, '2017-12-10 23:26:26', '2017-12-10 23:27:52', 'f8977d6c-0576-44b3-a5b9-5a3c532321d8'),
 ('23', '3', '3', '1', '2017-12-10 23:26:00', NULL, '2017-12-10 23:26:43', '2017-12-10 23:28:16', '8dcf0989-6958-4827-b6b2-b86c5ae8394a');



DROP TABLE IF EXISTS `craft_entrydrafts`;


--
-- Schema for table `craft_entrydrafts`
--
CREATE TABLE `craft_entrydrafts` (
  `id` int(11) NOT NULL AUTO_INCREMENT,
  `entryId` int(11) NOT NULL,
  `sectionId` int(11) NOT NULL,
  `creatorId` int(11) NOT NULL,
  `locale` char(12) COLLATE utf8_unicode_ci NOT NULL,
  `name` varchar(255) COLLATE utf8_unicode_ci NOT NULL,
  `notes` tinytext COLLATE utf8_unicode_ci,
  `data` mediumtext COLLATE utf8_unicode_ci NOT NULL,
  `dateCreated` datetime NOT NULL,
  `dateUpdated` datetime NOT NULL,
  `uid` char(36) COLLATE utf8_unicode_ci NOT NULL DEFAULT '0',
  PRIMARY KEY (`id`),
  KEY `craft_entrydrafts_entryId_locale_idx` (`entryId`,`locale`),
  KEY `craft_entrydrafts_sectionId_fk` (`sectionId`),
  KEY `craft_entrydrafts_creatorId_fk` (`creatorId`),
  KEY `craft_entrydrafts_locale_fk` (`locale`)
) ENGINE=InnoDB DEFAULT CHARSET=utf8 COLLATE=utf8_unicode_ci;

DROP TABLE IF EXISTS `craft_entrytypes`;


--
-- Schema for table `craft_entrytypes`
--
CREATE TABLE `craft_entrytypes` (
  `id` int(11) NOT NULL AUTO_INCREMENT,
  `sectionId` int(11) NOT NULL,
  `fieldLayoutId` int(11) DEFAULT NULL,
  `name` varchar(255) COLLATE utf8_unicode_ci NOT NULL,
  `handle` varchar(255) COLLATE utf8_unicode_ci NOT NULL,
  `hasTitleField` tinyint(1) unsigned NOT NULL DEFAULT '1',
  `titleLabel` varchar(255) COLLATE utf8_unicode_ci DEFAULT 'Title',
  `titleFormat` varchar(255) COLLATE utf8_unicode_ci DEFAULT NULL,
  `sortOrder` smallint(6) unsigned DEFAULT NULL,
  `dateCreated` datetime NOT NULL,
  `dateUpdated` datetime NOT NULL,
  `uid` char(36) COLLATE utf8_unicode_ci NOT NULL DEFAULT '0',
  PRIMARY KEY (`id`),
  UNIQUE KEY `craft_entrytypes_name_sectionId_unq_idx` (`name`,`sectionId`),
  UNIQUE KEY `craft_entrytypes_handle_sectionId_unq_idx` (`handle`,`sectionId`),
  KEY `craft_entrytypes_sectionId_fk` (`sectionId`),
  KEY `craft_entrytypes_fieldLayoutId_fk` (`fieldLayoutId`)
) ENGINE=InnoDB AUTO_INCREMENT=4 DEFAULT CHARSET=utf8 COLLATE=utf8_unicode_ci;

--
-- Data for table `craft_entrytypes`
--

INSERT INTO `craft_entrytypes` (`id`, `sectionId`, `fieldLayoutId`, `name`, `handle`, `hasTitleField`, `titleLabel`, `titleFormat`, `sortOrder`, `dateCreated`, `dateUpdated`, `uid`) VALUES
 ('1', '1', '9', 'Homepage', 'homepage', '1', 'Title', NULL, '1', '2017-12-10 22:25:19', '2017-12-10 22:38:05', 'b2102114-8caf-4d2e-9b42-13d767550760'),
 ('3', '3', '13', 'Members', 'members', '1', 'Title', NULL, '1', '2017-12-10 23:06:20', '2017-12-10 23:09:03', '580fe56d-a628-4005-bd05-8bf976be5517');



DROP TABLE IF EXISTS `craft_entryversions`;


--
-- Schema for table `craft_entryversions`
--
CREATE TABLE `craft_entryversions` (
  `id` int(11) NOT NULL AUTO_INCREMENT,
  `entryId` int(11) NOT NULL,
  `sectionId` int(11) NOT NULL,
  `creatorId` int(11) DEFAULT NULL,
  `locale` char(12) COLLATE utf8_unicode_ci NOT NULL,
  `num` smallint(6) unsigned NOT NULL,
  `notes` tinytext COLLATE utf8_unicode_ci,
  `data` mediumtext COLLATE utf8_unicode_ci NOT NULL,
  `dateCreated` datetime NOT NULL,
  `dateUpdated` datetime NOT NULL,
  `uid` char(36) COLLATE utf8_unicode_ci NOT NULL DEFAULT '0',
  PRIMARY KEY (`id`),
  KEY `craft_entryversions_entryId_locale_idx` (`entryId`,`locale`),
  KEY `craft_entryversions_sectionId_fk` (`sectionId`),
  KEY `craft_entryversions_creatorId_fk` (`creatorId`),
  KEY `craft_entryversions_locale_fk` (`locale`)
) ENGINE=InnoDB AUTO_INCREMENT=24 DEFAULT CHARSET=utf8 COLLATE=utf8_unicode_ci;

--
-- Data for table `craft_entryversions`
--

INSERT INTO `craft_entryversions` (`id`, `entryId`, `sectionId`, `creatorId`, `locale`, `num`, `notes`, `data`, `dateCreated`, `dateUpdated`, `uid`) VALUES
 ('1', '2', '1', '1', 'en_gb', '1', NULL, '{\"typeId\":\"1\",\"authorId\":null,\"title\":\"Homepage\",\"slug\":\"homepage\",\"postDate\":1512944719,\"expiryDate\":null,\"enabled\":1,\"parentId\":null,\"fields\":[]}', '2017-12-10 22:25:19', '2017-12-10 22:25:19', '1d196026-3f48-4fb3-9e2c-e19b2f4093a5'),
 ('2', '2', '1', '1', 'en_gb', '2', NULL, '{\"typeId\":null,\"authorId\":null,\"title\":\"Welcome to Classof2018.dev!\",\"slug\":\"homepage\",\"postDate\":1512944719,\"expiryDate\":null,\"enabled\":\"1\",\"parentId\":null,\"fields\":{\"1\":\"<p>It\\u2019s true, this site doesn\\u2019t have a whole lot of content yet, but don\\u2019t worry. Our web developers have just installed the CMS, and they\\u2019re setting things up for the content editors this very moment. Soon Classof2018.dev will be an oasis of fresh perspectives, sharp analyses, and astute opinions that will keep you coming back again and again.<\\/p>\"}}', '2017-12-10 22:25:19', '2017-12-10 22:25:19', '457759fd-a6b3-401e-8f42-c76742c71180'),
 ('4', '2', '1', '1', 'en_gb', '3', '', '{\"typeId\":null,\"authorId\":null,\"title\":\"Welcome to Classof2018.dev!\",\"slug\":\"homepage\",\"postDate\":1512944719,\"expiryDate\":null,\"enabled\":1,\"parentId\":null,\"fields\":{\"1\":\"<p>It\\u2019s true, this site doesn\\u2019t have a whole lot of content yet, but don\\u2019t worry. Our web developers have just installed the CMS, and they\\u2019re setting things up for the content editors this very moment. Soon Classof2018.dev will be an oasis of fresh perspectives, sharp analyses, and astute opinions that will keep you coming back again and again.<\\/p>\",\"3\":[\"4\"]}}', '2017-12-10 22:34:36', '2017-12-10 22:34:36', '5bb980af-4678-4177-9b6f-e771af2321d7'),
 ('5', '2', '1', '1', 'en_gb', '4', '', '{\"typeId\":null,\"authorId\":null,\"title\":\"Home\",\"slug\":\"homepage\",\"postDate\":1512944719,\"expiryDate\":null,\"enabled\":1,\"parentId\":null,\"fields\":{\"1\":\"<p>It\\u2019s true, this site doesn\\u2019t have a whole lot of content yet, but don\\u2019t worry. Our web developers have just installed the CMS, and they\\u2019re setting things up for the content editors this very moment. Soon Classof2018.dev will be an oasis of fresh perspectives, sharp analyses, and astute opinions that will keep you coming back again and again.<\\/p>\"}}', '2017-12-10 22:37:56', '2017-12-10 22:37:56', '44e88170-ac3f-4ef0-b27f-c9d6b999f3b4'),
 ('6', '2', '1', '1', 'en_gb', '5', '', '{\"typeId\":null,\"authorId\":null,\"title\":\"Home\",\"slug\":\"homepage\",\"postDate\":1512944719,\"expiryDate\":null,\"enabled\":1,\"parentId\":null,\"fields\":{\"1\":\"<p>It\\u2019s true, this site doesn\\u2019t have a whole lot of content yet, but don\\u2019t worry. Our web developers have just installed the CMS, and they\\u2019re setting things up for the content editors this very moment. Soon Classof2018.dev will be an oasis of fresh perspectives, sharp analyses, and astute opinions that will keep you coming back again and again.<\\/p>\",\"4\":[\"4\"]}}', '2017-12-10 22:38:21', '2017-12-10 22:38:21', '4349466d-a29c-404f-b630-dd97a9573e44'),
 ('7', '2', '1', '1', 'en_gb', '6', '', '{\"typeId\":null,\"authorId\":null,\"title\":\"Home\",\"slug\":\"homepage\",\"postDate\":1512944719,\"expiryDate\":null,\"enabled\":1,\"parentId\":null,\"fields\":{\"1\":\"<p>Nullam id dolor id nibh ultricies vehicula ut id elit. Nullam quis risus eget urna mollis ornare vel eu leo. Praesent commodo cursus magna, vel scelerisque nisl consectetur et. Aenean lacinia bibendum nulla sed consectetur. Vivamus sagittis lacus vel augue laoreet rutrum faucibus dolor auctor.<\\/p>\\r\\n<p>Donec ullamcorper nulla non metus auctor fringilla. Fusce dapibus, tellus ac cursus commodo, tortor mauris condimentum nibh, ut fermentum massa justo sit amet risus. Vivamus sagittis lacus vel augue laoreet rutrum faucibus dolor auctor. Vivamus sagittis lacus vel augue laoreet rutrum faucibus dolor auctor. Cum sociis natoque penatibus et magnis dis parturient montes, nascetur ridiculus mus. Nulla vitae elit libero, a pharetra augue.<\\/p>\\r\\n<p>Cum sociis natoque penatibus et magnis dis parturient montes, nascetur ridiculus mus. Praesent commodo cursus magna, vel scelerisque nisl consectetur et. Praesent commodo cursus magna, vel scelerisque nisl consectetur et. Nulla vitae elit libero, a pharetra augue.<\\/p>\",\"4\":[\"4\"]}}', '2017-12-10 22:49:31', '2017-12-10 22:49:31', 'da46bd0f-d77b-4ac0-bd05-582b986cdf53'),
 ('8', '2', '1', '1', 'en_gb', '7', '', '{\"typeId\":null,\"authorId\":null,\"title\":\"Home\",\"slug\":\"homepage\",\"postDate\":1512944719,\"expiryDate\":null,\"enabled\":1,\"parentId\":null,\"fields\":{\"1\":\"<p>Nullam id dolor id nibh ultricies vehicula ut id elit. Nullam quis risus eget urna mollis ornare vel eu leo. Praesent commodo cursus magna, vel scelerisque nisl consectetur et. Aenean lacinia bibendum nulla sed consectetur. Vivamus sagittis lacus vel augue laoreet rutrum faucibus dolor auctor.<\\/p>\",\"4\":[\"4\"]}}', '2017-12-10 23:03:07', '2017-12-10 23:03:07', '380148ff-7c27-47a0-bff1-758e42bcb99b'),
 ('9', '16', '3', '1', 'en_gb', '1', '', '{\"typeId\":null,\"authorId\":\"1\",\"title\":\"Gareth Johns\",\"slug\":\"gareth-johns\",\"postDate\":1512947195,\"expiryDate\":null,\"enabled\":1,\"parentId\":null,\"fields\":[]}', '2017-12-10 23:06:36', '2017-12-10 23:06:36', '6b98d26e-ddb6-4786-b680-d0193d64b60f'),
 ('10', '16', '3', '1', 'en_gb', '2', '', '{\"typeId\":\"3\",\"authorId\":\"1\",\"title\":\"Gareth Johns\",\"slug\":\"gareth-johns\",\"postDate\":1512947160,\"expiryDate\":null,\"enabled\":1,\"parentId\":null,\"fields\":{\"1\":\"\",\"5\":[\"6\"],\"4\":\"\"}}', '2017-12-10 23:09:21', '2017-12-10 23:09:21', '72b384a9-186e-4754-bcf3-be393fc3fea0'),
 ('11', '16', '3', '1', 'en_gb', '3', '', '{\"typeId\":\"3\",\"authorId\":\"1\",\"title\":\"Gareth Johns\",\"slug\":\"gareth-johns\",\"postDate\":1512947160,\"expiryDate\":null,\"enabled\":1,\"parentId\":null,\"fields\":{\"1\":\"<p>Vivamus sagittis lacus vel augue laoreet rutrum faucibus dolor auctor. Cum sociis natoque penatibus et magnis dis parturient montes, nascetur ridiculus mus. Fusce dapibus, tellus ac cursus commodo, tortor mauris condimentum nibh, ut fermentum massa justo sit amet risus. Donec id elit non mi porta gravida at eget metus.<\\/p>\",\"5\":[\"6\"],\"4\":\"\"}}', '2017-12-10 23:09:29', '2017-12-10 23:09:29', 'cce5c3e5-2df7-4fa3-9f9c-eee79b1e6684'),
 ('12', '17', '3', '1', 'en_gb', '1', '', '{\"typeId\":null,\"authorId\":\"1\",\"title\":\"Chloe Walshingam\",\"slug\":\"chloe-walshingam\",\"postDate\":1512947462,\"expiryDate\":null,\"enabled\":1,\"parentId\":null,\"fields\":{\"1\":\"<p>Fusce dapibus, tellus ac cursus commodo, tortor mauris condimentum nibh, ut fermentum massa justo sit amet risus. Vivamus sagittis lacus vel augue laoreet rutrum faucibus dolor auctor. Praesent commodo cursus magna, vel scelerisque nisl consectetur et. Donec id elit non mi porta gravida at eget metus. Duis mollis, est non commodo luctus, nisi erat porttitor ligula, eget lacinia odio sem nec elit.<\\/p>\",\"5\":[\"7\"],\"4\":\"\"}}', '2017-12-10 23:11:02', '2017-12-10 23:11:02', 'efff2b04-09c9-4b81-8390-c1d0b6f9bbdc'),
 ('13', '17', '3', '1', 'en_gb', '2', '', '{\"typeId\":\"3\",\"authorId\":\"1\",\"title\":\"Chloe Walshingam\",\"slug\":\"chloe-walshingam\",\"postDate\":1512947460,\"expiryDate\":null,\"enabled\":1,\"parentId\":null,\"fields\":{\"1\":\"<p>Fusce dapibus, tellus ac cursus commodo, tortor mauris condimentum nibh, ut fermentum massa justo sit amet risus. Vivamus sagittis lacus vel augue laoreet rutrum faucibus dolor auctor. Praesent commodo cursus magna, vel scelerisque nisl consectetur et. Donec id elit non mi porta gravida at eget metus. Duis mollis, est non commodo luctus, nisi erat porttitor ligula, eget lacinia odio sem nec elit.<\\/p>\",\"5\":[\"7\"],\"4\":[\"18\"]}}', '2017-12-10 23:20:36', '2017-12-10 23:20:36', 'a2615f19-d888-49de-b3ec-49bcd23b57fa'),
 ('14', '16', '3', '1', 'en_gb', '4', '', '{\"typeId\":\"3\",\"authorId\":\"1\",\"title\":\"Gareth Johns\",\"slug\":\"gareth-johns\",\"postDate\":1512947160,\"expiryDate\":null,\"enabled\":1,\"parentId\":null,\"fields\":{\"1\":\"<p>Vivamus sagittis lacus vel augue laoreet rutrum faucibus dolor auctor. Cum sociis natoque penatibus et magnis dis parturient montes, nascetur ridiculus mus. Fusce dapibus, tellus ac cursus commodo, tortor mauris condimentum nibh, ut fermentum massa justo sit amet risus. Donec id elit non mi porta gravida at eget metus.<\\/p>\",\"5\":[\"6\"],\"4\":[\"18\"]}}', '2017-12-10 23:24:23', '2017-12-10 23:24:23', '7026adee-527d-4e99-bf04-bfb589020d54'),
 ('15', '19', '3', '1', 'en_gb', '1', '', '{\"typeId\":null,\"authorId\":\"1\",\"title\":\"Olivia Smaghe\",\"slug\":\"olivia-smaghe\",\"postDate\":1512948316,\"expiryDate\":null,\"enabled\":1,\"parentId\":null,\"fields\":{\"1\":\"<p>Curabitur blandit tempus porttitor. Morbi leo risus, porta ac consectetur ac, vestibulum at eros. Vestibulum id ligula porta felis euismod semper. Morbi leo risus, porta ac consectetur ac, vestibulum at eros. Fusce dapibus, tellus ac cursus commodo, tortor mauris condimentum nibh, ut fermentum massa justo sit amet risus. Donec ullamcorper nulla non metus auctor fringilla.<\\/p>\",\"5\":[\"6\"],\"4\":[\"18\"]}}', '2017-12-10 23:25:16', '2017-12-10 23:25:16', 'e2628548-9f95-4dd8-b48e-cb64ce858bf9'),
 ('16', '20', '3', '1', 'en_gb', '1', '', '{\"typeId\":null,\"authorId\":\"1\",\"title\":\"Felix Papalardi\",\"slug\":\"felix-papalardi\",\"postDate\":1512948338,\"expiryDate\":null,\"enabled\":1,\"parentId\":null,\"fields\":{\"1\":\"<p><\\/p><p>Nulla vitae elit libero, a pharetra augue. Donec sed odio dui. Donec id elit non mi porta gravida at eget metus. Aenean eu leo quam. Pellentesque ornare sem lacinia quam venenatis vestibulum. Cum sociis natoque penatibus et magnis dis parturient montes, nascetur ridiculus mus. Vestibulum id ligula porta felis euismod semper. Fusce dapibus, tellus ac cursus commodo, tortor mauris condimentum nibh, ut fermentum massa justo sit amet risus.<\\/p>\\r\\n<p>Cum sociis natoque penatibus et magnis dis parturient montes, nascetur ridiculus mus. Cras justo odio, dapibus ac facilisis in, egestas eget quam. Etiam porta sem malesuada magna mollis euismod. Vivamus sagittis lacus vel augue laoreet rutrum faucibus dolor auctor. Cum sociis natoque penatibus et magnis dis parturient montes, nascetur ridiculus mus. Integer posuere erat a ante venenatis dapibus posuere velit aliquet. Donec sed odio dui.<\\/p>\",\"5\":[\"6\"],\"4\":[\"18\"]}}', '2017-12-10 23:25:39', '2017-12-10 23:25:39', '65f58c06-6e37-428e-b825-51ea6f008708'),
 ('17', '21', '3', '1', 'en_gb', '1', '', '{\"typeId\":null,\"authorId\":\"1\",\"title\":\"Jenna Clapton\",\"slug\":\"jenna-clapton\",\"postDate\":1512948361,\"expiryDate\":null,\"enabled\":1,\"parentId\":null,\"fields\":{\"1\":\"<p>Cras mattis consectetur purus sit amet fermentum. Cum sociis natoque penatibus et magnis dis parturient montes, nascetur ridiculus mus. Morbi leo risus, porta ac consectetur ac, vestibulum at eros. Morbi leo risus, porta ac consectetur ac, vestibulum at eros.<\\/p>\\r\\n<p>Etiam porta sem malesuada magna mollis euismod. Nullam id dolor id nibh ultricies vehicula ut id elit. Sed posuere consectetur est at lobortis. Integer posuere erat a ante venenatis dapibus posuere velit aliquet. Etiam porta sem malesuada magna mollis euismod. Maecenas faucibus mollis interdum.<\\/p>\\r\\n<p>Aenean eu leo quam. Pellentesque ornare sem lacinia quam venenatis vestibulum. Cras justo odio, dapibus ac facilisis in, egestas eget quam. Cras justo odio, dapibus ac facilisis in, egestas eget quam. Vivamus sagittis lacus vel augue laoreet rutrum faucibus dolor auctor. Nullam quis risus eget urna mollis ornare vel eu leo. Cras mattis consectetur purus sit amet fermentum. Cras justo odio, dapibus ac facilisis in, egestas eget quam.<\\/p>\",\"5\":\"\",\"4\":[\"18\"]}}', '2017-12-10 23:26:01', '2017-12-10 23:26:01', 'd4442c6b-52a3-4ca3-91ab-0c96c4d0739f'),
 ('18', '22', '3', '1', 'en_gb', '1', '', '{\"typeId\":null,\"authorId\":\"1\",\"title\":\"Jaykee the Magician\",\"slug\":\"jaykee-the-magician\",\"postDate\":1512948386,\"expiryDate\":null,\"enabled\":1,\"parentId\":null,\"fields\":{\"1\":\"<p>Donec sed odio dui. Aenean lacinia bibendum nulla sed consectetur. Sed posuere consectetur est at lobortis. Nullam quis risus eget urna mollis ornare vel eu leo.<\\/p>\\r\\n<p>Etiam porta sem malesuada magna mollis euismod. Cum sociis natoque penatibus et magnis dis parturient montes, nascetur ridiculus mus. Vestibulum id ligula porta felis euismod semper. Curabitur blandit tempus porttitor. Maecenas faucibus mollis interdum. Nullam id dolor id nibh ultricies vehicula ut id elit. Donec ullamcorper nulla non metus auctor fringilla.<\\/p>\\r\\n<p>Cras mattis consectetur purus sit amet fermentum. Aenean eu leo quam. Pellentesque ornare sem lacinia quam venenatis vestibulum. Cum sociis natoque penatibus et magnis dis parturient montes, nascetur ridiculus mus. Praesent commodo cursus magna, vel scelerisque nisl consectetur et. Maecenas sed diam eget risus varius blandit sit amet non magna. Curabitur blandit tempus porttitor. Maecenas faucibus mollis interdum.<\\/p>\",\"5\":\"\",\"4\":[\"18\"]}}', '2017-12-10 23:26:26', '2017-12-10 23:26:26', '257edb88-3993-4281-b03c-a321bace510b'),
 ('19', '23', '3', '1', 'en_gb', '1', '', '{\"typeId\":null,\"authorId\":\"1\",\"title\":\"Micheal Vonck\",\"slug\":\"micheal-vonck\",\"postDate\":1512948403,\"expiryDate\":null,\"enabled\":1,\"parentId\":null,\"fields\":{\"1\":\"<p>Nulla vitae elit libero, a pharetra augue. Nullam quis risus eget urna mollis ornare vel eu leo. Nulla vitae elit libero, a pharetra augue. Lorem ipsum dolor sit amet, consectetur adipiscing elit. Maecenas sed diam eget risus varius blandit sit amet non magna. Nulla vitae elit libero, a pharetra augue.<\\/p>\\r\\n<p>Donec ullamcorper nulla non metus auctor fringilla. Donec id elit non mi porta gravida at eget metus. Sed posuere consectetur est at lobortis. Cras justo odio, dapibus ac facilisis in, egestas eget quam.<\\/p>\\r\\n<p>Cras mattis consectetur purus sit amet fermentum. Nulla vitae elit libero, a pharetra augue. Fusce dapibus, tellus ac cursus commodo, tortor mauris condimentum nibh, ut fermentum massa justo sit amet risus. Fusce dapibus, tellus ac cursus commodo, tortor mauris condimentum nibh, ut fermentum massa justo sit amet risus. Maecenas faucibus mollis interdum.<\\/p><p><\\/p>\",\"5\":\"\",\"4\":\"\"}}', '2017-12-10 23:26:43', '2017-12-10 23:26:43', 'decc5876-7a39-413e-b208-956d97eceb91'),
 ('20', '23', '3', '1', 'en_gb', '2', '', '{\"typeId\":\"3\",\"authorId\":\"1\",\"title\":\"Micheal Vonck\",\"slug\":\"micheal-vonck\",\"postDate\":1512948360,\"expiryDate\":null,\"enabled\":1,\"parentId\":null,\"fields\":{\"1\":\"<p>Nulla vitae elit libero, a pharetra augue. Nullam quis risus eget urna mollis ornare vel eu leo. Nulla vitae elit libero, a pharetra augue. Lorem ipsum dolor sit amet, consectetur adipiscing elit. Maecenas sed diam eget risus varius blandit sit amet non magna. Nulla vitae elit libero, a pharetra augue.<\\/p>\\r\\n<p>Donec ullamcorper nulla non metus auctor fringilla. Donec id elit non mi porta gravida at eget metus. Sed posuere consectetur est at lobortis. Cras justo odio, dapibus ac facilisis in, egestas eget quam.<\\/p>\\r\\n<p>Cras mattis consectetur purus sit amet fermentum. Nulla vitae elit libero, a pharetra augue. Fusce dapibus, tellus ac cursus commodo, tortor mauris condimentum nibh, ut fermentum massa justo sit amet risus. Fusce dapibus, tellus ac cursus commodo, tortor mauris condimentum nibh, ut fermentum massa justo sit amet risus. Maecenas faucibus mollis interdum.<\\/p>\",\"5\":[\"6\"],\"4\":\"\"}}', '2017-12-10 23:27:34', '2017-12-10 23:27:34', '140a2ea3-110b-445e-be4b-c836d77bfca0'),
 ('21', '21', '3', '1', 'en_gb', '2', '', '{\"typeId\":\"3\",\"authorId\":\"1\",\"title\":\"Jenna Clapton\",\"slug\":\"jenna-clapton\",\"postDate\":1512948360,\"expiryDate\":null,\"enabled\":1,\"parentId\":null,\"fields\":{\"1\":\"<p>Cras mattis consectetur purus sit amet fermentum. Cum sociis natoque penatibus et magnis dis parturient montes, nascetur ridiculus mus. Morbi leo risus, porta ac consectetur ac, vestibulum at eros. Morbi leo risus, porta ac consectetur ac, vestibulum at eros.<\\/p>\\r\\n<p>Etiam porta sem malesuada magna mollis euismod. Nullam id dolor id nibh ultricies vehicula ut id elit. Sed posuere consectetur est at lobortis. Integer posuere erat a ante venenatis dapibus posuere velit aliquet. Etiam porta sem malesuada magna mollis euismod. Maecenas faucibus mollis interdum.<\\/p>\\r\\n<p>Aenean eu leo quam. Pellentesque ornare sem lacinia quam venenatis vestibulum. Cras justo odio, dapibus ac facilisis in, egestas eget quam. Cras justo odio, dapibus ac facilisis in, egestas eget quam. Vivamus sagittis lacus vel augue laoreet rutrum faucibus dolor auctor. Nullam quis risus eget urna mollis ornare vel eu leo. Cras mattis consectetur purus sit amet fermentum. Cras justo odio, dapibus ac facilisis in, egestas eget quam.<\\/p>\",\"5\":[\"6\"],\"4\":[\"18\"]}}', '2017-12-10 23:27:42', '2017-12-10 23:27:42', 'd637705c-6a2c-43bd-bf52-93ad515ae2d2'),
 ('22', '22', '3', '1', 'en_gb', '2', '', '{\"typeId\":\"3\",\"authorId\":\"1\",\"title\":\"Jaykee the Magician\",\"slug\":\"jaykee-the-magician\",\"postDate\":1512948360,\"expiryDate\":null,\"enabled\":1,\"parentId\":null,\"fields\":{\"1\":\"<p>Donec sed odio dui. Aenean lacinia bibendum nulla sed consectetur. Sed posuere consectetur est at lobortis. Nullam quis risus eget urna mollis ornare vel eu leo.<\\/p>\\r\\n<p>Etiam porta sem malesuada magna mollis euismod. Cum sociis natoque penatibus et magnis dis parturient montes, nascetur ridiculus mus. Vestibulum id ligula porta felis euismod semper. Curabitur blandit tempus porttitor. Maecenas faucibus mollis interdum. Nullam id dolor id nibh ultricies vehicula ut id elit. Donec ullamcorper nulla non metus auctor fringilla.<\\/p>\\r\\n<p>Cras mattis consectetur purus sit amet fermentum. Aenean eu leo quam. Pellentesque ornare sem lacinia quam venenatis vestibulum. Cum sociis natoque penatibus et magnis dis parturient montes, nascetur ridiculus mus. Praesent commodo cursus magna, vel scelerisque nisl consectetur et. Maecenas sed diam eget risus varius blandit sit amet non magna. Curabitur blandit tempus porttitor. Maecenas faucibus mollis interdum.<\\/p>\",\"5\":[\"6\"],\"4\":[\"18\"]}}', '2017-12-10 23:27:52', '2017-12-10 23:27:52', '66941bf9-53c8-4a55-85b0-b70d03d5202b'),
 ('23', '23', '3', '1', 'en_gb', '3', '', '{\"typeId\":\"3\",\"authorId\":\"1\",\"title\":\"Micheal Vonck\",\"slug\":\"micheal-vonck\",\"postDate\":1512948360,\"expiryDate\":null,\"enabled\":1,\"parentId\":null,\"fields\":{\"1\":\"<p>Nulla vitae elit libero, a pharetra augue. Nullam quis risus eget urna mollis ornare vel eu leo. Nulla vitae elit libero, a pharetra augue. Lorem ipsum dolor sit amet, consectetur adipiscing elit. Maecenas sed diam eget risus varius blandit sit amet non magna. Nulla vitae elit libero, a pharetra augue.<\\/p>\\r\\n<p>Donec ullamcorper nulla non metus auctor fringilla. Donec id elit non mi porta gravida at eget metus. Sed posuere consectetur est at lobortis. Cras justo odio, dapibus ac facilisis in, egestas eget quam.<\\/p>\\r\\n<p>Cras mattis consectetur purus sit amet fermentum. Nulla vitae elit libero, a pharetra augue. Fusce dapibus, tellus ac cursus commodo, tortor mauris condimentum nibh, ut fermentum massa justo sit amet risus. Fusce dapibus, tellus ac cursus commodo, tortor mauris condimentum nibh, ut fermentum massa justo sit amet risus. Maecenas faucibus mollis interdum.<\\/p>\",\"5\":[\"6\"],\"4\":[\"18\"]}}', '2017-12-10 23:28:16', '2017-12-10 23:28:16', 'e8e75eff-240b-447e-bf6b-7c0cb1d8b92c');



DROP TABLE IF EXISTS `craft_fieldgroups`;


--
-- Schema for table `craft_fieldgroups`
--
CREATE TABLE `craft_fieldgroups` (
  `id` int(11) NOT NULL AUTO_INCREMENT,
  `name` varchar(255) COLLATE utf8_unicode_ci NOT NULL,
  `dateCreated` datetime NOT NULL,
  `dateUpdated` datetime NOT NULL,
  `uid` char(36) COLLATE utf8_unicode_ci NOT NULL DEFAULT '0',
  PRIMARY KEY (`id`),
  UNIQUE KEY `craft_fieldgroups_name_unq_idx` (`name`)
) ENGINE=InnoDB AUTO_INCREMENT=2 DEFAULT CHARSET=utf8 COLLATE=utf8_unicode_ci;

--
-- Data for table `craft_fieldgroups`
--

INSERT INTO `craft_fieldgroups` (`id`, `name`, `dateCreated`, `dateUpdated`, `uid`) VALUES
 ('1', 'Default', '2017-12-10 22:25:19', '2017-12-10 22:25:19', 'fe947e49-bfbd-4828-a6c0-147b006bfc59');



DROP TABLE IF EXISTS `craft_fieldlayoutfields`;


--
-- Schema for table `craft_fieldlayoutfields`
--
CREATE TABLE `craft_fieldlayoutfields` (
  `id` int(11) NOT NULL AUTO_INCREMENT,
  `layoutId` int(11) NOT NULL,
  `tabId` int(11) NOT NULL,
  `fieldId` int(11) NOT NULL,
  `required` tinyint(1) unsigned NOT NULL DEFAULT '0',
  `sortOrder` smallint(6) unsigned DEFAULT NULL,
  `dateCreated` datetime NOT NULL,
  `dateUpdated` datetime NOT NULL,
  `uid` char(36) COLLATE utf8_unicode_ci NOT NULL DEFAULT '0',
  PRIMARY KEY (`id`),
  UNIQUE KEY `craft_fieldlayoutfields_layoutId_fieldId_unq_idx` (`layoutId`,`fieldId`),
  KEY `craft_fieldlayoutfields_sortOrder_idx` (`sortOrder`),
  KEY `craft_fieldlayoutfields_tabId_fk` (`tabId`),
  KEY `craft_fieldlayoutfields_fieldId_fk` (`fieldId`)
) ENGINE=InnoDB AUTO_INCREMENT=15 DEFAULT CHARSET=utf8 COLLATE=utf8_unicode_ci;

--
-- Data for table `craft_fieldlayoutfields`
--

INSERT INTO `craft_fieldlayoutfields` (`id`, `layoutId`, `tabId`, `fieldId`, `required`, `sortOrder`, `dateCreated`, `dateUpdated`, `uid`) VALUES
 ('6', '9', '4', '4', '0', '1', '2017-12-10 22:38:05', '2017-12-10 22:38:05', '880a3d11-e806-4200-bf42-226d84caa913'),
 ('7', '9', '4', '1', '1', '2', '2017-12-10 22:38:05', '2017-12-10 22:38:05', 'f33f23a6-70ee-4dec-9b60-f755ecbeb8b1'),
 ('8', '10', '5', '4', '0', '1', '2017-12-10 22:39:33', '2017-12-10 22:39:33', '78e1a33b-1065-40e3-abb1-7bb5f7bec8c1'),
 ('9', '10', '5', '1', '0', '2', '2017-12-10 22:39:33', '2017-12-10 22:39:33', '9f377937-c81f-45fc-b4a9-3668b289f142'),
 ('12', '13', '7', '5', '0', '1', '2017-12-10 23:09:03', '2017-12-10 23:09:03', '3866c11e-158f-4d66-825b-5f10b472a1f2'),
 ('13', '13', '7', '1', '0', '2', '2017-12-10 23:09:03', '2017-12-10 23:09:03', '6e91bc8c-570d-4265-b09f-f1b8522fd89f'),
 ('14', '13', '7', '4', '0', '3', '2017-12-10 23:09:03', '2017-12-10 23:09:03', 'ce2501ee-3ab7-48a0-99ef-fcf650c45883');



DROP TABLE IF EXISTS `craft_fieldlayouts`;


--
-- Schema for table `craft_fieldlayouts`
--
CREATE TABLE `craft_fieldlayouts` (
  `id` int(11) NOT NULL AUTO_INCREMENT,
  `type` varchar(150) COLLATE utf8_unicode_ci NOT NULL,
  `dateCreated` datetime NOT NULL,
  `dateUpdated` datetime NOT NULL,
  `uid` char(36) COLLATE utf8_unicode_ci NOT NULL DEFAULT '0',
  PRIMARY KEY (`id`),
  KEY `craft_fieldlayouts_type_idx` (`type`)
) ENGINE=InnoDB AUTO_INCREMENT=14 DEFAULT CHARSET=utf8 COLLATE=utf8_unicode_ci;

--
-- Data for table `craft_fieldlayouts`
--

INSERT INTO `craft_fieldlayouts` (`id`, `type`, `dateCreated`, `dateUpdated`, `uid`) VALUES
 ('1', 'Tag', '2017-12-10 22:25:19', '2017-12-10 22:25:19', 'e13dd61f-2e16-4275-8513-ae839ac639d4'),
 ('6', 'Asset', '2017-12-10 22:29:23', '2017-12-10 22:29:23', 'f1b41db4-03d2-44a1-a618-990603a416bd'),
 ('9', 'Entry', '2017-12-10 22:38:05', '2017-12-10 22:38:05', '8ad056a1-0f83-4bdf-9464-74fd6eb30e41'),
 ('10', 'Category', '2017-12-10 22:39:33', '2017-12-10 22:39:33', 'ab9a17b8-a127-4346-85aa-e3b9a391e6a6'),
 ('13', 'Entry', '2017-12-10 23:09:03', '2017-12-10 23:09:03', '12ff2e0c-e818-4edf-a385-30ec92f05cf3');



DROP TABLE IF EXISTS `craft_fieldlayouttabs`;


--
-- Schema for table `craft_fieldlayouttabs`
--
CREATE TABLE `craft_fieldlayouttabs` (
  `id` int(11) NOT NULL AUTO_INCREMENT,
  `layoutId` int(11) NOT NULL,
  `name` varchar(255) COLLATE utf8_unicode_ci NOT NULL,
  `sortOrder` smallint(6) unsigned DEFAULT NULL,
  `dateCreated` datetime NOT NULL,
  `dateUpdated` datetime NOT NULL,
  `uid` char(36) COLLATE utf8_unicode_ci NOT NULL DEFAULT '0',
  PRIMARY KEY (`id`),
  KEY `craft_fieldlayouttabs_sortOrder_idx` (`sortOrder`),
  KEY `craft_fieldlayouttabs_layoutId_fk` (`layoutId`)
) ENGINE=InnoDB AUTO_INCREMENT=8 DEFAULT CHARSET=utf8 COLLATE=utf8_unicode_ci;

--
-- Data for table `craft_fieldlayouttabs`
--

INSERT INTO `craft_fieldlayouttabs` (`id`, `layoutId`, `name`, `sortOrder`, `dateCreated`, `dateUpdated`, `uid`) VALUES
 ('4', '9', 'Content', '1', '2017-12-10 22:38:05', '2017-12-10 22:38:05', '74c45647-afee-45aa-9189-77e90da3bd2d'),
 ('5', '10', 'Layout', '1', '2017-12-10 22:39:33', '2017-12-10 22:39:33', 'f7798e27-0836-418b-89d0-086fdc7c09ab'),
 ('7', '13', 'Layout', '1', '2017-12-10 23:09:03', '2017-12-10 23:09:03', 'b5ca73c2-c649-4de8-bf3c-e29c40ede222');



DROP TABLE IF EXISTS `craft_fields`;


--
-- Schema for table `craft_fields`
--
CREATE TABLE `craft_fields` (
  `id` int(11) NOT NULL AUTO_INCREMENT,
  `groupId` int(11) DEFAULT NULL,
  `name` varchar(255) COLLATE utf8_unicode_ci NOT NULL,
  `handle` varchar(58) COLLATE utf8_unicode_ci NOT NULL,
  `context` varchar(255) COLLATE utf8_unicode_ci NOT NULL DEFAULT 'global',
  `instructions` text COLLATE utf8_unicode_ci,
  `translatable` tinyint(1) unsigned NOT NULL DEFAULT '0',
  `type` varchar(150) COLLATE utf8_unicode_ci NOT NULL,
  `settings` text COLLATE utf8_unicode_ci,
  `dateCreated` datetime NOT NULL,
  `dateUpdated` datetime NOT NULL,
  `uid` char(36) COLLATE utf8_unicode_ci NOT NULL DEFAULT '0',
  PRIMARY KEY (`id`),
  UNIQUE KEY `craft_fields_handle_context_unq_idx` (`handle`,`context`),
  KEY `craft_fields_context_idx` (`context`),
  KEY `craft_fields_groupId_fk` (`groupId`)
) ENGINE=InnoDB AUTO_INCREMENT=6 DEFAULT CHARSET=utf8 COLLATE=utf8_unicode_ci;

--
-- Data for table `craft_fields`
--

INSERT INTO `craft_fields` (`id`, `groupId`, `name`, `handle`, `context`, `instructions`, `translatable`, `type`, `settings`, `dateCreated`, `dateUpdated`, `uid`) VALUES
 ('1', '1', 'Body', 'body', 'global', NULL, '1', 'RichText', '{\"configFile\":\"Standard.json\",\"columnType\":\"text\"}', '2017-12-10 22:25:19', '2017-12-10 22:25:19', 'a61d9864-d0f4-42bc-bc12-50bb4100f1cc'),
 ('2', '1', 'Tags', 'tags', 'global', NULL, '0', 'Tags', '{\"source\":\"taggroup:1\"}', '2017-12-10 22:25:19', '2017-12-10 22:25:19', '992e48a5-1d7f-49b1-aa6f-9a4855a6a8bb'),
 ('4', '1', 'Hero Image', 'heroImage', 'global', '', '0', 'Assets', '{\"useSingleFolder\":\"\",\"sources\":[\"folder:1\"],\"defaultUploadLocationSource\":\"1\",\"defaultUploadLocationSubpath\":\"\",\"singleUploadLocationSource\":\"1\",\"singleUploadLocationSubpath\":\"\",\"restrictFiles\":\"\",\"limit\":\"1\",\"viewMode\":\"large\",\"selectionLabel\":\"\"}', '2017-12-10 22:36:36', '2017-12-10 22:36:36', '79bc9b20-55eb-4380-ab8c-b9f380ada7f7'),
 ('5', '1', 'Class', 'class', 'global', '', '0', 'Categories', '{\"source\":\"group:1\",\"limit\":\"1\",\"selectionLabel\":\"Add a Class\"}', '2017-12-10 23:07:53', '2017-12-10 23:08:14', '255a95d0-1723-4c9a-b244-11745d6c203e');



DROP TABLE IF EXISTS `craft_globalsets`;


--
-- Schema for table `craft_globalsets`
--
CREATE TABLE `craft_globalsets` (
  `id` int(11) NOT NULL,
  `name` varchar(255) COLLATE utf8_unicode_ci NOT NULL,
  `handle` varchar(255) COLLATE utf8_unicode_ci NOT NULL,
  `fieldLayoutId` int(10) DEFAULT NULL,
  `dateCreated` datetime NOT NULL,
  `dateUpdated` datetime NOT NULL,
  `uid` char(36) COLLATE utf8_unicode_ci NOT NULL DEFAULT '0',
  PRIMARY KEY (`id`),
  UNIQUE KEY `craft_globalsets_name_unq_idx` (`name`),
  UNIQUE KEY `craft_globalsets_handle_unq_idx` (`handle`),
  KEY `craft_globalsets_fieldLayoutId_fk` (`fieldLayoutId`)
) ENGINE=InnoDB DEFAULT CHARSET=utf8 COLLATE=utf8_unicode_ci;

DROP TABLE IF EXISTS `craft_info`;


--
-- Schema for table `craft_info`
--
CREATE TABLE `craft_info` (
  `id` int(11) NOT NULL AUTO_INCREMENT,
  `version` varchar(50) COLLATE utf8_unicode_ci NOT NULL,
  `schemaVersion` varchar(15) COLLATE utf8_unicode_ci NOT NULL,
  `edition` tinyint(1) unsigned NOT NULL DEFAULT '0',
  `siteName` varchar(100) COLLATE utf8_unicode_ci NOT NULL,
  `siteUrl` varchar(255) COLLATE utf8_unicode_ci NOT NULL,
  `timezone` varchar(30) COLLATE utf8_unicode_ci DEFAULT NULL,
  `on` tinyint(1) unsigned NOT NULL DEFAULT '0',
  `maintenance` tinyint(1) unsigned NOT NULL DEFAULT '0',
  `dateCreated` datetime NOT NULL,
  `dateUpdated` datetime NOT NULL,
  `uid` char(36) COLLATE utf8_unicode_ci NOT NULL DEFAULT '0',
  PRIMARY KEY (`id`)
) ENGINE=InnoDB AUTO_INCREMENT=2 DEFAULT CHARSET=utf8 COLLATE=utf8_unicode_ci;

--
-- Data for table `craft_info`
--

INSERT INTO `craft_info` (`id`, `version`, `schemaVersion`, `edition`, `siteName`, `siteUrl`, `timezone`, `on`, `maintenance`, `dateCreated`, `dateUpdated`, `uid`) VALUES
 ('1', '2.6.3000', '2.6.13', '0', 'Class of 2018', 'http://gareths-imac.local:5757', 'UTC', '1', '0', '2017-12-10 22:25:14', '2017-12-10 22:25:14', 'f9f6adc3-15c1-4e8d-a195-1294f36daa14');



DROP TABLE IF EXISTS `craft_locales`;


--
-- Schema for table `craft_locales`
--
CREATE TABLE `craft_locales` (
  `locale` char(12) COLLATE utf8_unicode_ci NOT NULL,
  `sortOrder` smallint(6) unsigned DEFAULT NULL,
  `dateCreated` datetime NOT NULL,
  `dateUpdated` datetime NOT NULL,
  `uid` char(36) COLLATE utf8_unicode_ci NOT NULL DEFAULT '0',
  PRIMARY KEY (`locale`),
  KEY `craft_locales_sortOrder_idx` (`sortOrder`)
) ENGINE=InnoDB DEFAULT CHARSET=utf8 COLLATE=utf8_unicode_ci;

--
-- Data for table `craft_locales`
--

INSERT INTO `craft_locales` (`locale`, `sortOrder`, `dateCreated`, `dateUpdated`, `uid`) VALUES
 ('en_gb', '1', '2017-12-10 22:25:15', '2017-12-10 22:25:15', 'a221d221-da96-45e1-a349-73f4f0d5d2c1');



DROP TABLE IF EXISTS `craft_matrixblocks`;


--
-- Schema for table `craft_matrixblocks`
--
CREATE TABLE `craft_matrixblocks` (
  `id` int(11) NOT NULL,
  `ownerId` int(11) NOT NULL,
  `fieldId` int(11) NOT NULL,
  `typeId` int(11) DEFAULT NULL,
  `sortOrder` smallint(6) unsigned DEFAULT NULL,
  `ownerLocale` char(12) COLLATE utf8_unicode_ci DEFAULT NULL,
  `dateCreated` datetime NOT NULL,
  `dateUpdated` datetime NOT NULL,
  `uid` char(36) COLLATE utf8_unicode_ci NOT NULL DEFAULT '0',
  PRIMARY KEY (`id`),
  KEY `craft_matrixblocks_ownerId_idx` (`ownerId`),
  KEY `craft_matrixblocks_fieldId_idx` (`fieldId`),
  KEY `craft_matrixblocks_typeId_idx` (`typeId`),
  KEY `craft_matrixblocks_sortOrder_idx` (`sortOrder`),
  KEY `craft_matrixblocks_ownerLocale_fk` (`ownerLocale`)
) ENGINE=InnoDB DEFAULT CHARSET=utf8 COLLATE=utf8_unicode_ci;

DROP TABLE IF EXISTS `craft_matrixblocktypes`;


--
-- Schema for table `craft_matrixblocktypes`
--
CREATE TABLE `craft_matrixblocktypes` (
  `id` int(11) NOT NULL AUTO_INCREMENT,
  `fieldId` int(11) NOT NULL,
  `fieldLayoutId` int(11) DEFAULT NULL,
  `name` varchar(255) COLLATE utf8_unicode_ci NOT NULL,
  `handle` varchar(255) COLLATE utf8_unicode_ci NOT NULL,
  `sortOrder` smallint(6) unsigned DEFAULT NULL,
  `dateCreated` datetime NOT NULL,
  `dateUpdated` datetime NOT NULL,
  `uid` char(36) COLLATE utf8_unicode_ci NOT NULL DEFAULT '0',
  PRIMARY KEY (`id`),
  UNIQUE KEY `craft_matrixblocktypes_name_fieldId_unq_idx` (`name`,`fieldId`),
  UNIQUE KEY `craft_matrixblocktypes_handle_fieldId_unq_idx` (`handle`,`fieldId`),
  KEY `craft_matrixblocktypes_fieldId_fk` (`fieldId`),
  KEY `craft_matrixblocktypes_fieldLayoutId_fk` (`fieldLayoutId`)
) ENGINE=InnoDB DEFAULT CHARSET=utf8 COLLATE=utf8_unicode_ci;

DROP TABLE IF EXISTS `craft_migrations`;


--
-- Schema for table `craft_migrations`
--
CREATE TABLE `craft_migrations` (
  `id` int(11) NOT NULL AUTO_INCREMENT,
  `pluginId` int(11) DEFAULT NULL,
  `version` varchar(255) COLLATE utf8_unicode_ci NOT NULL,
  `applyTime` datetime NOT NULL,
  `dateCreated` datetime NOT NULL,
  `dateUpdated` datetime NOT NULL,
  `uid` char(36) COLLATE utf8_unicode_ci NOT NULL DEFAULT '0',
  PRIMARY KEY (`id`),
  UNIQUE KEY `craft_migrations_version_unq_idx` (`version`),
  KEY `craft_migrations_pluginId_fk` (`pluginId`)
) ENGINE=InnoDB AUTO_INCREMENT=43 DEFAULT CHARSET=utf8 COLLATE=utf8_unicode_ci;

--
-- Data for table `craft_migrations`
--

INSERT INTO `craft_migrations` (`id`, `pluginId`, `version`, `applyTime`, `dateCreated`, `dateUpdated`, `uid`) VALUES
 ('1', NULL, 'm000000_000000_base', '2017-12-10 22:25:14', '2017-12-10 22:25:14', '2017-12-10 22:25:14', '23128267-4883-418d-9ad2-80e511d20698'),
 ('2', NULL, 'm140730_000001_add_filename_and_format_to_transformindex', '2017-12-10 22:25:14', '2017-12-10 22:25:14', '2017-12-10 22:25:14', '84bab061-721c-435c-8d82-b5201c58030e'),
 ('3', NULL, 'm140815_000001_add_format_to_transforms', '2017-12-10 22:25:14', '2017-12-10 22:25:14', '2017-12-10 22:25:14', '89b2777d-15dc-4cd8-b964-e38aba5a44d2'),
 ('4', NULL, 'm140822_000001_allow_more_than_128_items_per_field', '2017-12-10 22:25:14', '2017-12-10 22:25:14', '2017-12-10 22:25:14', '6136db55-f341-4039-9362-3e289f03c1b2'),
 ('5', NULL, 'm140829_000001_single_title_formats', '2017-12-10 22:25:14', '2017-12-10 22:25:14', '2017-12-10 22:25:14', 'ed5f4bac-760e-4340-9637-7bc053278806'),
 ('6', NULL, 'm140831_000001_extended_cache_keys', '2017-12-10 22:25:14', '2017-12-10 22:25:14', '2017-12-10 22:25:14', 'fd1a34b0-820b-46e4-a9d1-fec61f1190e8'),
 ('7', NULL, 'm140922_000001_delete_orphaned_matrix_blocks', '2017-12-10 22:25:14', '2017-12-10 22:25:14', '2017-12-10 22:25:14', '0f33f06c-652f-47ce-85bf-87c52211a3a2'),
 ('8', NULL, 'm141008_000001_elements_index_tune', '2017-12-10 22:25:14', '2017-12-10 22:25:14', '2017-12-10 22:25:14', '51995919-dc23-4581-af2a-9e02e76857b4'),
 ('9', NULL, 'm141009_000001_assets_source_handle', '2017-12-10 22:25:14', '2017-12-10 22:25:14', '2017-12-10 22:25:14', 'da5f749a-2d94-499b-8ef6-c6b2185da850'),
 ('10', NULL, 'm141024_000001_field_layout_tabs', '2017-12-10 22:25:14', '2017-12-10 22:25:14', '2017-12-10 22:25:14', 'add7a914-9939-47f9-9e57-b6b4f8bdc34c'),
 ('11', NULL, 'm141030_000000_plugin_schema_versions', '2017-12-10 22:25:14', '2017-12-10 22:25:14', '2017-12-10 22:25:14', '1dd281ad-8a4b-4e27-8574-11864fba0801'),
 ('12', NULL, 'm141030_000001_drop_structure_move_permission', '2017-12-10 22:25:14', '2017-12-10 22:25:14', '2017-12-10 22:25:14', '52cb7bf1-9580-4f0d-867a-dedf9999daca'),
 ('13', NULL, 'm141103_000001_tag_titles', '2017-12-10 22:25:14', '2017-12-10 22:25:14', '2017-12-10 22:25:14', '89075cc5-5d3e-4f39-9949-0f278bc5c23f'),
 ('14', NULL, 'm141109_000001_user_status_shuffle', '2017-12-10 22:25:14', '2017-12-10 22:25:14', '2017-12-10 22:25:14', 'b1924683-a4a0-440b-accc-6c4ea95f17a9'),
 ('15', NULL, 'm141126_000001_user_week_start_day', '2017-12-10 22:25:14', '2017-12-10 22:25:14', '2017-12-10 22:25:14', '0a7b0661-1d43-4a50-ad4e-87e2311b79af'),
 ('16', NULL, 'm150210_000001_adjust_user_photo_size', '2017-12-10 22:25:14', '2017-12-10 22:25:14', '2017-12-10 22:25:14', 'c57db7cc-7477-458b-b51b-69ef0f5f13c0'),
 ('17', NULL, 'm150724_000001_adjust_quality_settings', '2017-12-10 22:25:14', '2017-12-10 22:25:14', '2017-12-10 22:25:14', '9660d986-f397-4d09-9c88-a573d8df81e1'),
 ('18', NULL, 'm150827_000000_element_index_settings', '2017-12-10 22:25:14', '2017-12-10 22:25:14', '2017-12-10 22:25:14', '83f6d0a8-06aa-46ff-aa98-30e4a048e354'),
 ('19', NULL, 'm150918_000001_add_colspan_to_widgets', '2017-12-10 22:25:14', '2017-12-10 22:25:14', '2017-12-10 22:25:14', '1e696f95-7091-41da-8924-c10fd7599bf4'),
 ('20', NULL, 'm151007_000000_clear_asset_caches', '2017-12-10 22:25:14', '2017-12-10 22:25:14', '2017-12-10 22:25:14', 'fa361f6d-4255-482a-8513-6db825ea3757'),
 ('21', NULL, 'm151109_000000_text_url_formats', '2017-12-10 22:25:14', '2017-12-10 22:25:14', '2017-12-10 22:25:14', '5d2ea703-7faa-4516-baf7-c272a138ac38'),
 ('22', NULL, 'm151110_000000_move_logo', '2017-12-10 22:25:14', '2017-12-10 22:25:14', '2017-12-10 22:25:14', '5c6622c3-5e81-4b94-9c25-0934d2a7282d'),
 ('23', NULL, 'm151117_000000_adjust_image_widthheight', '2017-12-10 22:25:14', '2017-12-10 22:25:14', '2017-12-10 22:25:14', 'a8bb78f1-dd1a-4682-9385-8b66804af750'),
 ('24', NULL, 'm151127_000000_clear_license_key_status', '2017-12-10 22:25:14', '2017-12-10 22:25:14', '2017-12-10 22:25:14', '5ce90a4e-7b75-417b-920c-a1a4c7f7a849'),
 ('25', NULL, 'm151127_000000_plugin_license_keys', '2017-12-10 22:25:14', '2017-12-10 22:25:14', '2017-12-10 22:25:14', '607e7302-8474-40a5-a943-be1e59e611c4'),
 ('26', NULL, 'm151130_000000_update_pt_widget_feeds', '2017-12-10 22:25:14', '2017-12-10 22:25:14', '2017-12-10 22:25:14', 'cfa921cc-7e68-4a04-a784-0b0afe284697'),
 ('27', NULL, 'm160114_000000_asset_sources_public_url_default_true', '2017-12-10 22:25:14', '2017-12-10 22:25:14', '2017-12-10 22:25:14', 'cec3d9a8-f233-482f-9e95-8f62f4dc5540'),
 ('28', NULL, 'm160223_000000_sortorder_to_smallint', '2017-12-10 22:25:14', '2017-12-10 22:25:14', '2017-12-10 22:25:14', '8fb8955c-8092-445c-ab86-e9dac0d1c7bc'),
 ('29', NULL, 'm160229_000000_set_default_entry_statuses', '2017-12-10 22:25:14', '2017-12-10 22:25:14', '2017-12-10 22:25:14', 'bed5749c-f816-4a3e-8749-f92813156556'),
 ('30', NULL, 'm160304_000000_client_permissions', '2017-12-10 22:25:14', '2017-12-10 22:25:14', '2017-12-10 22:25:14', '63df42fe-51a8-4786-88f8-d6c4f4708b7a'),
 ('31', NULL, 'm160322_000000_asset_filesize', '2017-12-10 22:25:14', '2017-12-10 22:25:14', '2017-12-10 22:25:14', 'd410b0c6-278d-4591-b5b8-cf90bb03423b'),
 ('32', NULL, 'm160503_000000_orphaned_fieldlayouts', '2017-12-10 22:25:14', '2017-12-10 22:25:14', '2017-12-10 22:25:14', '63093af8-26b8-4a0a-8cb6-bbfc401fcd93'),
 ('33', NULL, 'm160510_000000_tasksettings', '2017-12-10 22:25:14', '2017-12-10 22:25:14', '2017-12-10 22:25:14', '02b4b7b5-f608-416a-bd87-4f53ac68512b'),
 ('34', NULL, 'm160829_000000_pending_user_content_cleanup', '2017-12-10 22:25:14', '2017-12-10 22:25:14', '2017-12-10 22:25:14', 'e21b4607-27a9-4ab3-8437-2860171549b2'),
 ('35', NULL, 'm160830_000000_asset_index_uri_increase', '2017-12-10 22:25:14', '2017-12-10 22:25:14', '2017-12-10 22:25:14', '6e8daac4-0d4d-485c-97ed-b6bbfe41559e'),
 ('36', NULL, 'm160919_000000_usergroup_handle_title_unique', '2017-12-10 22:25:14', '2017-12-10 22:25:14', '2017-12-10 22:25:14', '98d2f2e1-a6a9-4fe6-b784-14a47634f7e7'),
 ('37', NULL, 'm161108_000000_new_version_format', '2017-12-10 22:25:14', '2017-12-10 22:25:14', '2017-12-10 22:25:14', 'f6f21ee0-04a0-4640-940f-380309062902'),
 ('38', NULL, 'm161109_000000_index_shuffle', '2017-12-10 22:25:14', '2017-12-10 22:25:14', '2017-12-10 22:25:14', '2aeb0835-fd70-43e7-8b7d-8ccfc90d5774'),
 ('39', NULL, 'm170612_000000_route_index_shuffle', '2017-12-10 22:25:14', '2017-12-10 22:25:14', '2017-12-10 22:25:14', '9ade6c74-58d4-45b9-aff5-8fd33c24ac34'),
 ('40', NULL, 'm171107_000000_assign_group_permissions', '2017-12-10 22:25:14', '2017-12-10 22:25:14', '2017-12-10 22:25:14', 'be98094d-456c-4fb3-aa98-ebe73c13faf0'),
 ('41', NULL, 'm171117_000001_templatecache_index_tune', '2017-12-10 22:25:14', '2017-12-10 22:25:14', '2017-12-10 22:25:14', '4fcf721d-4c16-49c4-8148-684c95964271'),
 ('42', NULL, 'm171204_000001_templatecache_index_tune_deux', '2017-12-10 22:25:14', '2017-12-10 22:25:14', '2017-12-10 22:25:14', '228ea2fa-9170-4e63-8213-6a22458163fa');



DROP TABLE IF EXISTS `craft_plugins`;


--
-- Schema for table `craft_plugins`
--
CREATE TABLE `craft_plugins` (
  `id` int(11) NOT NULL AUTO_INCREMENT,
  `class` varchar(150) COLLATE utf8_unicode_ci NOT NULL,
  `version` varchar(15) COLLATE utf8_unicode_ci NOT NULL,
  `schemaVersion` varchar(15) COLLATE utf8_unicode_ci DEFAULT NULL,
  `licenseKey` char(24) COLLATE utf8_unicode_ci DEFAULT NULL,
  `licenseKeyStatus` enum('valid','invalid','mismatched','unknown') COLLATE utf8_unicode_ci NOT NULL DEFAULT 'unknown',
  `enabled` tinyint(1) unsigned NOT NULL DEFAULT '0',
  `settings` text COLLATE utf8_unicode_ci,
  `installDate` datetime NOT NULL,
  `dateCreated` datetime NOT NULL,
  `dateUpdated` datetime NOT NULL,
  `uid` char(36) COLLATE utf8_unicode_ci NOT NULL DEFAULT '0',
  PRIMARY KEY (`id`)
) ENGINE=InnoDB DEFAULT CHARSET=utf8 COLLATE=utf8_unicode_ci;

DROP TABLE IF EXISTS `craft_rackspaceaccess`;


--
-- Schema for table `craft_rackspaceaccess`
--
CREATE TABLE `craft_rackspaceaccess` (
  `id` int(11) NOT NULL AUTO_INCREMENT,
  `connectionKey` varchar(255) COLLATE utf8_unicode_ci NOT NULL,
  `token` varchar(255) COLLATE utf8_unicode_ci NOT NULL,
  `storageUrl` varchar(255) COLLATE utf8_unicode_ci NOT NULL,
  `cdnUrl` varchar(255) COLLATE utf8_unicode_ci NOT NULL,
  `dateCreated` datetime NOT NULL,
  `dateUpdated` datetime NOT NULL,
  `uid` char(36) COLLATE utf8_unicode_ci NOT NULL DEFAULT '0',
  PRIMARY KEY (`id`),
  UNIQUE KEY `craft_rackspaceaccess_connectionKey_unq_idx` (`connectionKey`)
) ENGINE=InnoDB DEFAULT CHARSET=utf8 COLLATE=utf8_unicode_ci;

DROP TABLE IF EXISTS `craft_relations`;


--
-- Schema for table `craft_relations`
--
CREATE TABLE `craft_relations` (
  `id` int(11) NOT NULL AUTO_INCREMENT,
  `fieldId` int(11) NOT NULL,
  `sourceId` int(11) NOT NULL,
  `sourceLocale` char(12) COLLATE utf8_unicode_ci DEFAULT NULL,
  `targetId` int(11) NOT NULL,
  `sortOrder` smallint(6) DEFAULT NULL,
  `dateCreated` datetime NOT NULL,
  `dateUpdated` datetime NOT NULL,
  `uid` char(36) COLLATE utf8_unicode_ci NOT NULL DEFAULT '0',
  PRIMARY KEY (`id`),
  UNIQUE KEY `craft_relations_fieldId_sourceId_sourceLocale_targetId_unq_idx` (`fieldId`,`sourceId`,`sourceLocale`,`targetId`),
  KEY `craft_relations_sourceId_fk` (`sourceId`),
  KEY `craft_relations_sourceLocale_fk` (`sourceLocale`),
  KEY `craft_relations_targetId_fk` (`targetId`)
) ENGINE=InnoDB AUTO_INCREMENT=35 DEFAULT CHARSET=utf8 COLLATE=utf8_unicode_ci;

--
-- Data for table `craft_relations`
--

INSERT INTO `craft_relations` (`id`, `fieldId`, `sourceId`, `sourceLocale`, `targetId`, `sortOrder`, `dateCreated`, `dateUpdated`, `uid`) VALUES
 ('9', '4', '6', NULL, '13', '1', '2017-12-10 22:53:28', '2017-12-10 22:53:28', '437fdfe0-6977-4a4e-a536-e548e9eb9483'),
 ('10', '4', '7', NULL, '14', '1', '2017-12-10 22:53:33', '2017-12-10 22:53:33', 'e3c14e20-dab6-400a-8e02-58e25bd42132'),
 ('11', '4', '8', NULL, '15', '1', '2017-12-10 22:53:37', '2017-12-10 22:53:37', 'f4704162-5dca-44a6-bd0a-7f955bbb68c0'),
 ('12', '4', '9', NULL, '5', '1', '2017-12-10 22:53:41', '2017-12-10 22:53:41', 'cb7e5f47-9679-4e19-9f06-f86bae9fac06'),
 ('13', '4', '10', NULL, '12', '1', '2017-12-10 22:53:46', '2017-12-10 22:53:46', 'd223927f-f230-4e77-badc-6127ace9e2a7'),
 ('14', '4', '2', NULL, '4', '1', '2017-12-10 23:03:07', '2017-12-10 23:03:07', '7d0d8525-a70f-4a91-84c9-6117afc4e02f'),
 ('18', '5', '17', NULL, '7', '1', '2017-12-10 23:20:36', '2017-12-10 23:20:36', '5cf370e9-19c0-45ea-afe0-a662d206b34b'),
 ('19', '4', '17', NULL, '18', '1', '2017-12-10 23:20:36', '2017-12-10 23:20:36', '3e98398f-a4c1-440f-bd5e-c05bd648a2ae'),
 ('20', '5', '16', NULL, '6', '1', '2017-12-10 23:24:23', '2017-12-10 23:24:23', '55dda1fe-2285-4a92-8f08-883d71825d1d'),
 ('21', '4', '16', NULL, '18', '1', '2017-12-10 23:24:23', '2017-12-10 23:24:23', 'bc7af63d-22c3-4615-a60b-27a57aad254f'),
 ('22', '5', '19', NULL, '6', '1', '2017-12-10 23:25:16', '2017-12-10 23:25:16', '5d01d61b-6dec-4eee-b17c-705cb8df3fe3'),
 ('23', '4', '19', NULL, '18', '1', '2017-12-10 23:25:16', '2017-12-10 23:25:16', 'e4836c00-0b49-4097-b520-614c7b26bb60'),
 ('24', '5', '20', NULL, '6', '1', '2017-12-10 23:25:38', '2017-12-10 23:25:38', '222e5850-f797-48ac-a6bd-cf5f52f58c7c'),
 ('25', '4', '20', NULL, '18', '1', '2017-12-10 23:25:39', '2017-12-10 23:25:39', '939b603c-43ac-479b-84f9-c4b29d5a7c02'),
 ('29', '5', '21', NULL, '6', '1', '2017-12-10 23:27:42', '2017-12-10 23:27:42', '4c4f317d-ef19-450c-817f-4c45edac616a'),
 ('30', '4', '21', NULL, '18', '1', '2017-12-10 23:27:42', '2017-12-10 23:27:42', 'e27173b9-d30f-4adc-a4a3-436222bb8ae8'),
 ('31', '5', '22', NULL, '6', '1', '2017-12-10 23:27:52', '2017-12-10 23:27:52', 'fbf5405d-481e-492d-adbd-5852ea7ad4b5'),
 ('32', '4', '22', NULL, '18', '1', '2017-12-10 23:27:52', '2017-12-10 23:27:52', '11543e66-1152-4a22-ad80-50582e66a77d'),
 ('33', '5', '23', NULL, '6', '1', '2017-12-10 23:28:16', '2017-12-10 23:28:16', '61d0e357-868f-44c4-9f2d-7ff11b69f1e1'),
 ('34', '4', '23', NULL, '18', '1', '2017-12-10 23:28:16', '2017-12-10 23:28:16', '881f579d-c17e-4789-93ce-4afd63177552');



DROP TABLE IF EXISTS `craft_routes`;


--
-- Schema for table `craft_routes`
--
CREATE TABLE `craft_routes` (
  `id` int(11) NOT NULL AUTO_INCREMENT,
  `locale` char(12) COLLATE utf8_unicode_ci DEFAULT NULL,
  `urlParts` varchar(255) COLLATE utf8_unicode_ci NOT NULL,
  `urlPattern` varchar(255) COLLATE utf8_unicode_ci NOT NULL,
  `template` varchar(255) COLLATE utf8_unicode_ci NOT NULL,
  `sortOrder` smallint(6) unsigned DEFAULT NULL,
  `dateCreated` datetime NOT NULL,
  `dateUpdated` datetime NOT NULL,
  `uid` char(36) COLLATE utf8_unicode_ci NOT NULL DEFAULT '0',
  PRIMARY KEY (`id`),
  KEY `craft_routes_locale_idx` (`locale`),
  KEY `craft_routes_urlPattern_idx` (`urlPattern`)
) ENGINE=InnoDB DEFAULT CHARSET=utf8 COLLATE=utf8_unicode_ci;

DROP TABLE IF EXISTS `craft_searchindex`;


--
-- Schema for table `craft_searchindex`
--
CREATE TABLE `craft_searchindex` (
  `elementId` int(11) NOT NULL,
  `attribute` varchar(25) COLLATE utf8_unicode_ci NOT NULL,
  `fieldId` int(11) NOT NULL,
  `locale` char(12) COLLATE utf8_unicode_ci NOT NULL,
  `keywords` text COLLATE utf8_unicode_ci NOT NULL,
  PRIMARY KEY (`elementId`,`attribute`,`fieldId`,`locale`),
  FULLTEXT KEY `craft_searchindex_keywords_idx` (`keywords`)
) ENGINE=MyISAM DEFAULT CHARSET=utf8 COLLATE=utf8_unicode_ci;

--
-- Data for table `craft_searchindex`
--

INSERT INTO `craft_searchindex` (`elementId`, `attribute`, `fieldId`, `locale`, `keywords`) VALUES
 ('4', 'filename', '0', 'en_gb', ' index hero test jpg '),
 ('4', 'extension', '0', 'en_gb', ' jpg '),
 ('4', 'kind', '0', 'en_gb', ' image '),
 ('4', 'slug', '0', 'en_gb', ' index hero test '),
 ('4', 'title', '0', 'en_gb', ' index hero test '),
 ('5', 'filename', '0', 'en_gb', ' creators hero jpg '),
 ('5', 'extension', '0', 'en_gb', ' jpg '),
 ('5', 'kind', '0', 'en_gb', ' image '),
 ('5', 'slug', '0', 'en_gb', ' creators hero '),
 ('5', 'title', '0', 'en_gb', ' creators hero '),
 ('7', 'slug', '0', 'en_gb', ' noisey '),
 ('7', 'title', '0', 'en_gb', ' noisey '),
 ('7', 'field', '4', 'en_gb', ' noisey hero '),
 ('7', 'field', '1', 'en_gb', ' donec ullamcorper nulla non metus auctor fringilla aenean eu leo quam pellentesque ornare sem lacinia quam venenatis vestibulum curabitur blandit tempus porttitor etiam porta sem malesuada magna mollis euismod '),
 ('6', 'slug', '0', 'en_gb', ' munchies '),
 ('6', 'title', '0', 'en_gb', ' munchies '),
 ('6', 'field', '4', 'en_gb', ' munchies hero '),
 ('6', 'field', '1', 'en_gb', ' donec ullamcorper nulla non metus auctor fringilla aenean eu leo quam pellentesque ornare sem lacinia quam venenatis vestibulum curabitur blandit tempus porttitor etiam porta sem malesuada magna mollis euismod '),
 ('8', 'slug', '0', 'en_gb', ' thump '),
 ('8', 'title', '0', 'en_gb', ' thump '),
 ('8', 'field', '4', 'en_gb', ' thump hero '),
 ('8', 'field', '1', 'en_gb', ' donec ullamcorper nulla non metus auctor fringilla aenean eu leo quam pellentesque ornare sem lacinia quam venenatis vestibulum curabitur blandit tempus porttitor etiam porta sem malesuada magna mollis euismod '),
 ('9', 'slug', '0', 'en_gb', ' creators '),
 ('9', 'title', '0', 'en_gb', ' creators '),
 ('9', 'field', '4', 'en_gb', ' creators hero '),
 ('9', 'field', '1', 'en_gb', ' donec ullamcorper nulla non metus auctor fringilla aenean eu leo quam pellentesque ornare sem lacinia quam venenatis vestibulum curabitur blandit tempus porttitor etiam porta sem malesuada magna mollis euismod '),
 ('10', 'slug', '0', 'en_gb', ' i d '),
 ('10', 'title', '0', 'en_gb', ' i d '),
 ('10', 'field', '4', 'en_gb', ' i d hero '),
 ('10', 'field', '1', 'en_gb', ' donec ullamcorper nulla non metus auctor fringilla aenean eu leo quam pellentesque ornare sem lacinia quam venenatis vestibulum curabitur blandit tempus porttitor etiam porta sem malesuada magna mollis euismod '),
 ('2', 'slug', '0', 'en_gb', ' homepage '),
 ('2', 'title', '0', 'en_gb', ' home '),
 ('2', 'field', '4', 'en_gb', ' index hero test '),
 ('2', 'field', '1', 'en_gb', ' nullam id dolor id nibh ultricies vehicula ut id elit nullam quis risus eget urna mollis ornare vel eu leo praesent commodo cursus magna vel scelerisque nisl consectetur et aenean lacinia bibendum nulla sed consectetur vivamus sagittis lacus vel augue laoreet rutrum faucibus dolor auctor '),
 ('1', 'username', '0', 'en_gb', ' admin '),
 ('1', 'firstname', '0', 'en_gb', ''),
 ('1', 'lastname', '0', 'en_gb', ''),
 ('1', 'fullname', '0', 'en_gb', ''),
 ('1', 'email', '0', 'en_gb', ' info garethjohnsdesign com '),
 ('1', 'slug', '0', 'en_gb', ''),
 ('17', 'field', '5', 'en_gb', ' noisey '),
 ('17', 'field', '1', 'en_gb', ' fusce dapibus tellus ac cursus commodo tortor mauris condimentum nibh ut fermentum massa justo sit amet risus vivamus sagittis lacus vel augue laoreet rutrum faucibus dolor auctor praesent commodo cursus magna vel scelerisque nisl consectetur et donec id elit non mi porta gravida at eget metus duis mollis est non commodo luctus nisi erat porttitor ligula eget lacinia odio sem nec elit '),
 ('12', 'filename', '0', 'en_gb', ' i d hero jpg '),
 ('12', 'extension', '0', 'en_gb', ' jpg '),
 ('12', 'kind', '0', 'en_gb', ' image '),
 ('12', 'slug', '0', 'en_gb', ' i d hero '),
 ('12', 'title', '0', 'en_gb', ' i d hero '),
 ('13', 'filename', '0', 'en_gb', ' munchies hero jpg '),
 ('13', 'extension', '0', 'en_gb', ' jpg '),
 ('13', 'kind', '0', 'en_gb', ' image '),
 ('13', 'slug', '0', 'en_gb', ' munchies hero '),
 ('13', 'title', '0', 'en_gb', ' munchies hero '),
 ('14', 'filename', '0', 'en_gb', ' noisey hero jpg '),
 ('14', 'extension', '0', 'en_gb', ' jpg '),
 ('14', 'kind', '0', 'en_gb', ' image '),
 ('14', 'slug', '0', 'en_gb', ' noisey hero '),
 ('14', 'title', '0', 'en_gb', ' noisey hero '),
 ('15', 'filename', '0', 'en_gb', ' thump hero jpg '),
 ('15', 'extension', '0', 'en_gb', ' jpg '),
 ('15', 'kind', '0', 'en_gb', ' image '),
 ('15', 'slug', '0', 'en_gb', ' thump hero '),
 ('15', 'title', '0', 'en_gb', ' thump hero '),
 ('16', 'slug', '0', 'en_gb', ' gareth johns '),
 ('16', 'title', '0', 'en_gb', ' gareth johns '),
 ('16', 'field', '5', 'en_gb', ' munchies '),
 ('16', 'field', '1', 'en_gb', ' vivamus sagittis lacus vel augue laoreet rutrum faucibus dolor auctor cum sociis natoque penatibus et magnis dis parturient montes nascetur ridiculus mus fusce dapibus tellus ac cursus commodo tortor mauris condimentum nibh ut fermentum massa justo sit amet risus donec id elit non mi porta gravida at eget metus '),
 ('16', 'field', '4', 'en_gb', ' placeholder '),
 ('17', 'field', '4', 'en_gb', ' placeholder '),
 ('17', 'slug', '0', 'en_gb', ' chloe walshingam '),
 ('17', 'title', '0', 'en_gb', ' chloe walshingam '),
 ('18', 'filename', '0', 'en_gb', ' placeholder jpg '),
 ('18', 'extension', '0', 'en_gb', ' jpg '),
 ('18', 'kind', '0', 'en_gb', ' image '),
 ('18', 'slug', '0', 'en_gb', ' placeholder '),
 ('18', 'title', '0', 'en_gb', ' placeholder '),
 ('19', 'field', '5', 'en_gb', ' munchies '),
 ('19', 'field', '1', 'en_gb', ' curabitur blandit tempus porttitor morbi leo risus porta ac consectetur ac vestibulum at eros vestibulum id ligula porta felis euismod semper morbi leo risus porta ac consectetur ac vestibulum at eros fusce dapibus tellus ac cursus commodo tortor mauris condimentum nibh ut fermentum massa justo sit amet risus donec ullamcorper nulla non metus auctor fringilla '),
 ('19', 'field', '4', 'en_gb', ' placeholder '),
 ('19', 'slug', '0', 'en_gb', ' olivia smaghe '),
 ('19', 'title', '0', 'en_gb', ' olivia smaghe '),
 ('20', 'field', '5', 'en_gb', ' munchies '),
 ('20', 'field', '1', 'en_gb', ' nulla vitae elit libero a pharetra augue donec sed odio dui donec id elit non mi porta gravida at eget metus aenean eu leo quam pellentesque ornare sem lacinia quam venenatis vestibulum cum sociis natoque penatibus et magnis dis parturient montes nascetur ridiculus mus vestibulum id ligula porta felis euismod semper fusce dapibus tellus ac cursus commodo tortor mauris condimentum nibh ut fermentum massa justo sit amet risus cum sociis natoque penatibus et magnis dis parturient montes nascetur ridiculus mus cras justo odio dapibus ac facilisis in egestas eget quam etiam porta sem malesuada magna mollis euismod vivamus sagittis lacus vel augue laoreet rutrum faucibus dolor auctor cum sociis natoque penatibus et magnis dis parturient montes nascetur ridiculus mus integer posuere erat a ante venenatis dapibus posuere velit aliquet donec sed odio dui '),
 ('20', 'field', '4', 'en_gb', ' placeholder '),
 ('20', 'slug', '0', 'en_gb', ' felix papalardi '),
 ('20', 'title', '0', 'en_gb', ' felix papalardi '),
 ('21', 'field', '5', 'en_gb', ' munchies '),
 ('21', 'field', '1', 'en_gb', ' cras mattis consectetur purus sit amet fermentum cum sociis natoque penatibus et magnis dis parturient montes nascetur ridiculus mus morbi leo risus porta ac consectetur ac vestibulum at eros morbi leo risus porta ac consectetur ac vestibulum at eros etiam porta sem malesuada magna mollis euismod nullam id dolor id nibh ultricies vehicula ut id elit sed posuere consectetur est at lobortis integer posuere erat a ante venenatis dapibus posuere velit aliquet etiam porta sem malesuada magna mollis euismod maecenas faucibus mollis interdum aenean eu leo quam pellentesque ornare sem lacinia quam venenatis vestibulum cras justo odio dapibus ac facilisis in egestas eget quam cras justo odio dapibus ac facilisis in egestas eget quam vivamus sagittis lacus vel augue laoreet rutrum faucibus dolor auctor nullam quis risus eget urna mollis ornare vel eu leo cras mattis consectetur purus sit amet fermentum cras justo odio dapibus ac facilisis in egestas eget quam '),
 ('21', 'field', '4', 'en_gb', ' placeholder '),
 ('21', 'slug', '0', 'en_gb', ' jenna clapton '),
 ('21', 'title', '0', 'en_gb', ' jenna clapton '),
 ('22', 'field', '5', 'en_gb', ' munchies '),
 ('22', 'field', '1', 'en_gb', ' donec sed odio dui aenean lacinia bibendum nulla sed consectetur sed posuere consectetur est at lobortis nullam quis risus eget urna mollis ornare vel eu leo etiam porta sem malesuada magna mollis euismod cum sociis natoque penatibus et magnis dis parturient montes nascetur ridiculus mus vestibulum id ligula porta felis euismod semper curabitur blandit tempus porttitor maecenas faucibus mollis interdum nullam id dolor id nibh ultricies vehicula ut id elit donec ullamcorper nulla non metus auctor fringilla cras mattis consectetur purus sit amet fermentum aenean eu leo quam pellentesque ornare sem lacinia quam venenatis vestibulum cum sociis natoque penatibus et magnis dis parturient montes nascetur ridiculus mus praesent commodo cursus magna vel scelerisque nisl consectetur et maecenas sed diam eget risus varius blandit sit amet non magna curabitur blandit tempus porttitor maecenas faucibus mollis interdum '),
 ('22', 'field', '4', 'en_gb', ' placeholder '),
 ('22', 'slug', '0', 'en_gb', ' jaykee the magician '),
 ('22', 'title', '0', 'en_gb', ' jaykee the magician '),
 ('23', 'field', '5', 'en_gb', ' munchies '),
 ('23', 'field', '1', 'en_gb', ' nulla vitae elit libero a pharetra augue nullam quis risus eget urna mollis ornare vel eu leo nulla vitae elit libero a pharetra augue lorem ipsum dolor sit amet consectetur adipiscing elit maecenas sed diam eget risus varius blandit sit amet non magna nulla vitae elit libero a pharetra augue donec ullamcorper nulla non metus auctor fringilla donec id elit non mi porta gravida at eget metus sed posuere consectetur est at lobortis cras justo odio dapibus ac facilisis in egestas eget quam cras mattis consectetur purus sit amet fermentum nulla vitae elit libero a pharetra augue fusce dapibus tellus ac cursus commodo tortor mauris condimentum nibh ut fermentum massa justo sit amet risus fusce dapibus tellus ac cursus commodo tortor mauris condimentum nibh ut fermentum massa justo sit amet risus maecenas faucibus mollis interdum '),
 ('23', 'field', '4', 'en_gb', ' placeholder '),
 ('23', 'slug', '0', 'en_gb', ' micheal vonck '),
 ('23', 'title', '0', 'en_gb', ' micheal vonck ');



DROP TABLE IF EXISTS `craft_sections`;


--
-- Schema for table `craft_sections`
--
CREATE TABLE `craft_sections` (
  `id` int(11) NOT NULL AUTO_INCREMENT,
  `structureId` int(11) DEFAULT NULL,
  `name` varchar(255) COLLATE utf8_unicode_ci NOT NULL,
  `handle` varchar(255) COLLATE utf8_unicode_ci NOT NULL,
  `type` enum('single','channel','structure') COLLATE utf8_unicode_ci NOT NULL DEFAULT 'channel',
  `hasUrls` tinyint(1) unsigned NOT NULL DEFAULT '1',
  `template` varchar(500) COLLATE utf8_unicode_ci DEFAULT NULL,
  `enableVersioning` tinyint(1) unsigned NOT NULL DEFAULT '0',
  `dateCreated` datetime NOT NULL,
  `dateUpdated` datetime NOT NULL,
  `uid` char(36) COLLATE utf8_unicode_ci NOT NULL DEFAULT '0',
  PRIMARY KEY (`id`),
  UNIQUE KEY `craft_sections_name_unq_idx` (`name`),
  UNIQUE KEY `craft_sections_handle_unq_idx` (`handle`),
  KEY `craft_sections_structureId_fk` (`structureId`)
) ENGINE=InnoDB AUTO_INCREMENT=4 DEFAULT CHARSET=utf8 COLLATE=utf8_unicode_ci;

--
-- Data for table `craft_sections`
--

INSERT INTO `craft_sections` (`id`, `structureId`, `name`, `handle`, `type`, `hasUrls`, `template`, `enableVersioning`, `dateCreated`, `dateUpdated`, `uid`) VALUES
 ('1', NULL, 'Homepage', 'homepage', 'single', '1', 'index', '1', '2017-12-10 22:25:19', '2017-12-10 22:25:19', 'c6664dc4-6dbe-48f0-8ab2-df04074fa688'),
 ('3', NULL, 'Members', 'members', 'channel', '1', 'members/_entry', '1', '2017-12-10 23:06:20', '2017-12-10 23:06:20', '721b3135-99f7-4b3c-81aa-ce0fcf211953');



DROP TABLE IF EXISTS `craft_sections_i18n`;


--
-- Schema for table `craft_sections_i18n`
--
CREATE TABLE `craft_sections_i18n` (
  `id` int(11) NOT NULL AUTO_INCREMENT,
  `sectionId` int(11) NOT NULL,
  `locale` char(12) COLLATE utf8_unicode_ci NOT NULL,
  `enabledByDefault` tinyint(1) unsigned NOT NULL DEFAULT '1',
  `urlFormat` text COLLATE utf8_unicode_ci,
  `nestedUrlFormat` text COLLATE utf8_unicode_ci,
  `dateCreated` datetime NOT NULL,
  `dateUpdated` datetime NOT NULL,
  `uid` char(36) COLLATE utf8_unicode_ci NOT NULL DEFAULT '0',
  PRIMARY KEY (`id`),
  UNIQUE KEY `craft_sections_i18n_sectionId_locale_unq_idx` (`sectionId`,`locale`),
  KEY `craft_sections_i18n_locale_fk` (`locale`)
) ENGINE=InnoDB AUTO_INCREMENT=4 DEFAULT CHARSET=utf8 COLLATE=utf8_unicode_ci;

--
-- Data for table `craft_sections_i18n`
--

INSERT INTO `craft_sections_i18n` (`id`, `sectionId`, `locale`, `enabledByDefault`, `urlFormat`, `nestedUrlFormat`, `dateCreated`, `dateUpdated`, `uid`) VALUES
 ('1', '1', 'en_gb', '1', '__home__', NULL, '2017-12-10 22:25:19', '2017-12-10 22:25:19', 'cde4ae67-496e-4964-a061-8066cc3cbde2'),
 ('3', '3', 'en_gb', '1', 'members/{slug}', NULL, '2017-12-10 23:06:20', '2017-12-10 23:06:20', 'f63c74ce-31d6-4fdd-9848-3dafd2e03429');



DROP TABLE IF EXISTS `craft_sessions`;


--
-- Schema for table `craft_sessions`
--
CREATE TABLE `craft_sessions` (
  `id` int(11) NOT NULL AUTO_INCREMENT,
  `userId` int(11) NOT NULL,
  `token` char(100) COLLATE utf8_unicode_ci NOT NULL,
  `dateCreated` datetime NOT NULL,
  `dateUpdated` datetime NOT NULL,
  `uid` char(36) COLLATE utf8_unicode_ci NOT NULL DEFAULT '0',
  PRIMARY KEY (`id`),
  KEY `craft_sessions_uid_idx` (`uid`),
  KEY `craft_sessions_token_idx` (`token`),
  KEY `craft_sessions_dateUpdated_idx` (`dateUpdated`),
  KEY `craft_sessions_userId_fk` (`userId`)
) ENGINE=InnoDB AUTO_INCREMENT=2 DEFAULT CHARSET=utf8 COLLATE=utf8_unicode_ci;

DROP TABLE IF EXISTS `craft_shunnedmessages`;


--
-- Schema for table `craft_shunnedmessages`
--
CREATE TABLE `craft_shunnedmessages` (
  `id` int(11) NOT NULL AUTO_INCREMENT,
  `userId` int(11) NOT NULL,
  `message` varchar(255) COLLATE utf8_unicode_ci NOT NULL,
  `expiryDate` datetime DEFAULT NULL,
  `dateCreated` datetime NOT NULL,
  `dateUpdated` datetime NOT NULL,
  `uid` char(36) COLLATE utf8_unicode_ci NOT NULL DEFAULT '0',
  PRIMARY KEY (`id`),
  UNIQUE KEY `craft_shunnedmessages_userId_message_unq_idx` (`userId`,`message`)
) ENGINE=InnoDB DEFAULT CHARSET=utf8 COLLATE=utf8_unicode_ci;

DROP TABLE IF EXISTS `craft_structureelements`;


--
-- Schema for table `craft_structureelements`
--
CREATE TABLE `craft_structureelements` (
  `id` int(11) NOT NULL AUTO_INCREMENT,
  `structureId` int(11) NOT NULL,
  `elementId` int(11) DEFAULT NULL,
  `root` int(11) unsigned DEFAULT NULL,
  `lft` int(11) unsigned NOT NULL,
  `rgt` int(11) unsigned NOT NULL,
  `level` smallint(6) unsigned NOT NULL,
  `dateCreated` datetime NOT NULL,
  `dateUpdated` datetime NOT NULL,
  `uid` char(36) COLLATE utf8_unicode_ci NOT NULL DEFAULT '0',
  PRIMARY KEY (`id`),
  UNIQUE KEY `craft_structureelements_structureId_elementId_unq_idx` (`structureId`,`elementId`),
  KEY `craft_structureelements_root_idx` (`root`),
  KEY `craft_structureelements_lft_idx` (`lft`),
  KEY `craft_structureelements_rgt_idx` (`rgt`),
  KEY `craft_structureelements_level_idx` (`level`),
  KEY `craft_structureelements_elementId_fk` (`elementId`)
) ENGINE=InnoDB AUTO_INCREMENT=7 DEFAULT CHARSET=utf8 COLLATE=utf8_unicode_ci;

--
-- Data for table `craft_structureelements`
--

INSERT INTO `craft_structureelements` (`id`, `structureId`, `elementId`, `root`, `lft`, `rgt`, `level`, `dateCreated`, `dateUpdated`, `uid`) VALUES
 ('1', '1', NULL, '1', '1', '12', '0', '2017-12-10 22:30:52', '2017-12-10 22:30:52', '8fa1336b-5278-4a96-a90a-50ec1f853138'),
 ('2', '1', '6', '1', '2', '3', '1', '2017-12-10 22:30:52', '2017-12-10 22:30:52', '9945cca9-f229-4b5e-98df-4c654adf1675'),
 ('3', '1', '7', '1', '4', '5', '1', '2017-12-10 22:30:58', '2017-12-10 22:30:58', 'a54b790f-d232-4ef4-8547-089636591a4a'),
 ('4', '1', '8', '1', '6', '7', '1', '2017-12-10 22:31:04', '2017-12-10 22:31:04', '2452ef6b-f313-4f22-9405-8e5a6defd948'),
 ('5', '1', '9', '1', '8', '9', '1', '2017-12-10 22:31:20', '2017-12-10 22:31:20', 'acfc533c-7655-496b-b67f-600b200761e3'),
 ('6', '1', '10', '1', '10', '11', '1', '2017-12-10 22:31:29', '2017-12-10 22:31:29', '5603e8dd-e8ad-4970-8bf6-990434e1e5de');



DROP TABLE IF EXISTS `craft_structures`;


--
-- Schema for table `craft_structures`
--
CREATE TABLE `craft_structures` (
  `id` int(11) NOT NULL AUTO_INCREMENT,
  `maxLevels` smallint(6) unsigned DEFAULT NULL,
  `dateCreated` datetime NOT NULL,
  `dateUpdated` datetime NOT NULL,
  `uid` char(36) COLLATE utf8_unicode_ci NOT NULL DEFAULT '0',
  PRIMARY KEY (`id`)
) ENGINE=InnoDB AUTO_INCREMENT=2 DEFAULT CHARSET=utf8 COLLATE=utf8_unicode_ci;

--
-- Data for table `craft_structures`
--

INSERT INTO `craft_structures` (`id`, `maxLevels`, `dateCreated`, `dateUpdated`, `uid`) VALUES
 ('1', NULL, '2017-12-10 22:30:42', '2017-12-10 22:39:33', '7bf5388d-cf0b-42ce-a273-3230ae6a71cb');



DROP TABLE IF EXISTS `craft_systemsettings`;


--
-- Schema for table `craft_systemsettings`
--
CREATE TABLE `craft_systemsettings` (
  `id` int(11) NOT NULL AUTO_INCREMENT,
  `category` varchar(15) COLLATE utf8_unicode_ci NOT NULL,
  `settings` text COLLATE utf8_unicode_ci,
  `dateCreated` datetime NOT NULL,
  `dateUpdated` datetime NOT NULL,
  `uid` char(36) COLLATE utf8_unicode_ci NOT NULL DEFAULT '0',
  PRIMARY KEY (`id`),
  UNIQUE KEY `craft_systemsettings_category_unq_idx` (`category`)
) ENGINE=InnoDB AUTO_INCREMENT=2 DEFAULT CHARSET=utf8 COLLATE=utf8_unicode_ci;

--
-- Data for table `craft_systemsettings`
--

INSERT INTO `craft_systemsettings` (`id`, `category`, `settings`, `dateCreated`, `dateUpdated`, `uid`) VALUES
 ('1', 'email', '{\"protocol\":\"php\",\"emailAddress\":\"info@garethjohnsdesign.com\",\"senderName\":\"Class of 2018\"}', '2017-12-10 22:25:19', '2017-12-10 22:25:19', '326a1e45-3113-4721-baef-dfdc0afbecfe');



DROP TABLE IF EXISTS `craft_taggroups`;


--
-- Schema for table `craft_taggroups`
--
CREATE TABLE `craft_taggroups` (
  `id` int(11) NOT NULL AUTO_INCREMENT,
  `name` varchar(255) COLLATE utf8_unicode_ci NOT NULL,
  `handle` varchar(255) COLLATE utf8_unicode_ci NOT NULL,
  `fieldLayoutId` int(10) DEFAULT NULL,
  `dateCreated` datetime NOT NULL,
  `dateUpdated` datetime NOT NULL,
  `uid` char(36) COLLATE utf8_unicode_ci NOT NULL DEFAULT '0',
  PRIMARY KEY (`id`),
  UNIQUE KEY `craft_taggroups_name_unq_idx` (`name`),
  UNIQUE KEY `craft_taggroups_handle_unq_idx` (`handle`),
  KEY `craft_taggroups_fieldLayoutId_fk` (`fieldLayoutId`)
) ENGINE=InnoDB AUTO_INCREMENT=2 DEFAULT CHARSET=utf8 COLLATE=utf8_unicode_ci;

--
-- Data for table `craft_taggroups`
--

INSERT INTO `craft_taggroups` (`id`, `name`, `handle`, `fieldLayoutId`, `dateCreated`, `dateUpdated`, `uid`) VALUES
 ('1', 'Default', 'default', '1', '2017-12-10 22:25:19', '2017-12-10 22:25:19', 'd2fb38ac-96bd-4c34-9b4b-4516d3848fdb');



DROP TABLE IF EXISTS `craft_tags`;


--
-- Schema for table `craft_tags`
--
CREATE TABLE `craft_tags` (
  `id` int(11) NOT NULL,
  `groupId` int(11) NOT NULL,
  `dateCreated` datetime NOT NULL,
  `dateUpdated` datetime NOT NULL,
  `uid` char(36) COLLATE utf8_unicode_ci NOT NULL DEFAULT '0',
  PRIMARY KEY (`id`),
  KEY `craft_tags_groupId_fk` (`groupId`)
) ENGINE=InnoDB DEFAULT CHARSET=utf8 COLLATE=utf8_unicode_ci;

DROP TABLE IF EXISTS `craft_tasks`;


--
-- Schema for table `craft_tasks`
--
CREATE TABLE `craft_tasks` (
  `id` int(11) NOT NULL AUTO_INCREMENT,
  `root` int(11) unsigned DEFAULT NULL,
  `lft` int(11) unsigned NOT NULL,
  `rgt` int(11) unsigned NOT NULL,
  `level` smallint(6) unsigned NOT NULL,
  `currentStep` int(11) unsigned DEFAULT NULL,
  `totalSteps` int(11) unsigned DEFAULT NULL,
  `status` enum('pending','error','running') COLLATE utf8_unicode_ci DEFAULT NULL,
  `type` varchar(150) COLLATE utf8_unicode_ci NOT NULL,
  `description` varchar(255) COLLATE utf8_unicode_ci DEFAULT NULL,
  `settings` mediumtext COLLATE utf8_unicode_ci,
  `dateCreated` datetime NOT NULL,
  `dateUpdated` datetime NOT NULL,
  `uid` char(36) COLLATE utf8_unicode_ci NOT NULL DEFAULT '0',
  PRIMARY KEY (`id`),
  KEY `craft_tasks_root_idx` (`root`),
  KEY `craft_tasks_lft_idx` (`lft`),
  KEY `craft_tasks_rgt_idx` (`rgt`),
  KEY `craft_tasks_level_idx` (`level`)
) ENGINE=InnoDB AUTO_INCREMENT=51 DEFAULT CHARSET=utf8 COLLATE=utf8_unicode_ci;

DROP TABLE IF EXISTS `craft_templatecachecriteria`;


--
-- Schema for table `craft_templatecachecriteria`
--
CREATE TABLE `craft_templatecachecriteria` (
  `id` int(11) NOT NULL AUTO_INCREMENT,
  `cacheId` int(11) NOT NULL,
  `type` varchar(150) COLLATE utf8_unicode_ci NOT NULL,
  `criteria` text COLLATE utf8_unicode_ci NOT NULL,
  PRIMARY KEY (`id`),
  KEY `craft_templatecachecriteria_cacheId_fk` (`cacheId`),
  KEY `craft_templatecachecriteria_type_idx` (`type`)
) ENGINE=InnoDB DEFAULT CHARSET=utf8 COLLATE=utf8_unicode_ci;

DROP TABLE IF EXISTS `craft_templatecacheelements`;


--
-- Schema for table `craft_templatecacheelements`
--
CREATE TABLE `craft_templatecacheelements` (
  `cacheId` int(11) NOT NULL,
  `elementId` int(11) NOT NULL,
  KEY `craft_templatecacheelements_cacheId_fk` (`cacheId`),
  KEY `craft_templatecacheelements_elementId_fk` (`elementId`)
) ENGINE=InnoDB DEFAULT CHARSET=utf8 COLLATE=utf8_unicode_ci;

DROP TABLE IF EXISTS `craft_templatecaches`;


--
-- Schema for table `craft_templatecaches`
--
CREATE TABLE `craft_templatecaches` (
  `id` int(11) NOT NULL AUTO_INCREMENT,
  `cacheKey` varchar(255) COLLATE utf8_unicode_ci NOT NULL,
  `locale` char(12) COLLATE utf8_unicode_ci NOT NULL,
  `path` varchar(255) COLLATE utf8_unicode_ci DEFAULT NULL,
  `expiryDate` datetime NOT NULL,
  `body` mediumtext COLLATE utf8_unicode_ci NOT NULL,
  PRIMARY KEY (`id`),
  KEY `craft_templatecaches_cacheKey_locale_expiryDate_path_idx` (`cacheKey`,`locale`,`expiryDate`,`path`),
  KEY `craft_templatecaches_cacheKey_locale_expiryDate_idx` (`cacheKey`,`locale`,`expiryDate`),
  KEY `craft_templatecaches_locale_fk` (`locale`)
) ENGINE=InnoDB DEFAULT CHARSET=utf8 COLLATE=utf8_unicode_ci;

DROP TABLE IF EXISTS `craft_tokens`;


--
-- Schema for table `craft_tokens`
--
CREATE TABLE `craft_tokens` (
  `id` int(11) NOT NULL AUTO_INCREMENT,
  `token` char(32) COLLATE utf8_unicode_ci NOT NULL,
  `route` text COLLATE utf8_unicode_ci,
  `usageLimit` tinyint(3) unsigned DEFAULT NULL,
  `usageCount` tinyint(3) unsigned DEFAULT NULL,
  `expiryDate` datetime NOT NULL,
  `dateCreated` datetime NOT NULL,
  `dateUpdated` datetime NOT NULL,
  `uid` char(36) COLLATE utf8_unicode_ci NOT NULL DEFAULT '0',
  PRIMARY KEY (`id`),
  UNIQUE KEY `craft_tokens_token_unq_idx` (`token`),
  KEY `craft_tokens_expiryDate_idx` (`expiryDate`)
) ENGINE=InnoDB DEFAULT CHARSET=utf8 COLLATE=utf8_unicode_ci;

DROP TABLE IF EXISTS `craft_usergroups`;


--
-- Schema for table `craft_usergroups`
--
CREATE TABLE `craft_usergroups` (
  `id` int(11) NOT NULL AUTO_INCREMENT,
  `name` varchar(255) COLLATE utf8_unicode_ci NOT NULL,
  `handle` varchar(255) COLLATE utf8_unicode_ci NOT NULL,
  `dateCreated` datetime NOT NULL,
  `dateUpdated` datetime NOT NULL,
  `uid` char(36) COLLATE utf8_unicode_ci NOT NULL DEFAULT '0',
  PRIMARY KEY (`id`),
  UNIQUE KEY `craft_usergroups_name_unq_idx` (`name`),
  UNIQUE KEY `craft_usergroups_handle_unq_idx` (`handle`)
) ENGINE=InnoDB DEFAULT CHARSET=utf8 COLLATE=utf8_unicode_ci;

DROP TABLE IF EXISTS `craft_usergroups_users`;


--
-- Schema for table `craft_usergroups_users`
--
CREATE TABLE `craft_usergroups_users` (
  `id` int(11) NOT NULL AUTO_INCREMENT,
  `groupId` int(11) NOT NULL,
  `userId` int(11) NOT NULL,
  `dateCreated` datetime NOT NULL,
  `dateUpdated` datetime NOT NULL,
  `uid` char(36) COLLATE utf8_unicode_ci NOT NULL DEFAULT '0',
  PRIMARY KEY (`id`),
  UNIQUE KEY `craft_usergroups_users_groupId_userId_unq_idx` (`groupId`,`userId`),
  KEY `craft_usergroups_users_userId_fk` (`userId`)
) ENGINE=InnoDB DEFAULT CHARSET=utf8 COLLATE=utf8_unicode_ci;

DROP TABLE IF EXISTS `craft_userpermissions`;


--
-- Schema for table `craft_userpermissions`
--
CREATE TABLE `craft_userpermissions` (
  `id` int(11) NOT NULL AUTO_INCREMENT,
  `name` varchar(255) COLLATE utf8_unicode_ci NOT NULL,
  `dateCreated` datetime NOT NULL,
  `dateUpdated` datetime NOT NULL,
  `uid` char(36) COLLATE utf8_unicode_ci NOT NULL DEFAULT '0',
  PRIMARY KEY (`id`),
  UNIQUE KEY `craft_userpermissions_name_unq_idx` (`name`)
) ENGINE=InnoDB DEFAULT CHARSET=utf8 COLLATE=utf8_unicode_ci;

DROP TABLE IF EXISTS `craft_userpermissions_usergroups`;


--
-- Schema for table `craft_userpermissions_usergroups`
--
CREATE TABLE `craft_userpermissions_usergroups` (
  `id` int(11) NOT NULL AUTO_INCREMENT,
  `permissionId` int(11) NOT NULL,
  `groupId` int(11) NOT NULL,
  `dateCreated` datetime NOT NULL,
  `dateUpdated` datetime NOT NULL,
  `uid` char(36) COLLATE utf8_unicode_ci NOT NULL DEFAULT '0',
  PRIMARY KEY (`id`),
  UNIQUE KEY `craft_userpermissions_usergroups_permissionId_groupId_unq_idx` (`permissionId`,`groupId`),
  KEY `craft_userpermissions_usergroups_groupId_fk` (`groupId`)
) ENGINE=InnoDB DEFAULT CHARSET=utf8 COLLATE=utf8_unicode_ci;

DROP TABLE IF EXISTS `craft_userpermissions_users`;


--
-- Schema for table `craft_userpermissions_users`
--
CREATE TABLE `craft_userpermissions_users` (
  `id` int(11) NOT NULL AUTO_INCREMENT,
  `permissionId` int(11) NOT NULL,
  `userId` int(11) NOT NULL,
  `dateCreated` datetime NOT NULL,
  `dateUpdated` datetime NOT NULL,
  `uid` char(36) COLLATE utf8_unicode_ci NOT NULL DEFAULT '0',
  PRIMARY KEY (`id`),
  UNIQUE KEY `craft_userpermissions_users_permissionId_userId_unq_idx` (`permissionId`,`userId`),
  KEY `craft_userpermissions_users_userId_fk` (`userId`)
) ENGINE=InnoDB DEFAULT CHARSET=utf8 COLLATE=utf8_unicode_ci;

DROP TABLE IF EXISTS `craft_users`;


--
-- Schema for table `craft_users`
--
CREATE TABLE `craft_users` (
  `id` int(11) NOT NULL,
  `username` varchar(100) COLLATE utf8_unicode_ci NOT NULL,
  `photo` varchar(100) COLLATE utf8_unicode_ci DEFAULT NULL,
  `firstName` varchar(100) COLLATE utf8_unicode_ci DEFAULT NULL,
  `lastName` varchar(100) COLLATE utf8_unicode_ci DEFAULT NULL,
  `email` varchar(255) COLLATE utf8_unicode_ci NOT NULL,
  `password` char(255) COLLATE utf8_unicode_ci DEFAULT NULL,
  `preferredLocale` char(12) COLLATE utf8_unicode_ci DEFAULT NULL,
  `weekStartDay` tinyint(1) unsigned NOT NULL DEFAULT '0',
  `admin` tinyint(1) unsigned NOT NULL DEFAULT '0',
  `client` tinyint(1) unsigned NOT NULL DEFAULT '0',
  `locked` tinyint(1) unsigned NOT NULL DEFAULT '0',
  `suspended` tinyint(1) unsigned NOT NULL DEFAULT '0',
  `pending` tinyint(1) unsigned NOT NULL DEFAULT '0',
  `archived` tinyint(1) unsigned NOT NULL DEFAULT '0',
  `lastLoginDate` datetime DEFAULT NULL,
  `lastLoginAttemptIPAddress` varchar(45) COLLATE utf8_unicode_ci DEFAULT NULL,
  `invalidLoginWindowStart` datetime DEFAULT NULL,
  `invalidLoginCount` tinyint(4) unsigned DEFAULT NULL,
  `lastInvalidLoginDate` datetime DEFAULT NULL,
  `lockoutDate` datetime DEFAULT NULL,
  `verificationCode` char(100) COLLATE utf8_unicode_ci DEFAULT NULL,
  `verificationCodeIssuedDate` datetime DEFAULT NULL,
  `unverifiedEmail` varchar(255) COLLATE utf8_unicode_ci DEFAULT NULL,
  `passwordResetRequired` tinyint(1) unsigned NOT NULL DEFAULT '0',
  `lastPasswordChangeDate` datetime DEFAULT NULL,
  `dateCreated` datetime NOT NULL,
  `dateUpdated` datetime NOT NULL,
  `uid` char(36) COLLATE utf8_unicode_ci NOT NULL DEFAULT '0',
  PRIMARY KEY (`id`),
  UNIQUE KEY `craft_users_username_unq_idx` (`username`),
  UNIQUE KEY `craft_users_email_unq_idx` (`email`),
  KEY `craft_users_verificationCode_idx` (`verificationCode`),
  KEY `craft_users_uid_idx` (`uid`),
  KEY `craft_users_preferredLocale_fk` (`preferredLocale`)
) ENGINE=InnoDB DEFAULT CHARSET=utf8 COLLATE=utf8_unicode_ci;

--
-- Data for table `craft_users`
--

INSERT INTO `craft_users` (`id`, `username`, `photo`, `firstName`, `lastName`, `email`, `password`, `preferredLocale`, `weekStartDay`, `admin`, `client`, `locked`, `suspended`, `pending`, `archived`, `lastLoginDate`, `lastLoginAttemptIPAddress`, `invalidLoginWindowStart`, `invalidLoginCount`, `lastInvalidLoginDate`, `lockoutDate`, `verificationCode`, `verificationCodeIssuedDate`, `unverifiedEmail`, `passwordResetRequired`, `lastPasswordChangeDate`, `dateCreated`, `dateUpdated`, `uid`) VALUES
 ('1', 'admin', NULL, NULL, NULL, 'info@garethjohnsdesign.com', '$2y$13$YI4D759sqs6gQwHRrcVwGeMgW.TixwlOy1WESmhS3Dh9a8jgY/442', NULL, '0', '1', '0', '0', '0', '0', '0', '2017-12-10 22:25:19', '::1', NULL, NULL, NULL, NULL, NULL, NULL, NULL, '0', '2017-12-10 22:25:16', '2017-12-10 22:25:16', '2017-12-10 22:25:19', '085db548-c0f8-4433-9a77-e102aae07297');



DROP TABLE IF EXISTS `craft_widgets`;


--
-- Schema for table `craft_widgets`
--
CREATE TABLE `craft_widgets` (
  `id` int(11) NOT NULL AUTO_INCREMENT,
  `userId` int(11) NOT NULL,
  `type` varchar(150) COLLATE utf8_unicode_ci NOT NULL,
  `sortOrder` smallint(6) unsigned DEFAULT NULL,
  `colspan` tinyint(4) unsigned DEFAULT NULL,
  `settings` text COLLATE utf8_unicode_ci,
  `enabled` tinyint(1) unsigned NOT NULL DEFAULT '1',
  `dateCreated` datetime NOT NULL,
  `dateUpdated` datetime NOT NULL,
  `uid` char(36) COLLATE utf8_unicode_ci NOT NULL DEFAULT '0',
  PRIMARY KEY (`id`),
  KEY `craft_widgets_userId_fk` (`userId`)
) ENGINE=InnoDB AUTO_INCREMENT=5 DEFAULT CHARSET=utf8 COLLATE=utf8_unicode_ci;

--
-- Data for table `craft_widgets`
--

INSERT INTO `craft_widgets` (`id`, `userId`, `type`, `sortOrder`, `colspan`, `settings`, `enabled`, `dateCreated`, `dateUpdated`, `uid`) VALUES
 ('1', '1', 'RecentEntries', '1', NULL, NULL, '1', '2017-12-10 22:25:31', '2017-12-10 22:25:31', '6fe2f385-408b-4f29-879a-0defbcad5de7'),
 ('2', '1', 'GetHelp', '2', NULL, NULL, '1', '2017-12-10 22:25:31', '2017-12-10 22:25:31', 'f6016f8f-1346-4090-b078-881787b7ccaf'),
 ('3', '1', 'Updates', '3', NULL, NULL, '1', '2017-12-10 22:25:31', '2017-12-10 22:25:31', '346b7f65-aca4-4ba2-88cf-2e8d56fcafff'),
 ('4', '1', 'Feed', '4', NULL, '{\"url\":\"https:\\/\\/craftcms.com\\/news.rss\",\"title\":\"Craft News\"}', '1', '2017-12-10 22:25:31', '2017-12-10 22:25:31', 'a90eb750-57ce-44e2-9cb0-79864c8ce093');


--
-- Constraints for tables
--


--
-- Constraints for table `craft_assetfiles`
--
ALTER TABLE `craft_assetfiles`
	ADD CONSTRAINT `craft_assetfiles_folderId_fk` FOREIGN KEY (`folderId`) REFERENCES `craft_assetfolders` (`id`) ON DELETE CASCADE,
	ADD CONSTRAINT `craft_assetfiles_id_fk` FOREIGN KEY (`id`) REFERENCES `craft_elements` (`id`) ON DELETE CASCADE,
	ADD CONSTRAINT `craft_assetfiles_sourceId_fk` FOREIGN KEY (`sourceId`) REFERENCES `craft_assetsources` (`id`) ON DELETE CASCADE;

--
-- Constraints for table `craft_assetfolders`
--
ALTER TABLE `craft_assetfolders`
	ADD CONSTRAINT `craft_assetfolders_parentId_fk` FOREIGN KEY (`parentId`) REFERENCES `craft_assetfolders` (`id`) ON DELETE CASCADE,
	ADD CONSTRAINT `craft_assetfolders_sourceId_fk` FOREIGN KEY (`sourceId`) REFERENCES `craft_assetsources` (`id`) ON DELETE CASCADE;

--
-- Constraints for table `craft_assetindexdata`
--
ALTER TABLE `craft_assetindexdata`
	ADD CONSTRAINT `craft_assetindexdata_sourceId_fk` FOREIGN KEY (`sourceId`) REFERENCES `craft_assetsources` (`id`) ON DELETE CASCADE;

--
-- Constraints for table `craft_assetsources`
--
ALTER TABLE `craft_assetsources`
	ADD CONSTRAINT `craft_assetsources_fieldLayoutId_fk` FOREIGN KEY (`fieldLayoutId`) REFERENCES `craft_fieldlayouts` (`id`) ON DELETE SET NULL;

--
-- Constraints for table `craft_categories`
--
ALTER TABLE `craft_categories`
	ADD CONSTRAINT `craft_categories_groupId_fk` FOREIGN KEY (`groupId`) REFERENCES `craft_categorygroups` (`id`) ON DELETE CASCADE,
	ADD CONSTRAINT `craft_categories_id_fk` FOREIGN KEY (`id`) REFERENCES `craft_elements` (`id`) ON DELETE CASCADE;

--
-- Constraints for table `craft_categorygroups`
--
ALTER TABLE `craft_categorygroups`
	ADD CONSTRAINT `craft_categorygroups_fieldLayoutId_fk` FOREIGN KEY (`fieldLayoutId`) REFERENCES `craft_fieldlayouts` (`id`) ON DELETE SET NULL,
	ADD CONSTRAINT `craft_categorygroups_structureId_fk` FOREIGN KEY (`structureId`) REFERENCES `craft_structures` (`id`) ON DELETE CASCADE;

--
-- Constraints for table `craft_categorygroups_i18n`
--
ALTER TABLE `craft_categorygroups_i18n`
	ADD CONSTRAINT `craft_categorygroups_i18n_groupId_fk` FOREIGN KEY (`groupId`) REFERENCES `craft_categorygroups` (`id`) ON DELETE CASCADE,
	ADD CONSTRAINT `craft_categorygroups_i18n_locale_fk` FOREIGN KEY (`locale`) REFERENCES `craft_locales` (`locale`) ON DELETE CASCADE ON UPDATE CASCADE;

--
-- Constraints for table `craft_content`
--
ALTER TABLE `craft_content`
	ADD CONSTRAINT `craft_content_elementId_fk` FOREIGN KEY (`elementId`) REFERENCES `craft_elements` (`id`) ON DELETE CASCADE,
	ADD CONSTRAINT `craft_content_locale_fk` FOREIGN KEY (`locale`) REFERENCES `craft_locales` (`locale`) ON DELETE CASCADE ON UPDATE CASCADE;

--
-- Constraints for table `craft_elements_i18n`
--
ALTER TABLE `craft_elements_i18n`
	ADD CONSTRAINT `craft_elements_i18n_elementId_fk` FOREIGN KEY (`elementId`) REFERENCES `craft_elements` (`id`) ON DELETE CASCADE,
	ADD CONSTRAINT `craft_elements_i18n_locale_fk` FOREIGN KEY (`locale`) REFERENCES `craft_locales` (`locale`) ON DELETE CASCADE ON UPDATE CASCADE;

--
-- Constraints for table `craft_emailmessages`
--
ALTER TABLE `craft_emailmessages`
	ADD CONSTRAINT `craft_emailmessages_locale_fk` FOREIGN KEY (`locale`) REFERENCES `craft_locales` (`locale`) ON DELETE CASCADE ON UPDATE CASCADE;

--
-- Constraints for table `craft_entries`
--
ALTER TABLE `craft_entries`
	ADD CONSTRAINT `craft_entries_authorId_fk` FOREIGN KEY (`authorId`) REFERENCES `craft_users` (`id`) ON DELETE CASCADE,
	ADD CONSTRAINT `craft_entries_id_fk` FOREIGN KEY (`id`) REFERENCES `craft_elements` (`id`) ON DELETE CASCADE,
	ADD CONSTRAINT `craft_entries_sectionId_fk` FOREIGN KEY (`sectionId`) REFERENCES `craft_sections` (`id`) ON DELETE CASCADE,
	ADD CONSTRAINT `craft_entries_typeId_fk` FOREIGN KEY (`typeId`) REFERENCES `craft_entrytypes` (`id`) ON DELETE CASCADE;

--
-- Constraints for table `craft_entrydrafts`
--
ALTER TABLE `craft_entrydrafts`
	ADD CONSTRAINT `craft_entrydrafts_creatorId_fk` FOREIGN KEY (`creatorId`) REFERENCES `craft_users` (`id`) ON DELETE CASCADE,
	ADD CONSTRAINT `craft_entrydrafts_entryId_fk` FOREIGN KEY (`entryId`) REFERENCES `craft_entries` (`id`) ON DELETE CASCADE,
	ADD CONSTRAINT `craft_entrydrafts_locale_fk` FOREIGN KEY (`locale`) REFERENCES `craft_locales` (`locale`) ON DELETE CASCADE ON UPDATE CASCADE,
	ADD CONSTRAINT `craft_entrydrafts_sectionId_fk` FOREIGN KEY (`sectionId`) REFERENCES `craft_sections` (`id`) ON DELETE CASCADE;

--
-- Constraints for table `craft_entrytypes`
--
ALTER TABLE `craft_entrytypes`
	ADD CONSTRAINT `craft_entrytypes_fieldLayoutId_fk` FOREIGN KEY (`fieldLayoutId`) REFERENCES `craft_fieldlayouts` (`id`) ON DELETE SET NULL,
	ADD CONSTRAINT `craft_entrytypes_sectionId_fk` FOREIGN KEY (`sectionId`) REFERENCES `craft_sections` (`id`) ON DELETE CASCADE;

--
-- Constraints for table `craft_entryversions`
--
ALTER TABLE `craft_entryversions`
	ADD CONSTRAINT `craft_entryversions_creatorId_fk` FOREIGN KEY (`creatorId`) REFERENCES `craft_users` (`id`) ON DELETE SET NULL,
	ADD CONSTRAINT `craft_entryversions_entryId_fk` FOREIGN KEY (`entryId`) REFERENCES `craft_entries` (`id`) ON DELETE CASCADE,
	ADD CONSTRAINT `craft_entryversions_locale_fk` FOREIGN KEY (`locale`) REFERENCES `craft_locales` (`locale`) ON DELETE CASCADE ON UPDATE CASCADE,
	ADD CONSTRAINT `craft_entryversions_sectionId_fk` FOREIGN KEY (`sectionId`) REFERENCES `craft_sections` (`id`) ON DELETE CASCADE;

--
-- Constraints for table `craft_fieldlayoutfields`
--
ALTER TABLE `craft_fieldlayoutfields`
	ADD CONSTRAINT `craft_fieldlayoutfields_fieldId_fk` FOREIGN KEY (`fieldId`) REFERENCES `craft_fields` (`id`) ON DELETE CASCADE,
	ADD CONSTRAINT `craft_fieldlayoutfields_layoutId_fk` FOREIGN KEY (`layoutId`) REFERENCES `craft_fieldlayouts` (`id`) ON DELETE CASCADE,
	ADD CONSTRAINT `craft_fieldlayoutfields_tabId_fk` FOREIGN KEY (`tabId`) REFERENCES `craft_fieldlayouttabs` (`id`) ON DELETE CASCADE;

--
-- Constraints for table `craft_fieldlayouttabs`
--
ALTER TABLE `craft_fieldlayouttabs`
	ADD CONSTRAINT `craft_fieldlayouttabs_layoutId_fk` FOREIGN KEY (`layoutId`) REFERENCES `craft_fieldlayouts` (`id`) ON DELETE CASCADE;

--
-- Constraints for table `craft_fields`
--
ALTER TABLE `craft_fields`
	ADD CONSTRAINT `craft_fields_groupId_fk` FOREIGN KEY (`groupId`) REFERENCES `craft_fieldgroups` (`id`) ON DELETE CASCADE;

--
-- Constraints for table `craft_globalsets`
--
ALTER TABLE `craft_globalsets`
	ADD CONSTRAINT `craft_globalsets_fieldLayoutId_fk` FOREIGN KEY (`fieldLayoutId`) REFERENCES `craft_fieldlayouts` (`id`) ON DELETE SET NULL,
	ADD CONSTRAINT `craft_globalsets_id_fk` FOREIGN KEY (`id`) REFERENCES `craft_elements` (`id`) ON DELETE CASCADE;

--
-- Constraints for table `craft_matrixblocks`
--
ALTER TABLE `craft_matrixblocks`
	ADD CONSTRAINT `craft_matrixblocks_fieldId_fk` FOREIGN KEY (`fieldId`) REFERENCES `craft_fields` (`id`) ON DELETE CASCADE,
	ADD CONSTRAINT `craft_matrixblocks_id_fk` FOREIGN KEY (`id`) REFERENCES `craft_elements` (`id`) ON DELETE CASCADE,
	ADD CONSTRAINT `craft_matrixblocks_ownerId_fk` FOREIGN KEY (`ownerId`) REFERENCES `craft_elements` (`id`) ON DELETE CASCADE,
	ADD CONSTRAINT `craft_matrixblocks_ownerLocale_fk` FOREIGN KEY (`ownerLocale`) REFERENCES `craft_locales` (`locale`) ON DELETE CASCADE ON UPDATE CASCADE,
	ADD CONSTRAINT `craft_matrixblocks_typeId_fk` FOREIGN KEY (`typeId`) REFERENCES `craft_matrixblocktypes` (`id`) ON DELETE CASCADE;

--
-- Constraints for table `craft_matrixblocktypes`
--
ALTER TABLE `craft_matrixblocktypes`
	ADD CONSTRAINT `craft_matrixblocktypes_fieldId_fk` FOREIGN KEY (`fieldId`) REFERENCES `craft_fields` (`id`) ON DELETE CASCADE,
	ADD CONSTRAINT `craft_matrixblocktypes_fieldLayoutId_fk` FOREIGN KEY (`fieldLayoutId`) REFERENCES `craft_fieldlayouts` (`id`) ON DELETE SET NULL;

--
-- Constraints for table `craft_migrations`
--
ALTER TABLE `craft_migrations`
	ADD CONSTRAINT `craft_migrations_pluginId_fk` FOREIGN KEY (`pluginId`) REFERENCES `craft_plugins` (`id`) ON DELETE CASCADE;

--
-- Constraints for table `craft_relations`
--
ALTER TABLE `craft_relations`
	ADD CONSTRAINT `craft_relations_fieldId_fk` FOREIGN KEY (`fieldId`) REFERENCES `craft_fields` (`id`) ON DELETE CASCADE,
	ADD CONSTRAINT `craft_relations_sourceId_fk` FOREIGN KEY (`sourceId`) REFERENCES `craft_elements` (`id`) ON DELETE CASCADE,
	ADD CONSTRAINT `craft_relations_sourceLocale_fk` FOREIGN KEY (`sourceLocale`) REFERENCES `craft_locales` (`locale`) ON DELETE CASCADE ON UPDATE CASCADE,
	ADD CONSTRAINT `craft_relations_targetId_fk` FOREIGN KEY (`targetId`) REFERENCES `craft_elements` (`id`) ON DELETE CASCADE;

--
-- Constraints for table `craft_routes`
--
ALTER TABLE `craft_routes`
	ADD CONSTRAINT `craft_routes_locale_fk` FOREIGN KEY (`locale`) REFERENCES `craft_locales` (`locale`) ON DELETE CASCADE ON UPDATE CASCADE;

--
-- Constraints for table `craft_sections`
--
ALTER TABLE `craft_sections`
	ADD CONSTRAINT `craft_sections_structureId_fk` FOREIGN KEY (`structureId`) REFERENCES `craft_structures` (`id`) ON DELETE SET NULL;

--
-- Constraints for table `craft_sections_i18n`
--
ALTER TABLE `craft_sections_i18n`
	ADD CONSTRAINT `craft_sections_i18n_locale_fk` FOREIGN KEY (`locale`) REFERENCES `craft_locales` (`locale`) ON DELETE CASCADE ON UPDATE CASCADE,
	ADD CONSTRAINT `craft_sections_i18n_sectionId_fk` FOREIGN KEY (`sectionId`) REFERENCES `craft_sections` (`id`) ON DELETE CASCADE;

--
-- Constraints for table `craft_sessions`
--
ALTER TABLE `craft_sessions`
	ADD CONSTRAINT `craft_sessions_userId_fk` FOREIGN KEY (`userId`) REFERENCES `craft_users` (`id`) ON DELETE CASCADE;

--
-- Constraints for table `craft_shunnedmessages`
--
ALTER TABLE `craft_shunnedmessages`
	ADD CONSTRAINT `craft_shunnedmessages_userId_fk` FOREIGN KEY (`userId`) REFERENCES `craft_users` (`id`) ON DELETE CASCADE;

--
-- Constraints for table `craft_structureelements`
--
ALTER TABLE `craft_structureelements`
	ADD CONSTRAINT `craft_structureelements_elementId_fk` FOREIGN KEY (`elementId`) REFERENCES `craft_elements` (`id`) ON DELETE CASCADE,
	ADD CONSTRAINT `craft_structureelements_structureId_fk` FOREIGN KEY (`structureId`) REFERENCES `craft_structures` (`id`) ON DELETE CASCADE;

--
-- Constraints for table `craft_taggroups`
--
ALTER TABLE `craft_taggroups`
	ADD CONSTRAINT `craft_taggroups_fieldLayoutId_fk` FOREIGN KEY (`fieldLayoutId`) REFERENCES `craft_fieldlayouts` (`id`) ON DELETE SET NULL;

--
-- Constraints for table `craft_tags`
--
ALTER TABLE `craft_tags`
	ADD CONSTRAINT `craft_tags_groupId_fk` FOREIGN KEY (`groupId`) REFERENCES `craft_taggroups` (`id`) ON DELETE CASCADE,
	ADD CONSTRAINT `craft_tags_id_fk` FOREIGN KEY (`id`) REFERENCES `craft_elements` (`id`) ON DELETE CASCADE;

--
-- Constraints for table `craft_templatecachecriteria`
--
ALTER TABLE `craft_templatecachecriteria`
	ADD CONSTRAINT `craft_templatecachecriteria_cacheId_fk` FOREIGN KEY (`cacheId`) REFERENCES `craft_templatecaches` (`id`) ON DELETE CASCADE;

--
-- Constraints for table `craft_templatecacheelements`
--
ALTER TABLE `craft_templatecacheelements`
	ADD CONSTRAINT `craft_templatecacheelements_cacheId_fk` FOREIGN KEY (`cacheId`) REFERENCES `craft_templatecaches` (`id`) ON DELETE CASCADE,
	ADD CONSTRAINT `craft_templatecacheelements_elementId_fk` FOREIGN KEY (`elementId`) REFERENCES `craft_elements` (`id`) ON DELETE CASCADE;

--
-- Constraints for table `craft_templatecaches`
--
ALTER TABLE `craft_templatecaches`
	ADD CONSTRAINT `craft_templatecaches_locale_fk` FOREIGN KEY (`locale`) REFERENCES `craft_locales` (`locale`) ON DELETE CASCADE ON UPDATE CASCADE;

--
-- Constraints for table `craft_usergroups_users`
--
ALTER TABLE `craft_usergroups_users`
	ADD CONSTRAINT `craft_usergroups_users_groupId_fk` FOREIGN KEY (`groupId`) REFERENCES `craft_usergroups` (`id`) ON DELETE CASCADE,
	ADD CONSTRAINT `craft_usergroups_users_userId_fk` FOREIGN KEY (`userId`) REFERENCES `craft_users` (`id`) ON DELETE CASCADE;

--
-- Constraints for table `craft_userpermissions_usergroups`
--
ALTER TABLE `craft_userpermissions_usergroups`
	ADD CONSTRAINT `craft_userpermissions_usergroups_groupId_fk` FOREIGN KEY (`groupId`) REFERENCES `craft_usergroups` (`id`) ON DELETE CASCADE,
	ADD CONSTRAINT `craft_userpermissions_usergroups_permissionId_fk` FOREIGN KEY (`permissionId`) REFERENCES `craft_userpermissions` (`id`) ON DELETE CASCADE;

--
-- Constraints for table `craft_userpermissions_users`
--
ALTER TABLE `craft_userpermissions_users`
	ADD CONSTRAINT `craft_userpermissions_users_permissionId_fk` FOREIGN KEY (`permissionId`) REFERENCES `craft_userpermissions` (`id`) ON DELETE CASCADE,
	ADD CONSTRAINT `craft_userpermissions_users_userId_fk` FOREIGN KEY (`userId`) REFERENCES `craft_users` (`id`) ON DELETE CASCADE;

--
-- Constraints for table `craft_users`
--
ALTER TABLE `craft_users`
	ADD CONSTRAINT `craft_users_id_fk` FOREIGN KEY (`id`) REFERENCES `craft_elements` (`id`) ON DELETE CASCADE,
	ADD CONSTRAINT `craft_users_preferredLocale_fk` FOREIGN KEY (`preferredLocale`) REFERENCES `craft_locales` (`locale`) ON DELETE SET NULL ON UPDATE CASCADE;

--
-- Constraints for table `craft_widgets`
--
ALTER TABLE `craft_widgets`
	ADD CONSTRAINT `craft_widgets_userId_fk` FOREIGN KEY (`userId`) REFERENCES `craft_users` (`id`) ON DELETE CASCADE;

SET FOREIGN_KEY_CHECKS = 1;
