-- Generated by Craft v2.6.3000 on 14 Dec 2017 00:13:57.

--
-- Disable foreign key checks and autocommit.
--

SET FOREIGN_KEY_CHECKS = 0;
SET SQL_MODE = "NO_AUTO_VALUE_ON_ZERO";
SET AUTOCOMMIT = 0;
SET NAMES utf8;


DROP TABLE IF EXISTS `craft_assetfiles`;


--
-- Schema for table `craft_assetfiles`
--
CREATE TABLE `craft_assetfiles` (
  `id` int(11) NOT NULL,
  `sourceId` int(11) DEFAULT NULL,
  `folderId` int(11) NOT NULL,
  `filename` varchar(255) COLLATE utf8_unicode_ci NOT NULL,
  `kind` varchar(50) COLLATE utf8_unicode_ci NOT NULL DEFAULT 'unknown',
  `width` int(11) unsigned DEFAULT NULL,
  `height` int(11) unsigned DEFAULT NULL,
  `size` bigint(20) unsigned DEFAULT NULL,
  `dateModified` datetime DEFAULT NULL,
  `dateCreated` datetime NOT NULL,
  `dateUpdated` datetime NOT NULL,
  `uid` char(36) COLLATE utf8_unicode_ci NOT NULL DEFAULT '0',
  PRIMARY KEY (`id`),
  UNIQUE KEY `craft_assetfiles_filename_folderId_unq_idx` (`filename`,`folderId`),
  KEY `craft_assetfiles_sourceId_fk` (`sourceId`),
  KEY `craft_assetfiles_folderId_fk` (`folderId`)
) ENGINE=InnoDB DEFAULT CHARSET=utf8 COLLATE=utf8_unicode_ci;

--
-- Data for table `craft_assetfiles`
--

INSERT INTO `craft_assetfiles` (`id`, `sourceId`, `folderId`, `filename`, `kind`, `width`, `height`, `size`, `dateModified`, `dateCreated`, `dateUpdated`, `uid`) VALUES
 ('4', '1', '1', 'index-hero-test.jpg', 'image', '1440', '960', '107019', '2017-12-10 22:29:48', '2017-12-10 22:29:48', '2017-12-14 00:13:45', '0559ed66-a2db-4196-88c2-e21ed0c52a4c'),
 ('5', '1', '1', 'creators-hero.jpg', 'image', '1440', '1440', '149673', '2017-12-10 22:29:56', '2017-12-10 22:29:56', '2017-12-14 00:13:44', '38d401bd-23a2-4e03-8e32-9003f1d6354b'),
 ('12', '1', '1', 'i-d-hero.jpg', 'image', '1440', '1440', '218884', '2017-12-10 22:46:02', '2017-12-10 22:46:02', '2017-12-14 00:13:45', '02da276c-14a8-463f-96be-c07be0651b48'),
 ('13', '1', '1', 'munchies-hero.jpg', 'image', '1440', '1440', '89729', '2017-12-10 22:46:02', '2017-12-10 22:46:03', '2017-12-14 00:13:45', 'ce5f414f-8cc8-4086-98f9-6751a33f2244'),
 ('14', '1', '1', 'noisey-hero.jpg', 'image', '1440', '1440', '124166', '2017-12-10 22:46:03', '2017-12-10 22:46:03', '2017-12-14 00:13:46', '1ab2ce58-f872-461d-a26b-f19c330aea8e'),
 ('15', '1', '1', 'thump-hero.jpg', 'image', '1440', '1440', '290682', '2017-12-10 22:46:03', '2017-12-10 22:46:03', '2017-12-14 00:13:53', '001052d9-4d74-4bea-8f5e-9fc1f3690044'),
 ('18', '1', '1', 'placeholder.jpg', 'image', '1440', '1440', '131918', '2017-12-10 23:20:19', '2017-12-10 23:20:20', '2017-12-14 00:13:46', '2b605073-37b3-46c0-9923-10af25531782'),
 ('24', '1', '1', 'noisey-hero-landscape.jpg', 'image', '1440', '960', '102423', '2017-12-12 17:40:21', '2017-12-12 17:40:22', '2017-12-14 00:13:45', 'bd7899f5-0d04-4087-8029-3ad342300032'),
 ('28', '1', '1', 'test-member-001.jpg', 'image', '1200', '1200', '463253', '2017-12-13 18:56:13', '2017-12-13 17:24:09', '2017-12-14 00:13:46', '1cb4b66f-019c-475b-84d2-ea19ac440cdd'),
 ('29', '1', '1', 'test-member-002.jpg', 'image', '1200', '1200', '351346', '2017-12-13 17:24:09', '2017-12-13 17:24:09', '2017-12-14 00:13:46', 'f3eb4a1f-cfae-442e-ae2a-e3c6ecaedf7c'),
 ('30', '1', '1', 'test-member-003.jpg', 'image', '1200', '1200', '434833', '2017-12-13 17:24:09', '2017-12-13 17:24:09', '2017-12-14 00:13:46', '99fc9d35-6c06-40fd-a8ee-ae930286fe17'),
 ('31', '1', '1', 'test-member-004.jpg', 'image', '1200', '1200', '352687', '2017-12-13 17:24:09', '2017-12-13 17:24:09', '2017-12-14 00:13:47', 'e81f3ef2-73e2-441f-bb52-010f1365b054'),
 ('32', '1', '1', 'test-member-005.jpg', 'image', '1200', '1200', '270836', '2017-12-13 17:24:10', '2017-12-13 17:24:10', '2017-12-14 00:13:47', '7f40fef1-f030-4d03-a69b-db0545d6d69c'),
 ('33', '1', '1', 'test-member-006.jpg', 'image', '1200', '1200', '313447', '2017-12-13 17:24:10', '2017-12-13 17:24:10', '2017-12-14 00:13:47', '3f827b8a-fa61-40fd-893a-7682c122da12'),
 ('34', '1', '1', 'test-member-007.jpg', 'image', '1200', '1200', '402675', '2017-12-13 17:24:10', '2017-12-13 17:24:10', '2017-12-14 00:13:47', '2b085325-15b6-4a78-b986-2533ba4d4d1d'),
 ('35', '1', '1', 'test-member-008.jpg', 'image', '1200', '1200', '213145', '2017-12-13 17:24:11', '2017-12-13 17:24:11', '2017-12-14 00:13:47', '07f7b5a7-6f2d-4f81-91a2-c1632c3f4246'),
 ('36', '1', '1', 'test-member-009.jpg', 'image', '1200', '1200', '256295', '2017-12-13 17:24:11', '2017-12-13 17:24:11', '2017-12-14 00:13:48', '7972762c-9d4a-441b-9830-c814e1d167b4'),
 ('37', '1', '1', 'test-member-010.jpg', 'image', '1200', '1200', '329510', '2017-12-13 17:24:11', '2017-12-13 17:24:11', '2017-12-14 00:13:48', 'ac9b1c6c-e6ff-43c0-a3ee-6a0a6af4b243'),
 ('38', '1', '1', 'test-member-011.jpg', 'image', '1200', '1200', '277063', '2017-12-13 17:24:11', '2017-12-13 17:24:12', '2017-12-14 00:13:48', '77903f38-7106-42ee-a627-8e87965f06a8'),
 ('39', '1', '1', 'test-member-012.jpg', 'image', '1200', '1200', '247517', '2017-12-13 17:24:12', '2017-12-13 17:24:12', '2017-12-14 00:13:49', 'e0d60aec-d912-47b4-bf01-568070ae443b'),
 ('40', '1', '1', 'test-member-013.jpg', 'image', '1200', '1200', '319003', '2017-12-13 17:24:12', '2017-12-13 17:24:12', '2017-12-14 00:13:49', '4221cb3f-c6a5-4c78-bf34-e12f4b901b79'),
 ('41', '1', '1', 'test-member-014.jpg', 'image', '1200', '1200', '326965', '2017-12-13 17:24:12', '2017-12-13 17:24:12', '2017-12-14 00:13:49', 'e6fd7df6-0dae-45a7-88cc-97648762f241'),
 ('42', '1', '1', 'test-member-015.jpg', 'image', '1200', '1200', '282369', '2017-12-13 17:24:12', '2017-12-13 17:24:13', '2017-12-14 00:13:50', '88cec31e-91d5-4f27-832e-79de227d254a'),
 ('43', '1', '1', 'test-member-016.jpg', 'image', '1200', '1200', '284317', '2017-12-13 17:24:13', '2017-12-13 17:24:13', '2017-12-14 00:13:50', 'c671ae23-058f-45b4-86c4-74df5e9fe08b'),
 ('44', '1', '1', 'test-member-017.jpg', 'image', '1200', '1200', '320480', '2017-12-13 17:24:13', '2017-12-13 17:24:13', '2017-12-14 00:13:50', '39c50053-0a06-4828-9dce-18944bcccc5e'),
 ('45', '1', '1', 'test-member-018.jpg', 'image', '1200', '1200', '276166', '2017-12-13 17:24:13', '2017-12-13 17:24:13', '2017-12-14 00:13:50', '3278c8eb-8ecd-4a41-abd0-5be72d0c6f15'),
 ('46', '1', '1', 'test-member-019.jpg', 'image', '1200', '1200', '297307', '2017-12-13 17:24:14', '2017-12-13 17:24:14', '2017-12-14 00:13:50', 'fc623dcc-58b5-40ee-a0c9-a6bcaedf9b31'),
 ('47', '1', '1', 'test-member-020.jpg', 'image', '1200', '1200', '413599', '2017-12-13 17:24:14', '2017-12-13 17:24:14', '2017-12-14 00:13:51', '98fe789f-f23f-4551-9531-b023f723c8cd'),
 ('48', '1', '1', 'test-member-021.jpg', 'image', '1200', '1200', '276655', '2017-12-13 17:24:14', '2017-12-13 17:24:14', '2017-12-14 00:13:51', '37d70d2e-b695-4118-9b9c-da0aac1b80a8'),
 ('49', '1', '1', 'test-member-022.jpg', 'image', '1200', '1200', '306829', '2017-12-13 17:24:14', '2017-12-13 17:24:15', '2017-12-14 00:13:51', '16d51bff-5685-4084-8f46-d28c640b44fd'),
 ('50', '1', '1', 'test-member-023.jpg', 'image', '1200', '1200', '192325', '2017-12-13 17:24:15', '2017-12-13 17:24:15', '2017-12-14 00:13:51', 'af63cd30-ae76-4a89-ae43-2a4ac4f9a992'),
 ('51', '1', '1', 'test-member-024.jpg', 'image', '1200', '1200', '165324', '2017-12-13 17:24:15', '2017-12-13 17:24:15', '2017-12-14 00:13:51', '55d0a535-fe57-4350-90a6-17e0ac2474df'),
 ('52', '1', '1', 'test-member-025.jpg', 'image', '1200', '1200', '279923', '2017-12-13 17:24:15', '2017-12-13 17:24:15', '2017-12-14 00:13:51', 'bda8649f-8ce2-486e-8d26-202db874fda3'),
 ('53', '1', '1', 'test-member-026.jpg', 'image', '1200', '1200', '230779', '2017-12-13 17:24:15', '2017-12-13 17:24:16', '2017-12-14 00:13:52', '4229b047-be23-496f-bbe0-156e42ba87dd'),
 ('54', '1', '1', 'test-member-027.jpg', 'image', '1200', '1200', '282837', '2017-12-13 17:24:16', '2017-12-13 17:24:16', '2017-12-14 00:13:52', '1c72c668-abb2-4f82-a14b-4873570c05b5'),
 ('55', '1', '1', 'test-member-028.jpg', 'image', '1200', '1200', '256222', '2017-12-13 17:24:16', '2017-12-13 17:24:16', '2017-12-14 00:13:52', '3ece5fc9-ee9d-445a-afa1-4d827ce0a60d'),
 ('56', '1', '1', 'test-member-029.jpg', 'image', '1200', '1200', '266704', '2017-12-13 17:24:16', '2017-12-13 17:24:16', '2017-12-14 00:13:52', 'a7364cc2-3072-4f30-836c-6e5566de4e7c'),
 ('57', '1', '1', 'test-member-030.jpg', 'image', '1200', '1200', '236903', '2017-12-13 17:24:17', '2017-12-13 17:24:17', '2017-12-14 00:13:52', '9a3714be-ffe0-4a5e-bef9-865802576e97'),
 ('58', '1', '1', 'test-member-031.jpg', 'image', '1200', '1200', '299744', '2017-12-13 17:24:17', '2017-12-13 17:24:17', '2017-12-14 00:13:53', '32bf36f7-9920-47f5-be45-f02d380e8a1c'),
 ('83', '1', '1', 'oly_testwow_stage.jpg', 'image', '1024', '426', '36078', '2017-12-13 18:57:19', '2017-12-13 18:57:20', '2017-12-14 00:13:46', 'b298c345-2b8d-45a3-a2e0-2e832c5383a6');



DROP TABLE IF EXISTS `craft_assetfolders`;


--
-- Schema for table `craft_assetfolders`
--
CREATE TABLE `craft_assetfolders` (
  `id` int(11) NOT NULL AUTO_INCREMENT,
  `parentId` int(11) DEFAULT NULL,
  `sourceId` int(11) DEFAULT NULL,
  `name` varchar(255) COLLATE utf8_unicode_ci NOT NULL,
  `path` varchar(255) COLLATE utf8_unicode_ci DEFAULT NULL,
  `dateCreated` datetime NOT NULL,
  `dateUpdated` datetime NOT NULL,
  `uid` char(36) COLLATE utf8_unicode_ci NOT NULL DEFAULT '0',
  PRIMARY KEY (`id`),
  UNIQUE KEY `craft_assetfolders_name_parentId_sourceId_unq_idx` (`name`,`parentId`,`sourceId`),
  KEY `craft_assetfolders_parentId_fk` (`parentId`),
  KEY `craft_assetfolders_sourceId_fk` (`sourceId`)
) ENGINE=InnoDB AUTO_INCREMENT=6 DEFAULT CHARSET=utf8 COLLATE=utf8_unicode_ci;

--
-- Data for table `craft_assetfolders`
--

INSERT INTO `craft_assetfolders` (`id`, `parentId`, `sourceId`, `name`, `path`, `dateCreated`, `dateUpdated`, `uid`) VALUES
 ('1', NULL, '1', 'Uploads', '', '2017-12-10 22:29:23', '2017-12-10 22:29:23', 'a28c1ffe-46f4-40af-9eed-f5b839b2e4da'),
 ('2', NULL, NULL, 'Temporary source', NULL, '2017-12-13 20:23:47', '2017-12-13 20:23:47', 'cde8c5b2-5377-4f78-a871-29029a2faa8d'),
 ('3', '2', NULL, 'user_1', 'user_1/', '2017-12-13 20:23:47', '2017-12-13 20:23:47', '2919db02-1266-4248-9a81-3c98a9122bb2'),
 ('4', '3', NULL, 'field_18', 'user_1/field_18/', '2017-12-13 20:23:47', '2017-12-13 20:23:47', '21b8cf91-4ca3-43d7-badc-86663c95f487'),
 ('5', '1', '1', 'articles', 'articles/', '2017-12-13 20:38:07', '2017-12-13 20:38:07', 'd2913e54-1aa6-4a3a-8c27-5819a2eb532f');



DROP TABLE IF EXISTS `craft_assetindexdata`;


--
-- Schema for table `craft_assetindexdata`
--
CREATE TABLE `craft_assetindexdata` (
  `id` int(11) NOT NULL AUTO_INCREMENT,
  `sessionId` varchar(36) COLLATE utf8_unicode_ci NOT NULL DEFAULT '',
  `sourceId` int(10) NOT NULL,
  `offset` int(10) NOT NULL,
  `uri` varchar(255) COLLATE utf8_unicode_ci DEFAULT NULL,
  `size` varchar(255) COLLATE utf8_unicode_ci DEFAULT NULL,
  `recordId` int(10) DEFAULT NULL,
  `dateCreated` datetime NOT NULL,
  `dateUpdated` datetime NOT NULL,
  `uid` char(36) COLLATE utf8_unicode_ci NOT NULL DEFAULT '0',
  PRIMARY KEY (`id`),
  UNIQUE KEY `craft_assetindexdata_sessionId_sourceId_offset_unq_idx` (`sessionId`,`sourceId`,`offset`),
  KEY `craft_assetindexdata_sourceId_fk` (`sourceId`)
) ENGINE=InnoDB AUTO_INCREMENT=80 DEFAULT CHARSET=utf8 COLLATE=utf8_unicode_ci;

DROP TABLE IF EXISTS `craft_assetsources`;


--
-- Schema for table `craft_assetsources`
--
CREATE TABLE `craft_assetsources` (
  `id` int(11) NOT NULL AUTO_INCREMENT,
  `name` varchar(255) COLLATE utf8_unicode_ci NOT NULL,
  `handle` varchar(255) COLLATE utf8_unicode_ci NOT NULL,
  `type` varchar(150) COLLATE utf8_unicode_ci NOT NULL,
  `settings` text COLLATE utf8_unicode_ci,
  `sortOrder` smallint(6) unsigned DEFAULT NULL,
  `fieldLayoutId` int(10) DEFAULT NULL,
  `dateCreated` datetime NOT NULL,
  `dateUpdated` datetime NOT NULL,
  `uid` char(36) COLLATE utf8_unicode_ci NOT NULL DEFAULT '0',
  PRIMARY KEY (`id`),
  UNIQUE KEY `craft_assetsources_name_unq_idx` (`name`),
  UNIQUE KEY `craft_assetsources_handle_unq_idx` (`handle`),
  KEY `craft_assetsources_fieldLayoutId_fk` (`fieldLayoutId`)
) ENGINE=InnoDB AUTO_INCREMENT=2 DEFAULT CHARSET=utf8 COLLATE=utf8_unicode_ci;

--
-- Data for table `craft_assetsources`
--

INSERT INTO `craft_assetsources` (`id`, `name`, `handle`, `type`, `settings`, `sortOrder`, `fieldLayoutId`, `dateCreated`, `dateUpdated`, `uid`) VALUES
 ('1', 'Uploads', 'uploads', 'Local', '{\"path\":\"uploads\\/\",\"publicURLs\":\"1\",\"url\":\"{baseUrl}\\/uploads\\/\"}', '1', '6', '2017-12-10 22:29:23', '2017-12-10 22:29:23', '891d5c63-a69d-40ee-9d31-073be799c381');



DROP TABLE IF EXISTS `craft_assettransformindex`;


--
-- Schema for table `craft_assettransformindex`
--
CREATE TABLE `craft_assettransformindex` (
  `id` int(11) NOT NULL AUTO_INCREMENT,
  `fileId` int(11) NOT NULL,
  `filename` varchar(255) COLLATE utf8_unicode_ci DEFAULT NULL,
  `format` varchar(255) COLLATE utf8_unicode_ci DEFAULT NULL,
  `location` varchar(255) COLLATE utf8_unicode_ci NOT NULL,
  `sourceId` int(11) DEFAULT NULL,
  `fileExists` tinyint(1) DEFAULT NULL,
  `inProgress` tinyint(1) DEFAULT NULL,
  `dateIndexed` datetime DEFAULT NULL,
  `dateCreated` datetime NOT NULL,
  `dateUpdated` datetime NOT NULL,
  `uid` char(36) COLLATE utf8_unicode_ci NOT NULL DEFAULT '0',
  PRIMARY KEY (`id`),
  KEY `craft_assettransformindex_sourceId_fileId_location_idx` (`sourceId`,`fileId`,`location`)
) ENGINE=InnoDB AUTO_INCREMENT=19 DEFAULT CHARSET=utf8 COLLATE=utf8_unicode_ci;

DROP TABLE IF EXISTS `craft_assettransforms`;


--
-- Schema for table `craft_assettransforms`
--
CREATE TABLE `craft_assettransforms` (
  `id` int(11) NOT NULL AUTO_INCREMENT,
  `name` varchar(255) COLLATE utf8_unicode_ci NOT NULL,
  `handle` varchar(255) COLLATE utf8_unicode_ci NOT NULL,
  `mode` enum('stretch','fit','crop') COLLATE utf8_unicode_ci NOT NULL DEFAULT 'crop',
  `position` enum('top-left','top-center','top-right','center-left','center-center','center-right','bottom-left','bottom-center','bottom-right') COLLATE utf8_unicode_ci NOT NULL DEFAULT 'center-center',
  `height` int(10) DEFAULT NULL,
  `width` int(10) DEFAULT NULL,
  `format` varchar(255) COLLATE utf8_unicode_ci DEFAULT NULL,
  `quality` int(10) DEFAULT NULL,
  `dimensionChangeTime` datetime DEFAULT NULL,
  `dateCreated` datetime NOT NULL,
  `dateUpdated` datetime NOT NULL,
  `uid` char(36) COLLATE utf8_unicode_ci NOT NULL DEFAULT '0',
  PRIMARY KEY (`id`),
  UNIQUE KEY `craft_assettransforms_name_unq_idx` (`name`),
  UNIQUE KEY `craft_assettransforms_handle_unq_idx` (`handle`)
) ENGINE=InnoDB AUTO_INCREMENT=2 DEFAULT CHARSET=utf8 COLLATE=utf8_unicode_ci;

--
-- Data for table `craft_assettransforms`
--

INSERT INTO `craft_assettransforms` (`id`, `name`, `handle`, `mode`, `position`, `height`, `width`, `format`, `quality`, `dimensionChangeTime`, `dateCreated`, `dateUpdated`, `uid`) VALUES
 ('1', 'Landscape', 'landscape', 'crop', 'top-center', '960', '1440', 'jpg', NULL, '2017-12-13 18:53:56', '2017-12-13 18:50:43', '2017-12-13 19:01:06', '64199965-b820-460b-938e-b5d1aa884727');



DROP TABLE IF EXISTS `craft_categories`;


--
-- Schema for table `craft_categories`
--
CREATE TABLE `craft_categories` (
  `id` int(11) NOT NULL,
  `groupId` int(11) NOT NULL,
  `dateCreated` datetime NOT NULL,
  `dateUpdated` datetime NOT NULL,
  `uid` char(36) COLLATE utf8_unicode_ci NOT NULL DEFAULT '0',
  PRIMARY KEY (`id`),
  KEY `craft_categories_groupId_fk` (`groupId`)
) ENGINE=InnoDB DEFAULT CHARSET=utf8 COLLATE=utf8_unicode_ci;

--
-- Data for table `craft_categories`
--

INSERT INTO `craft_categories` (`id`, `groupId`, `dateCreated`, `dateUpdated`, `uid`) VALUES
 ('6', '1', '2017-12-10 22:30:52', '2017-12-12 18:30:49', '663be8dd-3a00-4b1e-ae7f-2e26e44d8552'),
 ('7', '1', '2017-12-10 22:30:58', '2017-12-12 18:31:05', 'b99cdc5c-aa60-425e-8830-49899aee9c28'),
 ('8', '1', '2017-12-10 22:31:04', '2017-12-12 18:31:12', 'b8eecabd-16ca-47df-90c5-640589112333'),
 ('9', '1', '2017-12-10 22:31:20', '2017-12-12 18:31:26', '954253fc-633a-4c7a-916c-51048d7d7836'),
 ('10', '1', '2017-12-10 22:31:29', '2017-12-12 18:31:37', '606070c6-cb74-49df-8da2-4dd0856364c2');



DROP TABLE IF EXISTS `craft_categorygroups`;


--
-- Schema for table `craft_categorygroups`
--
CREATE TABLE `craft_categorygroups` (
  `id` int(11) NOT NULL AUTO_INCREMENT,
  `structureId` int(11) NOT NULL,
  `fieldLayoutId` int(11) DEFAULT NULL,
  `name` varchar(255) COLLATE utf8_unicode_ci NOT NULL,
  `handle` varchar(255) COLLATE utf8_unicode_ci NOT NULL,
  `hasUrls` tinyint(1) unsigned NOT NULL DEFAULT '1',
  `template` varchar(500) COLLATE utf8_unicode_ci DEFAULT NULL,
  `dateCreated` datetime NOT NULL,
  `dateUpdated` datetime NOT NULL,
  `uid` char(36) COLLATE utf8_unicode_ci NOT NULL DEFAULT '0',
  PRIMARY KEY (`id`),
  UNIQUE KEY `craft_categorygroups_name_unq_idx` (`name`),
  UNIQUE KEY `craft_categorygroups_handle_unq_idx` (`handle`),
  KEY `craft_categorygroups_structureId_fk` (`structureId`),
  KEY `craft_categorygroups_fieldLayoutId_fk` (`fieldLayoutId`)
) ENGINE=InnoDB AUTO_INCREMENT=2 DEFAULT CHARSET=utf8 COLLATE=utf8_unicode_ci;

--
-- Data for table `craft_categorygroups`
--

INSERT INTO `craft_categorygroups` (`id`, `structureId`, `fieldLayoutId`, `name`, `handle`, `hasUrls`, `template`, `dateCreated`, `dateUpdated`, `uid`) VALUES
 ('1', '1', '15', 'Class', 'class', '1', 'class', '2017-12-10 22:30:42', '2017-12-12 17:38:30', '4508007f-fb00-46a5-9113-778c4fa75fe7');



DROP TABLE IF EXISTS `craft_categorygroups_i18n`;


--
-- Schema for table `craft_categorygroups_i18n`
--
CREATE TABLE `craft_categorygroups_i18n` (
  `id` int(11) NOT NULL AUTO_INCREMENT,
  `groupId` int(11) NOT NULL,
  `locale` char(12) COLLATE utf8_unicode_ci NOT NULL,
  `urlFormat` text COLLATE utf8_unicode_ci,
  `nestedUrlFormat` text COLLATE utf8_unicode_ci,
  `dateCreated` datetime NOT NULL,
  `dateUpdated` datetime NOT NULL,
  `uid` char(36) COLLATE utf8_unicode_ci NOT NULL DEFAULT '0',
  PRIMARY KEY (`id`),
  UNIQUE KEY `craft_categorygroups_i18n_groupId_locale_unq_idx` (`groupId`,`locale`),
  KEY `craft_categorygroups_i18n_locale_fk` (`locale`)
) ENGINE=InnoDB AUTO_INCREMENT=2 DEFAULT CHARSET=utf8 COLLATE=utf8_unicode_ci;

--
-- Data for table `craft_categorygroups_i18n`
--

INSERT INTO `craft_categorygroups_i18n` (`id`, `groupId`, `locale`, `urlFormat`, `nestedUrlFormat`, `dateCreated`, `dateUpdated`, `uid`) VALUES
 ('1', '1', 'en_gb', 'class/{slug}', '{parent.uri}/{slug}', '2017-12-10 22:30:42', '2017-12-10 22:30:42', '3e55f36c-5dac-44d3-8d79-9e149a0202ae');



DROP TABLE IF EXISTS `craft_content`;


--
-- Schema for table `craft_content`
--
CREATE TABLE `craft_content` (
  `id` int(11) NOT NULL AUTO_INCREMENT,
  `elementId` int(11) NOT NULL,
  `locale` char(12) COLLATE utf8_unicode_ci NOT NULL,
  `title` varchar(255) COLLATE utf8_unicode_ci DEFAULT NULL,
  `field_heroText` text COLLATE utf8_unicode_ci,
  `field_forename` text COLLATE utf8_unicode_ci,
  `field_surname` text COLLATE utf8_unicode_ci,
  `field_job` text COLLATE utf8_unicode_ci,
  `field_location` text COLLATE utf8_unicode_ci,
  `field_quote` text COLLATE utf8_unicode_ci,
  `dateCreated` datetime NOT NULL,
  `dateUpdated` datetime NOT NULL,
  `uid` char(36) COLLATE utf8_unicode_ci NOT NULL DEFAULT '0',
  PRIMARY KEY (`id`),
  UNIQUE KEY `craft_content_elementId_locale_unq_idx` (`elementId`,`locale`),
  KEY `craft_content_title_idx` (`title`),
  KEY `craft_content_locale_fk` (`locale`)
) ENGINE=InnoDB AUTO_INCREMENT=84 DEFAULT CHARSET=utf8 COLLATE=utf8_unicode_ci;

--
-- Data for table `craft_content`
--

INSERT INTO `craft_content` (`id`, `elementId`, `locale`, `title`, `field_heroText`, `field_forename`, `field_surname`, `field_job`, `field_location`, `field_quote`, `dateCreated`, `dateUpdated`, `uid`) VALUES
 ('1', '1', 'en_gb', NULL, NULL, NULL, NULL, NULL, NULL, NULL, '2017-12-10 22:25:16', '2017-12-10 22:25:16', '8bac7531-d6ee-45ec-86f3-b0fc7fbfec24'),
 ('2', '2', 'en_gb', 'Home', '<h4>Lorem ipsum dolor sit amet, consetetur sadipscing elitr, sed diam nonumy eirmod tempor invidunt ut labore.</h4>', NULL, NULL, NULL, NULL, NULL, '2017-12-10 22:25:19', '2017-12-13 23:06:55', '58a8429d-4e80-4ab0-aa78-00e42d6b3fe8'),
 ('4', '4', 'en_gb', 'Index Hero Test', NULL, NULL, NULL, NULL, NULL, NULL, '2017-12-10 22:29:48', '2017-12-14 00:13:45', '270e3877-e0ca-4811-8bd7-39e296df3b41'),
 ('5', '5', 'en_gb', 'Creators Hero', NULL, NULL, NULL, NULL, NULL, NULL, '2017-12-10 22:29:56', '2017-12-14 00:13:44', '3968e25c-eca2-4b3b-a469-6a5909d08577'),
 ('6', '6', 'en_gb', 'Munchies', '<h3>Donec ullamcorper nulla non metus auctor fringilla. Aenean eu leo quam. Pellentesque ornare sem lacinia quam venenatis <a href=\"http://browncardigan.com\">vestibulum</a>. Curabitur blandit tempus porttitor. Etiam porta sem malesuada magna mollis euismod.</h3>', NULL, NULL, NULL, NULL, NULL, '2017-12-10 22:30:52', '2017-12-12 18:30:49', '76650163-0d6d-4847-90f9-81a59f489c74'),
 ('7', '7', 'en_gb', 'Noisey', '<h3>Donec ullamcorper nulla non metus auctor fringilla. Aenean eu leo quam. Pellentesque ornare sem lacinia quam venenatis <a href=\"http://browncardigan.com\">vestibulum</a>. Curabitur blandit tempus porttitor. Etiam porta sem malesuada magna mollis euismod.</h3>', NULL, NULL, NULL, NULL, NULL, '2017-12-10 22:30:58', '2017-12-12 18:31:05', '3af9f413-0844-44c7-bc1d-75b9231a23bb'),
 ('8', '8', 'en_gb', 'Thump', '<h3>Donec ullamcorper nulla non metus auctor fringilla. Aenean eu leo quam. Pellentesque ornare sem lacinia quam venenatis <a href=\"http://browncardigan.com\">vestibulum</a>. Curabitur blandit tempus porttitor. Etiam porta sem malesuada magna mollis euismod.</h3>', NULL, NULL, NULL, NULL, NULL, '2017-12-10 22:31:04', '2017-12-12 18:31:12', 'c7ec97ef-9c10-402b-aeae-676502e00e36'),
 ('9', '9', 'en_gb', 'Creators', '<h3>Donec ullamcorper nulla non metus auctor fringilla. Aenean eu leo quam. Pellentesque ornare sem lacinia quam venenatis <a href=\"http://browncardigan.com\">vestibulum</a>. Curabitur blandit tempus porttitor. Etiam porta sem malesuada magna mollis euismod.</h3>', NULL, NULL, NULL, NULL, NULL, '2017-12-10 22:31:19', '2017-12-12 18:31:26', '7c6fd0d0-8897-47c0-b2f9-7ec4c6f7d3d1'),
 ('10', '10', 'en_gb', 'i-D', '<h3>Donec ullamcorper nulla non metus auctor fringilla. Aenean eu leo quam. Pellentesque ornare sem lacinia quam venenatis <a href=\"http://browncardigan.com\">vestibulum</a>. Curabitur blandit tempus porttitor. Etiam porta sem malesuada magna mollis euismod.</h3>', NULL, NULL, NULL, NULL, NULL, '2017-12-10 22:31:29', '2017-12-12 18:31:37', 'cc3b2da4-ccca-4543-9267-6392f91ea65f'),
 ('12', '12', 'en_gb', 'I D Hero', NULL, NULL, NULL, NULL, NULL, NULL, '2017-12-10 22:46:02', '2017-12-14 00:13:45', 'e7e56e3d-3bce-435c-8136-54c775e36d21'),
 ('13', '13', 'en_gb', 'Munchies Hero', NULL, NULL, NULL, NULL, NULL, NULL, '2017-12-10 22:46:03', '2017-12-14 00:13:45', '4953809c-d280-422d-90ae-bf6ed77161c1'),
 ('14', '14', 'en_gb', 'Noisey Hero', NULL, NULL, NULL, NULL, NULL, NULL, '2017-12-10 22:46:03', '2017-12-14 00:13:45', 'c6ab479c-ebdf-41e0-a24b-946ce97feb20'),
 ('15', '15', 'en_gb', 'Thump Hero', NULL, NULL, NULL, NULL, NULL, NULL, '2017-12-10 22:46:03', '2017-12-14 00:13:53', '66c45643-96fa-41c1-bdf9-caa0c5928958'),
 ('16', '16', 'en_gb', 'Gareth Johns', '<h3>Lorem ipsum dolor sit amet, consetetur sadipscing elitr, sed diam nonumy eirmod tempor invidunt ut labore.</h3>', 'Gareth', 'Johns', 'Cool Guy', 'London', NULL, '2017-12-10 23:06:35', '2017-12-13 20:02:11', '76a278fb-cae9-4adf-8f02-dcd06380ac1f'),
 ('17', '17', 'en_gb', 'Chloe Walshingam', '<h3>Lorem ipsum dolor sit amet, consetetur sadipscing elitr, sed diam nonumy eirmod tempor invidunt ut labore.</h3>', 'Chloe', 'Walshingam', 'Designer', 'London', NULL, '2017-12-10 23:11:02', '2017-12-13 23:56:06', '5ed214e6-f211-415a-a10d-7844f8701cd8'),
 ('18', '18', 'en_gb', 'Placeholder', NULL, NULL, NULL, NULL, NULL, NULL, '2017-12-10 23:20:19', '2017-12-14 00:13:46', 'b8c5853d-2b6b-4ba9-88ae-4af7d6032eb9'),
 ('19', '19', 'en_gb', 'Olivia Smaghe', '<h3>Lorem ipsum dolor sit amet, consetetur sadipscing elitr, sed diam nonumy eirmod tempor invidunt ut labore.</h3>', 'Olivia', 'Smaghe', 'Producer', 'London', NULL, '2017-12-10 23:25:16', '2017-12-13 19:37:32', 'b36c7bb0-4757-4f5c-960f-3d88b930b480'),
 ('20', '20', 'en_gb', 'Felix Papalardi', '<h3>Lorem ipsum dolor sit amet, consetetur sadipscing elitr, sed diam nonumy eirmod tempor invidunt ut labore.</h3>', 'Felix', 'Papalardi', 'Student', 'Newcastle', NULL, '2017-12-10 23:25:38', '2017-12-13 19:37:21', 'ae4fad46-69e5-40b9-9fc8-d1bcf62af0d9'),
 ('21', '21', 'en_gb', 'Jenna Clapton', '<h3>Lorem ipsum dolor sit amet, consetetur sadipscing elitr, sed diam nonumy eirmod tempor invidunt ut labore.</h3>', 'Jenna', 'Clapton', 'Marketing', 'London', NULL, '2017-12-10 23:26:01', '2017-12-13 19:37:37', 'd25ccdaf-940a-4f46-ae3a-a45f85bb2f8d'),
 ('22', '22', 'en_gb', 'Jaykee Magician', '<h3>Lorem ipsum dolor sit amet, consetetur sadipscing elitr, sed diam nonumy eirmod tempor invidunt ut labore.</h3>', 'Jaykee', 'Magician', 'Guitarist', 'Slough', NULL, '2017-12-10 23:26:26', '2017-12-13 19:37:42', '8246dc63-7de4-4aa9-a13f-574a2e78b516'),
 ('23', '23', 'en_gb', 'Micheal Vonck', '<h3>Lorem ipsum dolor sit amet, consetetur sadipscing elitr, sed diam nonumy eirmod tempor invidunt ut labore.</h3>', 'Micheal', 'Vonck', 'Developer', 'New York', NULL, '2017-12-10 23:26:43', '2017-12-13 19:37:46', '43e9f194-c01f-4b94-bc55-11fa86c3fb63'),
 ('24', '24', 'en_gb', 'Noisey Hero Landscape', NULL, NULL, NULL, NULL, NULL, NULL, '2017-12-12 17:40:21', '2017-12-14 00:13:45', '3bdab8cf-77dd-4e14-8734-28fd3d1282de'),
 ('28', '28', 'en_gb', 'Test Member 001', NULL, NULL, NULL, NULL, NULL, NULL, '2017-12-13 17:24:08', '2017-12-14 00:13:46', '8e5c952c-1153-454d-a6a8-bddc51204ac7'),
 ('29', '29', 'en_gb', 'Test Member 002', NULL, NULL, NULL, NULL, NULL, NULL, '2017-12-13 17:24:09', '2017-12-14 00:13:46', 'ce33e5a9-8113-4688-b05c-4cb1562c6050'),
 ('30', '30', 'en_gb', 'Test Member 003', NULL, NULL, NULL, NULL, NULL, NULL, '2017-12-13 17:24:09', '2017-12-14 00:13:46', 'd2bccea6-1399-471c-bd6e-ee42d36bb21a'),
 ('31', '31', 'en_gb', 'Test Member 004', NULL, NULL, NULL, NULL, NULL, NULL, '2017-12-13 17:24:09', '2017-12-14 00:13:47', '46eca390-ac65-44ee-ad0b-6f1dd4ac10cd'),
 ('32', '32', 'en_gb', 'Test Member 005', NULL, NULL, NULL, NULL, NULL, NULL, '2017-12-13 17:24:10', '2017-12-14 00:13:47', 'ab53919d-01fd-4ead-be0e-b248b9aa12d9'),
 ('33', '33', 'en_gb', 'Test Member 006', NULL, NULL, NULL, NULL, NULL, NULL, '2017-12-13 17:24:10', '2017-12-14 00:13:47', 'aa6db835-c0d2-4d0f-b88c-1807e2e283cc'),
 ('34', '34', 'en_gb', 'Test Member 007', NULL, NULL, NULL, NULL, NULL, NULL, '2017-12-13 17:24:10', '2017-12-14 00:13:47', 'e5e1a2aa-5bc8-4378-ac97-765a4bd3ae12'),
 ('35', '35', 'en_gb', 'Test Member 008', NULL, NULL, NULL, NULL, NULL, NULL, '2017-12-13 17:24:11', '2017-12-14 00:13:47', '3d3ad5f6-7ce3-453d-8292-08ac7a577af2'),
 ('36', '36', 'en_gb', 'Test Member 009', NULL, NULL, NULL, NULL, NULL, NULL, '2017-12-13 17:24:11', '2017-12-14 00:13:48', 'a97970df-cd15-44a2-b099-6f8a5bc3a45a'),
 ('37', '37', 'en_gb', 'Test Member 010', NULL, NULL, NULL, NULL, NULL, NULL, '2017-12-13 17:24:11', '2017-12-14 00:13:48', 'eebb5599-53b6-4291-b88d-dda2b10be7e4'),
 ('38', '38', 'en_gb', 'Test Member 011', NULL, NULL, NULL, NULL, NULL, NULL, '2017-12-13 17:24:11', '2017-12-14 00:13:48', 'd6a94231-72b4-45bb-9d44-4a3dae41786e'),
 ('39', '39', 'en_gb', 'Test Member 012', NULL, NULL, NULL, NULL, NULL, NULL, '2017-12-13 17:24:12', '2017-12-14 00:13:49', '0c1cb139-46da-4c10-abe4-ea8886dcdce6'),
 ('40', '40', 'en_gb', 'Test Member 013', NULL, NULL, NULL, NULL, NULL, NULL, '2017-12-13 17:24:12', '2017-12-14 00:13:49', 'ac8a1ac5-da82-4097-9b58-fbd0173d73cf'),
 ('41', '41', 'en_gb', 'Test Member 014', NULL, NULL, NULL, NULL, NULL, NULL, '2017-12-13 17:24:12', '2017-12-14 00:13:49', 'a013c1af-08df-4583-ba57-2e2a515925d9'),
 ('42', '42', 'en_gb', 'Test Member 015', NULL, NULL, NULL, NULL, NULL, NULL, '2017-12-13 17:24:13', '2017-12-14 00:13:50', 'c8025715-90c1-491b-b95b-106b4ec91947'),
 ('43', '43', 'en_gb', 'Test Member 016', NULL, NULL, NULL, NULL, NULL, NULL, '2017-12-13 17:24:13', '2017-12-14 00:13:50', 'f354cab7-747f-4d5c-8ced-52e23875d6ec'),
 ('44', '44', 'en_gb', 'Test Member 017', NULL, NULL, NULL, NULL, NULL, NULL, '2017-12-13 17:24:13', '2017-12-14 00:13:50', '74b924a4-e065-4406-ab0e-fb312668d1fb'),
 ('45', '45', 'en_gb', 'Test Member 018', NULL, NULL, NULL, NULL, NULL, NULL, '2017-12-13 17:24:13', '2017-12-14 00:13:50', '5baeff27-7a0c-4e61-b768-6199815daa9b'),
 ('46', '46', 'en_gb', 'Test Member 019', NULL, NULL, NULL, NULL, NULL, NULL, '2017-12-13 17:24:14', '2017-12-14 00:13:50', '1106c4a0-915e-4dba-967c-10e2e94bdf6f'),
 ('47', '47', 'en_gb', 'Test Member 020', NULL, NULL, NULL, NULL, NULL, NULL, '2017-12-13 17:24:14', '2017-12-14 00:13:51', '68295c86-12fd-45c4-b1d9-44143ab7b9a9'),
 ('48', '48', 'en_gb', 'Test Member 021', NULL, NULL, NULL, NULL, NULL, NULL, '2017-12-13 17:24:14', '2017-12-14 00:13:51', '1ab95efe-b70b-4841-8769-4800dc63f405'),
 ('49', '49', 'en_gb', 'Test Member 022', NULL, NULL, NULL, NULL, NULL, NULL, '2017-12-13 17:24:15', '2017-12-14 00:13:51', '532f1e83-2a74-4c0d-affe-c4adcffb5397'),
 ('50', '50', 'en_gb', 'Test Member 023', NULL, NULL, NULL, NULL, NULL, NULL, '2017-12-13 17:24:15', '2017-12-14 00:13:51', 'bc5692df-52ec-4729-b94b-0d7d1786e001'),
 ('51', '51', 'en_gb', 'Test Member 024', NULL, NULL, NULL, NULL, NULL, NULL, '2017-12-13 17:24:15', '2017-12-14 00:13:51', '343141a9-fce3-42eb-8e21-c16456f84545'),
 ('52', '52', 'en_gb', 'Test Member 025', NULL, NULL, NULL, NULL, NULL, NULL, '2017-12-13 17:24:15', '2017-12-14 00:13:51', '8a842d1e-5c90-4198-840c-3310931a91a6'),
 ('53', '53', 'en_gb', 'Test Member 026', NULL, NULL, NULL, NULL, NULL, NULL, '2017-12-13 17:24:16', '2017-12-14 00:13:52', '21f3c569-5c28-4bc1-a5aa-a2c80bc08cb3'),
 ('54', '54', 'en_gb', 'Test Member 027', NULL, NULL, NULL, NULL, NULL, NULL, '2017-12-13 17:24:16', '2017-12-14 00:13:52', 'bb23cbf7-3f68-41f4-9aca-bf77b06fba1e'),
 ('55', '55', 'en_gb', 'Test Member 028', NULL, NULL, NULL, NULL, NULL, NULL, '2017-12-13 17:24:16', '2017-12-14 00:13:52', 'd862dfda-922f-428a-a8ff-7993d36f95a0'),
 ('56', '56', 'en_gb', 'Test Member 029', NULL, NULL, NULL, NULL, NULL, NULL, '2017-12-13 17:24:16', '2017-12-14 00:13:52', '34de424b-8c5c-4bc0-8b6d-7493e1849214'),
 ('57', '57', 'en_gb', 'Test Member 030', NULL, NULL, NULL, NULL, NULL, NULL, '2017-12-13 17:24:17', '2017-12-14 00:13:52', '6e0903f0-8002-4016-bfec-ed378882f501'),
 ('58', '58', 'en_gb', 'Test Member 031', NULL, NULL, NULL, NULL, NULL, NULL, '2017-12-13 17:24:17', '2017-12-14 00:13:53', 'ebf8f621-c6b5-4ca1-894f-35066cd0ea07'),
 ('59', '59', 'en_gb', 'Joaquin Hoop', '<h3>Lorem ipsum dolor sit amet, consetetur sadipscing elitr, sed diam nonumy eirmod tempor invidunt ut labore.</h3>', 'Joaquin', 'Hoop', 'Brewmaster', 'Dublin', NULL, '2017-12-13 17:27:55', '2017-12-13 19:36:15', 'a9eb757b-204d-48a0-941a-8752ea9c29b6'),
 ('60', '60', 'en_gb', 'Jeraldine Mathers', '<h3>Lorem ipsum dolor sit amet, consetetur sadipscing elitr, sed diam nonumy eirmod tempor invidunt ut labore.</h3>', 'Jeraldine', 'Mathers', 'Interior Designer', 'Japan', NULL, '2017-12-13 17:28:57', '2017-12-13 19:36:20', 'e353d12d-97a2-49ab-bcd7-79b06ed14925'),
 ('61', '61', 'en_gb', 'Georgene Goodspeed', '<h3>Lorem ipsum dolor sit amet, consetetur sadipscing elitr, sed diam nonumy eirmod tempor invidunt ut labore.</h3>', 'Georgene', 'Goodspeed', 'Director', 'Lisbon', NULL, '2017-12-13 17:29:39', '2017-12-13 19:36:25', 'f452a8be-78dc-4f34-92b0-d56af1900f00'),
 ('62', '62', 'en_gb', 'Charolette Wrede', '<h3>Lorem ipsum dolor sit amet, consetetur sadipscing elitr, sed diam nonumy eirmod tempor invidunt ut labore.</h3>', 'Charolette', 'Wrede', 'Game Designer', 'Paris', NULL, '2017-12-13 17:30:44', '2017-12-13 19:36:29', '27be97a4-bb9d-41bf-8a16-11cd7791c148'),
 ('63', '63', 'en_gb', 'Jaimie Rafael', '<h3>Lorem ipsum dolor sit amet, consetetur sadipscing elitr, sed diam nonumy eirmod tempor invidunt ut labore.</h3>', 'Jaimie ', 'Rafael', 'Engineer', 'Melbourne', NULL, '2017-12-13 17:52:36', '2017-12-13 19:36:35', '5e014a3e-da9f-43c4-b7a9-87ab23db501d'),
 ('64', '64', 'en_gb', 'Stephen Carnley', '<h3>Lorem ipsum dolor sit amet, consetetur sadipscing elitr, sed diam nonumy eirmod tempor invidunt ut labore.</h3>', 'Stephen', 'Carnley', 'Writer', 'Berlin', NULL, '2017-12-13 17:56:39', '2017-12-13 19:36:45', '11bb0379-775b-4895-a21c-5e912c4e0e5a'),
 ('65', '65', 'en_gb', 'Janice Decamp', '<h3>Lorem ipsum dolor sit amet, consetetur sadipscing elitr, sed diam nonumy eirmod tempor invidunt ut labore.</h3>', 'Janice', 'Decamp', 'Poet', 'Cork', NULL, '2017-12-13 17:57:21', '2017-12-13 19:36:50', 'ab375876-312e-43cf-97fd-2a8ab7d41b39'),
 ('66', '66', 'en_gb', 'Moises Ickes', '<h3>Lorem ipsum dolor sit amet, consetetur sadipscing elitr, sed diam nonumy eirmod tempor invidunt ut labore.</h3>', 'Moises', 'Ickes', 'Drummer', 'Leeds', NULL, '2017-12-13 17:59:19', '2017-12-13 19:36:55', 'cea49722-55d9-4699-b034-4eb606773b39'),
 ('67', '67', 'en_gb', 'Debi Wohlers  ', '<h3>Lorem ipsum dolor sit amet, consetetur sadipscing elitr, sed diam nonumy eirmod tempor invidunt ut labore.</h3>', 'Debi', 'Wohlers', 'PR', 'Manchester', NULL, '2017-12-13 18:00:14', '2017-12-13 19:37:00', 'd0d607ec-180c-4df0-8304-91951cbf6625'),
 ('68', '68', 'en_gb', 'Jimmie Schor', '<h3>Lorem ipsum dolor sit amet, consetetur sadipscing elitr, sed diam nonumy eirmod tempor invidunt ut labore.</h3>', 'Jimmie', 'Schor', 'Software Engineer', 'Lyon', NULL, '2017-12-13 18:01:20', '2017-12-13 19:37:12', 'e4c4d287-8322-4305-86c6-ceb64a393d11'),
 ('69', '69', 'en_gb', 'Hanna Harari', '<h3>Lorem ipsum dolor sit amet, consetetur sadipscing elitr, sed diam nonumy eirmod tempor invidunt ut labore.</h3>', 'Hanna', 'Harari', 'Student', 'Glasgow', NULL, '2017-12-13 18:05:58', '2017-12-13 19:37:17', 'b85f54cc-5105-4913-a672-28896c56424e'),
 ('70', '70', 'en_gb', 'Bernardine Mynatt', '<h3>Lorem ipsum dolor sit amet, consetetur sadipscing elitr, sed diam nonumy eirmod tempor invidunt ut labore.</h3>', 'Bernardine', 'Mynatt', 'Dancer', 'LA', NULL, '2017-12-13 18:17:03', '2017-12-13 19:37:51', '7897cd0e-136b-41a5-9838-0c3de479644c'),
 ('71', '71', 'en_gb', 'Isreal Hendon', '<h3>Lorem ipsum dolor sit amet, consetetur sadipscing elitr, sed diam nonumy eirmod tempor invidunt ut labore.</h3>', 'Isreal', 'Hendon', 'Developer', 'Berlin', NULL, '2017-12-13 18:17:36', '2017-12-13 23:32:06', '5f0cfec3-f4d6-48fd-943c-5e464c18e92e'),
 ('72', '72', 'en_gb', 'Nicki Niemi', '<h3>Lorem ipsum dolor sit amet, consetetur sadipscing elitr, sed diam nonumy eirmod tempor invidunt ut labore.</h3>', 'Nicki', 'Niemi', 'Designer', 'Osaka', NULL, '2017-12-13 18:18:18', '2017-12-13 23:31:36', '272459c4-c80c-41a9-a13a-d70f9ddc8a7d'),
 ('73', '73', 'en_gb', 'Mikel Keating', '<h3>Lorem ipsum dolor sit amet, consetetur sadipscing elitr, sed diam nonumy eirmod tempor invidunt ut labore.</h3>', 'Mikel', 'Keating', 'Nurse', 'Sydney', NULL, '2017-12-13 18:21:18', '2017-12-13 23:32:32', 'f8a727ec-680b-44e9-8b66-5944a494c36d'),
 ('74', '74', 'en_gb', 'Tammie Zerangue ', '<h3>Lorem ipsum dolor sit amet, consetetur sadipscing elitr, sed diam nonumy eirmod tempor invidunt ut labore.</h3>', 'Tammie', 'Zerangue', 'Artist', 'Wellington', NULL, '2017-12-13 18:23:10', '2017-12-13 23:33:41', '0be74b68-3ab8-400a-a80e-70df10082a5d'),
 ('75', '75', 'en_gb', 'Markita Pearson', '<h3>Lorem ipsum dolor sit amet, consetetur sadipscing elitr, sed diam nonumy eirmod tempor invidunt ut labore.</h3>', 'Markita', 'Pearson', 'Artist', 'Glasgow', NULL, '2017-12-13 18:24:28', '2017-12-13 23:34:01', 'e3397828-2d4b-4439-9a45-b8ce0ad6f000'),
 ('76', '76', 'en_gb', 'Young Besecker', '', 'Young', 'Besecker', NULL, NULL, NULL, '2017-12-13 18:26:28', '2017-12-13 18:26:46', '62e29293-3d43-461c-9aed-648958fbda43'),
 ('77', '77', 'en_gb', 'Yang', '', 'Yang', 'Mcalexander', NULL, NULL, NULL, '2017-12-13 18:27:42', '2017-12-13 18:27:42', '5e7e9a7e-fc8f-4485-a11b-72bc5db5d76f'),
 ('78', '78', 'en_gb', 'Valene Askey', '', 'Valene', 'Askey', NULL, NULL, NULL, '2017-12-13 18:28:10', '2017-12-13 18:28:10', '76e7d427-ddcb-466a-967f-1dcdffb31f8a'),
 ('79', '79', 'en_gb', 'Jeanette Granda', '', 'Jeanette', 'Granda', NULL, NULL, NULL, '2017-12-13 18:28:47', '2017-12-13 18:28:47', '200ea68e-eb9b-49d7-a697-d35515f5b220'),
 ('80', '80', 'en_gb', 'Joe Eklund', '', 'Joe', 'Eklund', NULL, NULL, NULL, '2017-12-13 18:29:42', '2017-12-13 18:29:42', 'f5e7e6ad-434e-48cb-ad76-0db85a92e0a6'),
 ('81', '81', 'en_gb', 'Tanisha Pietrzak', '', 'Tanisha', 'Pietrzak', NULL, NULL, NULL, '2017-12-13 18:30:18', '2017-12-13 18:30:18', '03e24ce9-60e2-4942-9b02-5851a681c8e0'),
 ('83', '83', 'en_gb', 'Oly Testwow Stage', NULL, NULL, NULL, NULL, NULL, NULL, '2017-12-13 18:57:20', '2017-12-14 00:13:46', 'c954832c-95a8-4ede-b288-c7d9fced0325');



DROP TABLE IF EXISTS `craft_deprecationerrors`;


--
-- Schema for table `craft_deprecationerrors`
--
CREATE TABLE `craft_deprecationerrors` (
  `id` int(11) NOT NULL AUTO_INCREMENT,
  `key` varchar(255) COLLATE utf8_unicode_ci NOT NULL,
  `fingerprint` varchar(255) COLLATE utf8_unicode_ci NOT NULL,
  `lastOccurrence` datetime NOT NULL,
  `file` varchar(255) COLLATE utf8_unicode_ci NOT NULL,
  `line` smallint(6) unsigned NOT NULL,
  `class` varchar(255) COLLATE utf8_unicode_ci DEFAULT NULL,
  `method` varchar(255) COLLATE utf8_unicode_ci DEFAULT NULL,
  `template` varchar(255) COLLATE utf8_unicode_ci DEFAULT NULL,
  `templateLine` smallint(6) unsigned DEFAULT NULL,
  `message` varchar(255) COLLATE utf8_unicode_ci DEFAULT NULL,
  `traces` text COLLATE utf8_unicode_ci,
  `dateCreated` datetime NOT NULL,
  `dateUpdated` datetime NOT NULL,
  `uid` char(36) COLLATE utf8_unicode_ci NOT NULL DEFAULT '0',
  PRIMARY KEY (`id`),
  UNIQUE KEY `craft_deprecationerrors_key_fingerprint_unq_idx` (`key`,`fingerprint`)
) ENGINE=InnoDB AUTO_INCREMENT=3 DEFAULT CHARSET=utf8 COLLATE=utf8_unicode_ci;

--
-- Data for table `craft_deprecationerrors`
--

INSERT INTO `craft_deprecationerrors` (`id`, `key`, `fingerprint`, `lastOccurrence`, `file`, `line`, `class`, `method`, `template`, `templateLine`, `message`, `traces`, `dateCreated`, `dateUpdated`, `uid`) VALUES
 ('1', 'BaseElementModel::getChildren()_for_relations', '/Users/garethjohns/Documents/Development/classof2018.vice.com/craft/templates/members/_entry.html:24', '2017-12-11 00:00:46', '/Users/garethjohns/Documents/Development/classof2018.vice.com/craft/app/models/BaseElementModel.php', '534', 'Craft\\BaseElementModel', 'getChildren', '/Users/garethjohns/Documents/Development/classof2018.vice.com/craft/templates/members/_entry.html', '24', 'Calling getChildren() to fetch an element’s target relations has been deprecated. Use the <a href=\"http://craftcms.com/docs/relations#the-relatedTo-param\">relatedTo</a> param instead.', '[{\"objectClass\":\"Craft\\\\DeprecatorService\",\"file\":\"\\/Users\\/garethjohns\\/Documents\\/Development\\/classof2018.vice.com\\/craft\\/app\\/models\\/BaseElementModel.php\",\"line\":534,\"class\":\"Craft\\\\DeprecatorService\",\"method\":\"log\",\"args\":\"\\\"BaseElementModel::getChildren()_for_relations\\\", \\\"Calling getChildren() to fetch an element\\u2019s target relations h...\\\"\"},{\"objectClass\":\"Craft\\\\EntryModel\",\"file\":\"\\/Users\\/garethjohns\\/Documents\\/Development\\/classof2018.vice.com\\/craft\\/app\\/vendor\\/twig\\/twig\\/lib\\/Twig\\/Template.php\",\"line\":686,\"class\":\"Craft\\\\BaseElementModel\",\"method\":\"getChildren\",\"args\":null},{\"objectClass\":\"__TwigTemplate_508b4b96681a1c99866eecb8a3e71b391971bb2d61f40020ffdf83488fe47a16\",\"file\":\"\\/Users\\/garethjohns\\/Documents\\/Development\\/classof2018.vice.com\\/craft\\/app\\/etc\\/templating\\/BaseTemplate.php\",\"line\":64,\"class\":\"Twig_Template\",\"method\":\"getAttribute\",\"args\":\"Craft\\\\EntryModel, \\\"getChildren\\\", array(), \\\"method\\\"\"},{\"objectClass\":\"__TwigTemplate_508b4b96681a1c99866eecb8a3e71b391971bb2d61f40020ffdf83488fe47a16\",\"file\":\"\\/Users\\/garethjohns\\/Documents\\/Development\\/classof2018.vice.com\\/craft\\/storage\\/runtime\\/compiled_templates\\/50\\/50b973c579190762ffd8fba22e9ff0d52c7bce795540488d3bb4d9086d71fbaa.php\",\"line\":44,\"class\":\"Craft\\\\BaseTemplate\",\"method\":\"getAttribute\",\"args\":\"Craft\\\\EntryModel, \\\"getChildren\\\", array(), \\\"method\\\"\",\"template\":\"members\\/_entry\",\"templateLine\":24},{\"objectClass\":\"__TwigTemplate_508b4b96681a1c99866eecb8a3e71b391971bb2d61f40020ffdf83488fe47a16\",\"file\":\"\\/Users\\/garethjohns\\/Documents\\/Development\\/classof2018.vice.com\\/craft\\/app\\/vendor\\/twig\\/twig\\/lib\\/Twig\\/Template.php\",\"line\":215,\"class\":\"__TwigTemplate_508b4b96681a1c99866eecb8a3e71b391971bb2d61f40020ffdf83488fe47a16\",\"method\":\"block_main\",\"args\":\"array(\\\"entry\\\" => Craft\\\\EntryModel, \\\"user\\\" => null, \\\"currentUser\\\" => null, \\\"craft\\\" => Craft\\\\CraftVariable), array(\\\"head\\\" => array(__TwigTemplate_4afadf2659bd1f66e8a43b11d976aa31cbaba906ced1f21aeb4ab2409854b99b, \\\"block_head\\\"), \\\"body\\\" => array(__TwigTemplate_e546d09893a5c89f196aeee8a6ed51d8957b9682d65d5eda02a74bd79ea77f85, \\\"block_body\\\"), \\\"foot\\\" => array(__TwigTemplate_4afadf2659bd1f66e8a43b11d976aa31cbaba906ced1f21aeb4ab2409854b99b, \\\"block_foot\\\"), \\\"main\\\" => array(__TwigTemplate_508b4b96681a1c99866eecb8a3e71b391971bb2d61f40020ffdf83488fe47a16, \\\"block_main\\\"))\"},{\"objectClass\":\"__TwigTemplate_e546d09893a5c89f196aeee8a6ed51d8957b9682d65d5eda02a74bd79ea77f85\",\"file\":\"\\/Users\\/garethjohns\\/Documents\\/Development\\/classof2018.vice.com\\/craft\\/storage\\/runtime\\/compiled_templates\\/86\\/86b878d92a755c23c7e9146a6a502bbfd5e52c3f12ffe2c6fd17a4cff1ad5b2a.php\",\"line\":60,\"class\":\"Twig_Template\",\"method\":\"displayBlock\",\"args\":\"\\\"main\\\", array(\\\"entry\\\" => Craft\\\\EntryModel, \\\"user\\\" => null, \\\"currentUser\\\" => null, \\\"craft\\\" => Craft\\\\CraftVariable), array(\\\"head\\\" => array(__TwigTemplate_4afadf2659bd1f66e8a43b11d976aa31cbaba906ced1f21aeb4ab2409854b99b, \\\"block_head\\\"), \\\"body\\\" => array(__TwigTemplate_e546d09893a5c89f196aeee8a6ed51d8957b9682d65d5eda02a74bd79ea77f85, \\\"block_body\\\"), \\\"foot\\\" => array(__TwigTemplate_4afadf2659bd1f66e8a43b11d976aa31cbaba906ced1f21aeb4ab2409854b99b, \\\"block_foot\\\"), \\\"main\\\" => array(__TwigTemplate_508b4b96681a1c99866eecb8a3e71b391971bb2d61f40020ffdf83488fe47a16, \\\"block_main\\\"))\",\"template\":\"_layouts\\/site\",\"templateLine\":38},{\"objectClass\":\"__TwigTemplate_e546d09893a5c89f196aeee8a6ed51d8957b9682d65d5eda02a74bd79ea77f85\",\"file\":\"\\/Users\\/garethjohns\\/Documents\\/Development\\/classof2018.vice.com\\/craft\\/app\\/vendor\\/twig\\/twig\\/lib\\/Twig\\/Template.php\",\"line\":215,\"class\":\"__TwigTemplate_e546d09893a5c89f196aeee8a6ed51d8957b9682d65d5eda02a74bd79ea77f85\",\"method\":\"block_body\",\"args\":\"array(\\\"entry\\\" => Craft\\\\EntryModel, \\\"user\\\" => null, \\\"currentUser\\\" => null, \\\"craft\\\" => Craft\\\\CraftVariable), array(\\\"head\\\" => array(__TwigTemplate_4afadf2659bd1f66e8a43b11d976aa31cbaba906ced1f21aeb4ab2409854b99b, \\\"block_head\\\"), \\\"body\\\" => array(__TwigTemplate_e546d09893a5c89f196aeee8a6ed51d8957b9682d65d5eda02a74bd79ea77f85, \\\"block_body\\\"), \\\"foot\\\" => array(__TwigTemplate_4afadf2659bd1f66e8a43b11d976aa31cbaba906ced1f21aeb4ab2409854b99b, \\\"block_foot\\\"), \\\"main\\\" => array(__TwigTemplate_508b4b96681a1c99866eecb8a3e71b391971bb2d61f40020ffdf83488fe47a16, \\\"block_main\\\"))\"},{\"objectClass\":\"__TwigTemplate_4afadf2659bd1f66e8a43b11d976aa31cbaba906ced1f21aeb4ab2409854b99b\",\"file\":\"\\/Users\\/garethjohns\\/Documents\\/Development\\/classof2018.vice.com\\/craft\\/storage\\/runtime\\/compiled_templates\\/59\\/59c72f64e618927d78846ff1f4a3a76c252e65dc2d9b1d5a58e251cc137f9d1b.php\",\"line\":40,\"class\":\"Twig_Template\",\"method\":\"displayBlock\",\"args\":\"\\\"body\\\", array(\\\"entry\\\" => Craft\\\\EntryModel, \\\"user\\\" => null, \\\"currentUser\\\" => null, \\\"craft\\\" => Craft\\\\CraftVariable), array(\\\"head\\\" => array(__TwigTemplate_4afadf2659bd1f66e8a43b11d976aa31cbaba906ced1f21aeb4ab2409854b99b, \\\"block_head\\\"), \\\"body\\\" => array(__TwigTemplate_e546d09893a5c89f196aeee8a6ed51d8957b9682d65d5eda02a74bd79ea77f85, \\\"block_body\\\"), \\\"foot\\\" => array(__TwigTemplate_4afadf2659bd1f66e8a43b11d976aa31cbaba906ced1f21aeb4ab2409854b99b, \\\"block_foot\\\"), \\\"main\\\" => array(__TwigTemplate_508b4b96681a1c99866eecb8a3e71b391971bb2d61f40020ffdf83488fe47a16, \\\"block_main\\\"))\",\"template\":\"_layouts\\/base\",\"templateLine\":64},{\"objectClass\":\"__TwigTemplate_4afadf2659bd1f66e8a43b11d976aa31cbaba906ced1f21aeb4ab2409854b99b\",\"file\":\"\\/Users\\/garethjohns\\/Documents\\/Development\\/classof2018.vice.com\\/craft\\/app\\/vendor\\/twig\\/twig\\/lib\\/Twig\\/Template.php\",\"line\":432,\"class\":\"__TwigTemplate_4afadf2659bd1f66e8a43b11d976aa31cbaba906ced1f21aeb4ab2409854b99b\",\"method\":\"doDisplay\",\"args\":\"array(\\\"entry\\\" => Craft\\\\EntryModel, \\\"user\\\" => null, \\\"currentUser\\\" => null, \\\"craft\\\" => Craft\\\\CraftVariable), array(\\\"head\\\" => array(__TwigTemplate_4afadf2659bd1f66e8a43b11d976aa31cbaba906ced1f21aeb4ab2409854b99b, \\\"block_head\\\"), \\\"body\\\" => array(__TwigTemplate_e546d09893a5c89f196aeee8a6ed51d8957b9682d65d5eda02a74bd79ea77f85, \\\"block_body\\\"), \\\"foot\\\" => array(__TwigTemplate_4afadf2659bd1f66e8a43b11d976aa31cbaba906ced1f21aeb4ab2409854b99b, \\\"block_foot\\\"), \\\"main\\\" => array(__TwigTemplate_508b4b96681a1c99866eecb8a3e71b391971bb2d61f40020ffdf83488fe47a16, \\\"block_main\\\"))\"},{\"objectClass\":\"__TwigTemplate_4afadf2659bd1f66e8a43b11d976aa31cbaba906ced1f21aeb4ab2409854b99b\",\"file\":\"\\/Users\\/garethjohns\\/Documents\\/Development\\/classof2018.vice.com\\/craft\\/app\\/etc\\/templating\\/BaseTemplate.php\",\"line\":26,\"class\":\"Twig_Template\",\"method\":\"displayWithErrorHandling\",\"args\":\"array(\\\"entry\\\" => Craft\\\\EntryModel, \\\"user\\\" => null, \\\"currentUser\\\" => null, \\\"craft\\\" => Craft\\\\CraftVariable), array(\\\"head\\\" => array(__TwigTemplate_4afadf2659bd1f66e8a43b11d976aa31cbaba906ced1f21aeb4ab2409854b99b, \\\"block_head\\\"), \\\"body\\\" => array(__TwigTemplate_e546d09893a5c89f196aeee8a6ed51d8957b9682d65d5eda02a74bd79ea77f85, \\\"block_body\\\"), \\\"foot\\\" => array(__TwigTemplate_4afadf2659bd1f66e8a43b11d976aa31cbaba906ced1f21aeb4ab2409854b99b, \\\"block_foot\\\"), \\\"main\\\" => array(__TwigTemplate_508b4b96681a1c99866eecb8a3e71b391971bb2d61f40020ffdf83488fe47a16, \\\"block_main\\\"))\"},{\"objectClass\":\"__TwigTemplate_4afadf2659bd1f66e8a43b11d976aa31cbaba906ced1f21aeb4ab2409854b99b\",\"file\":\"\\/Users\\/garethjohns\\/Documents\\/Development\\/classof2018.vice.com\\/craft\\/app\\/vendor\\/twig\\/twig\\/lib\\/Twig\\/Template.php\",\"line\":403,\"class\":\"Craft\\\\BaseTemplate\",\"method\":\"displayWithErrorHandling\",\"args\":\"array(\\\"entry\\\" => Craft\\\\EntryModel, \\\"user\\\" => null, \\\"currentUser\\\" => null, \\\"craft\\\" => Craft\\\\CraftVariable), array(\\\"head\\\" => array(__TwigTemplate_4afadf2659bd1f66e8a43b11d976aa31cbaba906ced1f21aeb4ab2409854b99b, \\\"block_head\\\"), \\\"body\\\" => array(__TwigTemplate_e546d09893a5c89f196aeee8a6ed51d8957b9682d65d5eda02a74bd79ea77f85, \\\"block_body\\\"), \\\"foot\\\" => array(__TwigTemplate_4afadf2659bd1f66e8a43b11d976aa31cbaba906ced1f21aeb4ab2409854b99b, \\\"block_foot\\\"), \\\"main\\\" => array(__TwigTemplate_508b4b96681a1c99866eecb8a3e71b391971bb2d61f40020ffdf83488fe47a16, \\\"block_main\\\"))\"},{\"objectClass\":\"__TwigTemplate_4afadf2659bd1f66e8a43b11d976aa31cbaba906ced1f21aeb4ab2409854b99b\",\"file\":\"\\/Users\\/garethjohns\\/Documents\\/Development\\/classof2018.vice.com\\/craft\\/storage\\/runtime\\/compiled_templates\\/86\\/86b878d92a755c23c7e9146a6a502bbfd5e52c3f12ffe2c6fd17a4cff1ad5b2a.php\",\"line\":42,\"class\":\"Twig_Template\",\"method\":\"display\",\"args\":\"array(\\\"entry\\\" => Craft\\\\EntryModel, \\\"user\\\" => null, \\\"currentUser\\\" => null, \\\"craft\\\" => Craft\\\\CraftVariable), array(\\\"body\\\" => array(__TwigTemplate_e546d09893a5c89f196aeee8a6ed51d8957b9682d65d5eda02a74bd79ea77f85, \\\"block_body\\\"), \\\"main\\\" => array(__TwigTemplate_508b4b96681a1c99866eecb8a3e71b391971bb2d61f40020ffdf83488fe47a16, \\\"block_main\\\"))\",\"template\":\"_layouts\\/base\",\"templateLine\":65},{\"objectClass\":\"__TwigTemplate_e546d09893a5c89f196aeee8a6ed51d8957b9682d65d5eda02a74bd79ea77f85\",\"file\":\"\\/Users\\/garethjohns\\/Documents\\/Development\\/classof2018.vice.com\\/craft\\/app\\/vendor\\/twig\\/twig\\/lib\\/Twig\\/Template.php\",\"line\":432,\"class\":\"__TwigTemplate_e546d09893a5c89f196aeee8a6ed51d8957b9682d65d5eda02a74bd79ea77f85\",\"method\":\"doDisplay\",\"args\":\"array(\\\"entry\\\" => Craft\\\\EntryModel, \\\"user\\\" => null, \\\"currentUser\\\" => null, \\\"craft\\\" => Craft\\\\CraftVariable), array(\\\"body\\\" => array(__TwigTemplate_e546d09893a5c89f196aeee8a6ed51d8957b9682d65d5eda02a74bd79ea77f85, \\\"block_body\\\"), \\\"main\\\" => array(__TwigTemplate_508b4b96681a1c99866eecb8a3e71b391971bb2d61f40020ffdf83488fe47a16, \\\"block_main\\\"))\"},{\"objectClass\":\"__TwigTemplate_e546d09893a5c89f196aeee8a6ed51d8957b9682d65d5eda02a74bd79ea77f85\",\"file\":\"\\/Users\\/garethjohns\\/Documents\\/Development\\/classof2018.vice.com\\/craft\\/app\\/etc\\/templating\\/BaseTemplate.php\",\"line\":26,\"class\":\"Twig_Template\",\"method\":\"displayWithErrorHandling\",\"args\":\"array(\\\"entry\\\" => Craft\\\\EntryModel, \\\"user\\\" => null, \\\"currentUser\\\" => null, \\\"craft\\\" => Craft\\\\CraftVariable), array(\\\"body\\\" => array(__TwigTemplate_e546d09893a5c89f196aeee8a6ed51d8957b9682d65d5eda02a74bd79ea77f85, \\\"block_body\\\"), \\\"main\\\" => array(__TwigTemplate_508b4b96681a1c99866eecb8a3e71b391971bb2d61f40020ffdf83488fe47a16, \\\"block_main\\\"))\"},{\"objectClass\":\"__TwigTemplate_e546d09893a5c89f196aeee8a6ed51d8957b9682d65d5eda02a74bd79ea77f85\",\"file\":\"\\/Users\\/garethjohns\\/Documents\\/Development\\/classof2018.vice.com\\/craft\\/app\\/vendor\\/twig\\/twig\\/lib\\/Twig\\/Template.php\",\"line\":403,\"class\":\"Craft\\\\BaseTemplate\",\"method\":\"displayWithErrorHandling\",\"args\":\"array(\\\"entry\\\" => Craft\\\\EntryModel, \\\"user\\\" => null, \\\"currentUser\\\" => null, \\\"craft\\\" => Craft\\\\CraftVariable), array(\\\"body\\\" => array(__TwigTemplate_e546d09893a5c89f196aeee8a6ed51d8957b9682d65d5eda02a74bd79ea77f85, \\\"block_body\\\"), \\\"main\\\" => array(__TwigTemplate_508b4b96681a1c99866eecb8a3e71b391971bb2d61f40020ffdf83488fe47a16, \\\"block_main\\\"))\"},{\"objectClass\":\"__TwigTemplate_e546d09893a5c89f196aeee8a6ed51d8957b9682d65d5eda02a74bd79ea77f85\",\"file\":\"\\/Users\\/garethjohns\\/Documents\\/Development\\/classof2018.vice.com\\/craft\\/storage\\/runtime\\/compiled_templates\\/50\\/50b973c579190762ffd8fba22e9ff0d52c7bce795540488d3bb4d9086d71fbaa.php\",\"line\":27,\"class\":\"Twig_Template\",\"method\":\"display\",\"args\":\"array(\\\"entry\\\" => Craft\\\\EntryModel, \\\"user\\\" => null, \\\"currentUser\\\" => null, \\\"craft\\\" => Craft\\\\CraftVariable), array(\\\"main\\\" => array(__TwigTemplate_508b4b96681a1c99866eecb8a3e71b391971bb2d61f40020ffdf83488fe47a16, \\\"block_main\\\"))\",\"template\":\"_layouts\\/site\",\"templateLine\":21},{\"objectClass\":\"__TwigTemplate_508b4b96681a1c99866eecb8a3e71b391971bb2d61f40020ffdf83488fe47a16\",\"file\":\"\\/Users\\/garethjohns\\/Documents\\/Development\\/classof2018.vice.com\\/craft\\/app\\/vendor\\/twig\\/twig\\/lib\\/Twig\\/Template.php\",\"line\":432,\"class\":\"__TwigTemplate_508b4b96681a1c99866eecb8a3e71b391971bb2d61f40020ffdf83488fe47a16\",\"method\":\"doDisplay\",\"args\":\"array(\\\"entry\\\" => Craft\\\\EntryModel, \\\"user\\\" => null, \\\"currentUser\\\" => null, \\\"craft\\\" => Craft\\\\CraftVariable), array(\\\"main\\\" => array(__TwigTemplate_508b4b96681a1c99866eecb8a3e71b391971bb2d61f40020ffdf83488fe47a16, \\\"block_main\\\"))\"},{\"objectClass\":\"__TwigTemplate_508b4b96681a1c99866eecb8a3e71b391971bb2d61f40020ffdf83488fe47a16\",\"file\":\"\\/Users\\/garethjohns\\/Documents\\/Development\\/classof2018.vice.com\\/craft\\/app\\/etc\\/templating\\/BaseTemplate.php\",\"line\":26,\"class\":\"Twig_Template\",\"method\":\"displayWithErrorHandling\",\"args\":\"array(\\\"entry\\\" => Craft\\\\EntryModel, \\\"user\\\" => null, \\\"currentUser\\\" => null, \\\"craft\\\" => Craft\\\\CraftVariable), array(\\\"main\\\" => array(__TwigTemplate_508b4b96681a1c99866eecb8a3e71b391971bb2d61f40020ffdf83488fe47a16, \\\"block_main\\\"))\"},{\"objectClass\":\"__TwigTemplate_508b4b96681a1c99866eecb8a3e71b391971bb2d61f40020ffdf83488fe47a16\",\"file\":\"\\/Users\\/garethjohns\\/Documents\\/Development\\/classof2018.vice.com\\/craft\\/app\\/vendor\\/twig\\/twig\\/lib\\/Twig\\/Template.php\",\"line\":403,\"class\":\"Craft\\\\BaseTemplate\",\"method\":\"displayWithErrorHandling\",\"args\":\"array(\\\"entry\\\" => Craft\\\\EntryModel, \\\"user\\\" => null, \\\"currentUser\\\" => null, \\\"craft\\\" => Craft\\\\CraftVariable), array(\\\"main\\\" => array(__TwigTemplate_508b4b96681a1c99866eecb8a3e71b391971bb2d61f40020ffdf83488fe47a16, \\\"block_main\\\"))\"},{\"objectClass\":\"__TwigTemplate_508b4b96681a1c99866eecb8a3e71b391971bb2d61f40020ffdf83488fe47a16\",\"file\":\"\\/Users\\/garethjohns\\/Documents\\/Development\\/classof2018.vice.com\\/craft\\/app\\/vendor\\/twig\\/twig\\/lib\\/Twig\\/Template.php\",\"line\":411,\"class\":\"Twig_Template\",\"method\":\"display\",\"args\":\"array(\\\"entry\\\" => Craft\\\\EntryModel)\"},{\"objectClass\":\"__TwigTemplate_508b4b96681a1c99866eecb8a3e71b391971bb2d61f40020ffdf83488fe47a16\",\"file\":\"\\/Users\\/garethjohns\\/Documents\\/Development\\/classof2018.vice.com\\/craft\\/app\\/vendor\\/twig\\/twig\\/lib\\/Twig\\/Environment.php\",\"line\":362,\"class\":\"Twig_Template\",\"method\":\"render\",\"args\":\"array(\\\"entry\\\" => Craft\\\\EntryModel)\"},{\"objectClass\":\"Craft\\\\TwigEnvironment\",\"file\":\"\\/Users\\/garethjohns\\/Documents\\/Development\\/classof2018.vice.com\\/craft\\/app\\/services\\/TemplatesService.php\",\"line\":256,\"class\":\"Twig_Environment\",\"method\":\"render\",\"args\":\"\\\"members\\/_entry\\\", array(\\\"entry\\\" => Craft\\\\EntryModel)\"},{\"objectClass\":\"Craft\\\\TemplatesService\",\"file\":\"\\/Users\\/garethjohns\\/Documents\\/Development\\/classof2018.vice.com\\/craft\\/app\\/controllers\\/BaseController.php\",\"line\":74,\"class\":\"Craft\\\\TemplatesService\",\"method\":\"render\",\"args\":\"\\\"members\\/_entry\\\", array(\\\"entry\\\" => Craft\\\\EntryModel)\"},{\"objectClass\":\"Craft\\\\TemplatesController\",\"file\":\"\\/Users\\/garethjohns\\/Documents\\/Development\\/classof2018.vice.com\\/craft\\/app\\/controllers\\/TemplatesController.php\",\"line\":68,\"class\":\"Craft\\\\BaseController\",\"method\":\"renderTemplate\",\"args\":\"\\\"members\\/_entry\\\", array(\\\"entry\\\" => Craft\\\\EntryModel)\"},{\"objectClass\":\"Craft\\\\TemplatesController\",\"file\":null,\"line\":null,\"class\":\"Craft\\\\TemplatesController\",\"method\":\"actionRender\",\"args\":\"\\\"members\\/_entry\\\", array(\\\"entry\\\" => Craft\\\\EntryModel)\"},{\"objectClass\":\"ReflectionMethod\",\"file\":\"\\/Users\\/garethjohns\\/Documents\\/Development\\/classof2018.vice.com\\/craft\\/app\\/framework\\/web\\/actions\\/CAction.php\",\"line\":109,\"class\":\"ReflectionMethod\",\"method\":\"invokeArgs\",\"args\":\"Craft\\\\TemplatesController, array(\\\"members\\/_entry\\\", array(\\\"entry\\\" => Craft\\\\EntryModel))\"},{\"objectClass\":\"CInlineAction\",\"file\":\"\\/Users\\/garethjohns\\/Documents\\/Development\\/classof2018.vice.com\\/craft\\/app\\/framework\\/web\\/actions\\/CInlineAction.php\",\"line\":47,\"class\":\"CAction\",\"method\":\"runWithParamsInternal\",\"args\":\"Craft\\\\TemplatesController, ReflectionMethod, array(\\\"variables\\\" => array(\\\"entry\\\" => Craft\\\\EntryModel), \\\"template\\\" => \\\"members\\/_entry\\\")\"},{\"objectClass\":\"CInlineAction\",\"file\":\"\\/Users\\/garethjohns\\/Documents\\/Development\\/classof2018.vice.com\\/craft\\/app\\/framework\\/web\\/CController.php\",\"line\":308,\"class\":\"CInlineAction\",\"method\":\"runWithParams\",\"args\":\"array(\\\"variables\\\" => array(\\\"entry\\\" => Craft\\\\EntryModel), \\\"template\\\" => \\\"members\\/_entry\\\")\"},{\"objectClass\":\"Craft\\\\TemplatesController\",\"file\":\"\\/Users\\/garethjohns\\/Documents\\/Development\\/classof2018.vice.com\\/craft\\/app\\/framework\\/web\\/CController.php\",\"line\":286,\"class\":\"CController\",\"method\":\"runAction\",\"args\":\"CInlineAction\"},{\"objectClass\":\"Craft\\\\TemplatesController\",\"file\":\"\\/Users\\/garethjohns\\/Documents\\/Development\\/classof2018.vice.com\\/craft\\/app\\/framework\\/web\\/CController.php\",\"line\":265,\"class\":\"CController\",\"method\":\"runActionWithFilters\",\"args\":\"CInlineAction, array()\"},{\"objectClass\":\"Craft\\\\TemplatesController\",\"file\":\"\\/Users\\/garethjohns\\/Documents\\/Development\\/classof2018.vice.com\\/craft\\/app\\/framework\\/web\\/CWebApplication.php\",\"line\":282,\"class\":\"CController\",\"method\":\"run\",\"args\":\"\\\"render\\\"\"},{\"objectClass\":\"Craft\\\\WebApp\",\"file\":\"\\/Users\\/garethjohns\\/Documents\\/Development\\/classof2018.vice.com\\/craft\\/app\\/framework\\/web\\/CWebApplication.php\",\"line\":141,\"class\":\"CWebApplication\",\"method\":\"runController\",\"args\":\"\\\"templates\\/render\\\"\"},{\"objectClass\":\"Craft\\\\WebApp\",\"file\":\"\\/Users\\/garethjohns\\/Documents\\/Development\\/classof2018.vice.com\\/craft\\/app\\/etc\\/web\\/WebApp.php\",\"line\":290,\"class\":\"CWebApplication\",\"method\":\"processRequest\",\"args\":null},{\"objectClass\":\"Craft\\\\WebApp\",\"file\":\"\\/Users\\/garethjohns\\/Documents\\/Development\\/classof2018.vice.com\\/craft\\/app\\/framework\\/base\\/CApplication.php\",\"line\":185,\"class\":\"Craft\\\\WebApp\",\"method\":\"processRequest\",\"args\":null},{\"objectClass\":\"Craft\\\\WebApp\",\"file\":\"\\/Users\\/garethjohns\\/Documents\\/Development\\/classof2018.vice.com\\/craft\\/app\\/index.php\",\"line\":62,\"class\":\"CApplication\",\"method\":\"run\",\"args\":null},{\"objectClass\":null,\"file\":\"\\/Users\\/garethjohns\\/Documents\\/Development\\/classof2018.vice.com\\/public\\/index.php\",\"line\":19,\"class\":null,\"method\":\"require_once\",\"args\":\"\\\"\\/Users\\/garethjohns\\/Documents\\/Development\\/classof2018.vice.com\\/cr...\\\"\"}]', '2017-12-11 00:00:46', '2017-12-11 00:00:46', 'c998e44a-3516-43fc-8f5c-535dea132657'),
 ('2', 'element_old_relation_params', '/Users/garethjohns/Documents/Development/classof2018.vice.com/craft/templates/members/_entry.html:24', '2017-12-11 00:00:46', '/Users/garethjohns/Documents/Development/classof2018.vice.com/craft/app/services/ElementsService.php', '823', 'Craft\\ElementsService', 'buildElementsQuery', '/Users/garethjohns/Documents/Development/classof2018.vice.com/craft/templates/members/_entry.html', '24', 'The ‘childOf’, ‘childField’, ‘parentOf’, and ‘parentField’ element params have been deprecated. Use ‘relatedTo’ instead.', '[{\"objectClass\":\"Craft\\\\DeprecatorService\",\"file\":\"\\/Users\\/garethjohns\\/Documents\\/Development\\/classof2018.vice.com\\/craft\\/app\\/services\\/ElementsService.php\",\"line\":823,\"class\":\"Craft\\\\DeprecatorService\",\"method\":\"log\",\"args\":\"\\\"element_old_relation_params\\\", \\\"The \\u2018childOf\\u2019, \\u2018childField\\u2019, \\u2018parentOf\\u2019, and \\u2018pare...\\\"\"},{\"objectClass\":\"Craft\\\\ElementsService\",\"file\":\"\\/Users\\/garethjohns\\/Documents\\/Development\\/classof2018.vice.com\\/craft\\/app\\/services\\/ElementsService.php\",\"line\":540,\"class\":\"Craft\\\\ElementsService\",\"method\":\"buildElementsQuery\",\"args\":\"Craft\\\\ElementCriteriaModel, \\\"content\\\", array(array(\\\"handle\\\" => \\\"body\\\", \\\"column\\\" => \\\"field_body\\\")), true\"},{\"objectClass\":\"Craft\\\\ElementsService\",\"file\":\"\\/Users\\/garethjohns\\/Documents\\/Development\\/classof2018.vice.com\\/craft\\/app\\/models\\/ElementCriteriaModel.php\",\"line\":385,\"class\":\"Craft\\\\ElementsService\",\"method\":\"getTotalElements\",\"args\":\"Craft\\\\ElementCriteriaModel\"},{\"objectClass\":\"Craft\\\\ElementCriteriaModel\",\"file\":\"\\/Users\\/garethjohns\\/Documents\\/Development\\/classof2018.vice.com\\/craft\\/app\\/vendor\\/twig\\/twig\\/lib\\/Twig\\/Template.php\",\"line\":686,\"class\":\"Craft\\\\ElementCriteriaModel\",\"method\":\"total\",\"args\":null},{\"objectClass\":\"__TwigTemplate_508b4b96681a1c99866eecb8a3e71b391971bb2d61f40020ffdf83488fe47a16\",\"file\":\"\\/Users\\/garethjohns\\/Documents\\/Development\\/classof2018.vice.com\\/craft\\/app\\/etc\\/templating\\/BaseTemplate.php\",\"line\":64,\"class\":\"Twig_Template\",\"method\":\"getAttribute\",\"args\":\"Craft\\\\ElementCriteriaModel, \\\"total\\\", array(), \\\"method\\\"\"},{\"objectClass\":\"__TwigTemplate_508b4b96681a1c99866eecb8a3e71b391971bb2d61f40020ffdf83488fe47a16\",\"file\":\"\\/Users\\/garethjohns\\/Documents\\/Development\\/classof2018.vice.com\\/craft\\/storage\\/runtime\\/compiled_templates\\/50\\/50b973c579190762ffd8fba22e9ff0d52c7bce795540488d3bb4d9086d71fbaa.php\",\"line\":44,\"class\":\"Craft\\\\BaseTemplate\",\"method\":\"getAttribute\",\"args\":\"Craft\\\\ElementCriteriaModel, \\\"total\\\", array(), \\\"method\\\"\",\"template\":\"members\\/_entry\",\"templateLine\":24},{\"objectClass\":\"__TwigTemplate_508b4b96681a1c99866eecb8a3e71b391971bb2d61f40020ffdf83488fe47a16\",\"file\":\"\\/Users\\/garethjohns\\/Documents\\/Development\\/classof2018.vice.com\\/craft\\/app\\/vendor\\/twig\\/twig\\/lib\\/Twig\\/Template.php\",\"line\":215,\"class\":\"__TwigTemplate_508b4b96681a1c99866eecb8a3e71b391971bb2d61f40020ffdf83488fe47a16\",\"method\":\"block_main\",\"args\":\"array(\\\"entry\\\" => Craft\\\\EntryModel, \\\"user\\\" => null, \\\"currentUser\\\" => null, \\\"craft\\\" => Craft\\\\CraftVariable), array(\\\"head\\\" => array(__TwigTemplate_4afadf2659bd1f66e8a43b11d976aa31cbaba906ced1f21aeb4ab2409854b99b, \\\"block_head\\\"), \\\"body\\\" => array(__TwigTemplate_e546d09893a5c89f196aeee8a6ed51d8957b9682d65d5eda02a74bd79ea77f85, \\\"block_body\\\"), \\\"foot\\\" => array(__TwigTemplate_4afadf2659bd1f66e8a43b11d976aa31cbaba906ced1f21aeb4ab2409854b99b, \\\"block_foot\\\"), \\\"main\\\" => array(__TwigTemplate_508b4b96681a1c99866eecb8a3e71b391971bb2d61f40020ffdf83488fe47a16, \\\"block_main\\\"))\"},{\"objectClass\":\"__TwigTemplate_e546d09893a5c89f196aeee8a6ed51d8957b9682d65d5eda02a74bd79ea77f85\",\"file\":\"\\/Users\\/garethjohns\\/Documents\\/Development\\/classof2018.vice.com\\/craft\\/storage\\/runtime\\/compiled_templates\\/86\\/86b878d92a755c23c7e9146a6a502bbfd5e52c3f12ffe2c6fd17a4cff1ad5b2a.php\",\"line\":60,\"class\":\"Twig_Template\",\"method\":\"displayBlock\",\"args\":\"\\\"main\\\", array(\\\"entry\\\" => Craft\\\\EntryModel, \\\"user\\\" => null, \\\"currentUser\\\" => null, \\\"craft\\\" => Craft\\\\CraftVariable), array(\\\"head\\\" => array(__TwigTemplate_4afadf2659bd1f66e8a43b11d976aa31cbaba906ced1f21aeb4ab2409854b99b, \\\"block_head\\\"), \\\"body\\\" => array(__TwigTemplate_e546d09893a5c89f196aeee8a6ed51d8957b9682d65d5eda02a74bd79ea77f85, \\\"block_body\\\"), \\\"foot\\\" => array(__TwigTemplate_4afadf2659bd1f66e8a43b11d976aa31cbaba906ced1f21aeb4ab2409854b99b, \\\"block_foot\\\"), \\\"main\\\" => array(__TwigTemplate_508b4b96681a1c99866eecb8a3e71b391971bb2d61f40020ffdf83488fe47a16, \\\"block_main\\\"))\",\"template\":\"_layouts\\/site\",\"templateLine\":38},{\"objectClass\":\"__TwigTemplate_e546d09893a5c89f196aeee8a6ed51d8957b9682d65d5eda02a74bd79ea77f85\",\"file\":\"\\/Users\\/garethjohns\\/Documents\\/Development\\/classof2018.vice.com\\/craft\\/app\\/vendor\\/twig\\/twig\\/lib\\/Twig\\/Template.php\",\"line\":215,\"class\":\"__TwigTemplate_e546d09893a5c89f196aeee8a6ed51d8957b9682d65d5eda02a74bd79ea77f85\",\"method\":\"block_body\",\"args\":\"array(\\\"entry\\\" => Craft\\\\EntryModel, \\\"user\\\" => null, \\\"currentUser\\\" => null, \\\"craft\\\" => Craft\\\\CraftVariable), array(\\\"head\\\" => array(__TwigTemplate_4afadf2659bd1f66e8a43b11d976aa31cbaba906ced1f21aeb4ab2409854b99b, \\\"block_head\\\"), \\\"body\\\" => array(__TwigTemplate_e546d09893a5c89f196aeee8a6ed51d8957b9682d65d5eda02a74bd79ea77f85, \\\"block_body\\\"), \\\"foot\\\" => array(__TwigTemplate_4afadf2659bd1f66e8a43b11d976aa31cbaba906ced1f21aeb4ab2409854b99b, \\\"block_foot\\\"), \\\"main\\\" => array(__TwigTemplate_508b4b96681a1c99866eecb8a3e71b391971bb2d61f40020ffdf83488fe47a16, \\\"block_main\\\"))\"},{\"objectClass\":\"__TwigTemplate_4afadf2659bd1f66e8a43b11d976aa31cbaba906ced1f21aeb4ab2409854b99b\",\"file\":\"\\/Users\\/garethjohns\\/Documents\\/Development\\/classof2018.vice.com\\/craft\\/storage\\/runtime\\/compiled_templates\\/59\\/59c72f64e618927d78846ff1f4a3a76c252e65dc2d9b1d5a58e251cc137f9d1b.php\",\"line\":40,\"class\":\"Twig_Template\",\"method\":\"displayBlock\",\"args\":\"\\\"body\\\", array(\\\"entry\\\" => Craft\\\\EntryModel, \\\"user\\\" => null, \\\"currentUser\\\" => null, \\\"craft\\\" => Craft\\\\CraftVariable), array(\\\"head\\\" => array(__TwigTemplate_4afadf2659bd1f66e8a43b11d976aa31cbaba906ced1f21aeb4ab2409854b99b, \\\"block_head\\\"), \\\"body\\\" => array(__TwigTemplate_e546d09893a5c89f196aeee8a6ed51d8957b9682d65d5eda02a74bd79ea77f85, \\\"block_body\\\"), \\\"foot\\\" => array(__TwigTemplate_4afadf2659bd1f66e8a43b11d976aa31cbaba906ced1f21aeb4ab2409854b99b, \\\"block_foot\\\"), \\\"main\\\" => array(__TwigTemplate_508b4b96681a1c99866eecb8a3e71b391971bb2d61f40020ffdf83488fe47a16, \\\"block_main\\\"))\",\"template\":\"_layouts\\/base\",\"templateLine\":64},{\"objectClass\":\"__TwigTemplate_4afadf2659bd1f66e8a43b11d976aa31cbaba906ced1f21aeb4ab2409854b99b\",\"file\":\"\\/Users\\/garethjohns\\/Documents\\/Development\\/classof2018.vice.com\\/craft\\/app\\/vendor\\/twig\\/twig\\/lib\\/Twig\\/Template.php\",\"line\":432,\"class\":\"__TwigTemplate_4afadf2659bd1f66e8a43b11d976aa31cbaba906ced1f21aeb4ab2409854b99b\",\"method\":\"doDisplay\",\"args\":\"array(\\\"entry\\\" => Craft\\\\EntryModel, \\\"user\\\" => null, \\\"currentUser\\\" => null, \\\"craft\\\" => Craft\\\\CraftVariable), array(\\\"head\\\" => array(__TwigTemplate_4afadf2659bd1f66e8a43b11d976aa31cbaba906ced1f21aeb4ab2409854b99b, \\\"block_head\\\"), \\\"body\\\" => array(__TwigTemplate_e546d09893a5c89f196aeee8a6ed51d8957b9682d65d5eda02a74bd79ea77f85, \\\"block_body\\\"), \\\"foot\\\" => array(__TwigTemplate_4afadf2659bd1f66e8a43b11d976aa31cbaba906ced1f21aeb4ab2409854b99b, \\\"block_foot\\\"), \\\"main\\\" => array(__TwigTemplate_508b4b96681a1c99866eecb8a3e71b391971bb2d61f40020ffdf83488fe47a16, \\\"block_main\\\"))\"},{\"objectClass\":\"__TwigTemplate_4afadf2659bd1f66e8a43b11d976aa31cbaba906ced1f21aeb4ab2409854b99b\",\"file\":\"\\/Users\\/garethjohns\\/Documents\\/Development\\/classof2018.vice.com\\/craft\\/app\\/etc\\/templating\\/BaseTemplate.php\",\"line\":26,\"class\":\"Twig_Template\",\"method\":\"displayWithErrorHandling\",\"args\":\"array(\\\"entry\\\" => Craft\\\\EntryModel, \\\"user\\\" => null, \\\"currentUser\\\" => null, \\\"craft\\\" => Craft\\\\CraftVariable), array(\\\"head\\\" => array(__TwigTemplate_4afadf2659bd1f66e8a43b11d976aa31cbaba906ced1f21aeb4ab2409854b99b, \\\"block_head\\\"), \\\"body\\\" => array(__TwigTemplate_e546d09893a5c89f196aeee8a6ed51d8957b9682d65d5eda02a74bd79ea77f85, \\\"block_body\\\"), \\\"foot\\\" => array(__TwigTemplate_4afadf2659bd1f66e8a43b11d976aa31cbaba906ced1f21aeb4ab2409854b99b, \\\"block_foot\\\"), \\\"main\\\" => array(__TwigTemplate_508b4b96681a1c99866eecb8a3e71b391971bb2d61f40020ffdf83488fe47a16, \\\"block_main\\\"))\"},{\"objectClass\":\"__TwigTemplate_4afadf2659bd1f66e8a43b11d976aa31cbaba906ced1f21aeb4ab2409854b99b\",\"file\":\"\\/Users\\/garethjohns\\/Documents\\/Development\\/classof2018.vice.com\\/craft\\/app\\/vendor\\/twig\\/twig\\/lib\\/Twig\\/Template.php\",\"line\":403,\"class\":\"Craft\\\\BaseTemplate\",\"method\":\"displayWithErrorHandling\",\"args\":\"array(\\\"entry\\\" => Craft\\\\EntryModel, \\\"user\\\" => null, \\\"currentUser\\\" => null, \\\"craft\\\" => Craft\\\\CraftVariable), array(\\\"head\\\" => array(__TwigTemplate_4afadf2659bd1f66e8a43b11d976aa31cbaba906ced1f21aeb4ab2409854b99b, \\\"block_head\\\"), \\\"body\\\" => array(__TwigTemplate_e546d09893a5c89f196aeee8a6ed51d8957b9682d65d5eda02a74bd79ea77f85, \\\"block_body\\\"), \\\"foot\\\" => array(__TwigTemplate_4afadf2659bd1f66e8a43b11d976aa31cbaba906ced1f21aeb4ab2409854b99b, \\\"block_foot\\\"), \\\"main\\\" => array(__TwigTemplate_508b4b96681a1c99866eecb8a3e71b391971bb2d61f40020ffdf83488fe47a16, \\\"block_main\\\"))\"},{\"objectClass\":\"__TwigTemplate_4afadf2659bd1f66e8a43b11d976aa31cbaba906ced1f21aeb4ab2409854b99b\",\"file\":\"\\/Users\\/garethjohns\\/Documents\\/Development\\/classof2018.vice.com\\/craft\\/storage\\/runtime\\/compiled_templates\\/86\\/86b878d92a755c23c7e9146a6a502bbfd5e52c3f12ffe2c6fd17a4cff1ad5b2a.php\",\"line\":42,\"class\":\"Twig_Template\",\"method\":\"display\",\"args\":\"array(\\\"entry\\\" => Craft\\\\EntryModel, \\\"user\\\" => null, \\\"currentUser\\\" => null, \\\"craft\\\" => Craft\\\\CraftVariable), array(\\\"body\\\" => array(__TwigTemplate_e546d09893a5c89f196aeee8a6ed51d8957b9682d65d5eda02a74bd79ea77f85, \\\"block_body\\\"), \\\"main\\\" => array(__TwigTemplate_508b4b96681a1c99866eecb8a3e71b391971bb2d61f40020ffdf83488fe47a16, \\\"block_main\\\"))\",\"template\":\"_layouts\\/base\",\"templateLine\":65},{\"objectClass\":\"__TwigTemplate_e546d09893a5c89f196aeee8a6ed51d8957b9682d65d5eda02a74bd79ea77f85\",\"file\":\"\\/Users\\/garethjohns\\/Documents\\/Development\\/classof2018.vice.com\\/craft\\/app\\/vendor\\/twig\\/twig\\/lib\\/Twig\\/Template.php\",\"line\":432,\"class\":\"__TwigTemplate_e546d09893a5c89f196aeee8a6ed51d8957b9682d65d5eda02a74bd79ea77f85\",\"method\":\"doDisplay\",\"args\":\"array(\\\"entry\\\" => Craft\\\\EntryModel, \\\"user\\\" => null, \\\"currentUser\\\" => null, \\\"craft\\\" => Craft\\\\CraftVariable), array(\\\"body\\\" => array(__TwigTemplate_e546d09893a5c89f196aeee8a6ed51d8957b9682d65d5eda02a74bd79ea77f85, \\\"block_body\\\"), \\\"main\\\" => array(__TwigTemplate_508b4b96681a1c99866eecb8a3e71b391971bb2d61f40020ffdf83488fe47a16, \\\"block_main\\\"))\"},{\"objectClass\":\"__TwigTemplate_e546d09893a5c89f196aeee8a6ed51d8957b9682d65d5eda02a74bd79ea77f85\",\"file\":\"\\/Users\\/garethjohns\\/Documents\\/Development\\/classof2018.vice.com\\/craft\\/app\\/etc\\/templating\\/BaseTemplate.php\",\"line\":26,\"class\":\"Twig_Template\",\"method\":\"displayWithErrorHandling\",\"args\":\"array(\\\"entry\\\" => Craft\\\\EntryModel, \\\"user\\\" => null, \\\"currentUser\\\" => null, \\\"craft\\\" => Craft\\\\CraftVariable), array(\\\"body\\\" => array(__TwigTemplate_e546d09893a5c89f196aeee8a6ed51d8957b9682d65d5eda02a74bd79ea77f85, \\\"block_body\\\"), \\\"main\\\" => array(__TwigTemplate_508b4b96681a1c99866eecb8a3e71b391971bb2d61f40020ffdf83488fe47a16, \\\"block_main\\\"))\"},{\"objectClass\":\"__TwigTemplate_e546d09893a5c89f196aeee8a6ed51d8957b9682d65d5eda02a74bd79ea77f85\",\"file\":\"\\/Users\\/garethjohns\\/Documents\\/Development\\/classof2018.vice.com\\/craft\\/app\\/vendor\\/twig\\/twig\\/lib\\/Twig\\/Template.php\",\"line\":403,\"class\":\"Craft\\\\BaseTemplate\",\"method\":\"displayWithErrorHandling\",\"args\":\"array(\\\"entry\\\" => Craft\\\\EntryModel, \\\"user\\\" => null, \\\"currentUser\\\" => null, \\\"craft\\\" => Craft\\\\CraftVariable), array(\\\"body\\\" => array(__TwigTemplate_e546d09893a5c89f196aeee8a6ed51d8957b9682d65d5eda02a74bd79ea77f85, \\\"block_body\\\"), \\\"main\\\" => array(__TwigTemplate_508b4b96681a1c99866eecb8a3e71b391971bb2d61f40020ffdf83488fe47a16, \\\"block_main\\\"))\"},{\"objectClass\":\"__TwigTemplate_e546d09893a5c89f196aeee8a6ed51d8957b9682d65d5eda02a74bd79ea77f85\",\"file\":\"\\/Users\\/garethjohns\\/Documents\\/Development\\/classof2018.vice.com\\/craft\\/storage\\/runtime\\/compiled_templates\\/50\\/50b973c579190762ffd8fba22e9ff0d52c7bce795540488d3bb4d9086d71fbaa.php\",\"line\":27,\"class\":\"Twig_Template\",\"method\":\"display\",\"args\":\"array(\\\"entry\\\" => Craft\\\\EntryModel, \\\"user\\\" => null, \\\"currentUser\\\" => null, \\\"craft\\\" => Craft\\\\CraftVariable), array(\\\"main\\\" => array(__TwigTemplate_508b4b96681a1c99866eecb8a3e71b391971bb2d61f40020ffdf83488fe47a16, \\\"block_main\\\"))\",\"template\":\"_layouts\\/site\",\"templateLine\":21},{\"objectClass\":\"__TwigTemplate_508b4b96681a1c99866eecb8a3e71b391971bb2d61f40020ffdf83488fe47a16\",\"file\":\"\\/Users\\/garethjohns\\/Documents\\/Development\\/classof2018.vice.com\\/craft\\/app\\/vendor\\/twig\\/twig\\/lib\\/Twig\\/Template.php\",\"line\":432,\"class\":\"__TwigTemplate_508b4b96681a1c99866eecb8a3e71b391971bb2d61f40020ffdf83488fe47a16\",\"method\":\"doDisplay\",\"args\":\"array(\\\"entry\\\" => Craft\\\\EntryModel, \\\"user\\\" => null, \\\"currentUser\\\" => null, \\\"craft\\\" => Craft\\\\CraftVariable), array(\\\"main\\\" => array(__TwigTemplate_508b4b96681a1c99866eecb8a3e71b391971bb2d61f40020ffdf83488fe47a16, \\\"block_main\\\"))\"},{\"objectClass\":\"__TwigTemplate_508b4b96681a1c99866eecb8a3e71b391971bb2d61f40020ffdf83488fe47a16\",\"file\":\"\\/Users\\/garethjohns\\/Documents\\/Development\\/classof2018.vice.com\\/craft\\/app\\/etc\\/templating\\/BaseTemplate.php\",\"line\":26,\"class\":\"Twig_Template\",\"method\":\"displayWithErrorHandling\",\"args\":\"array(\\\"entry\\\" => Craft\\\\EntryModel, \\\"user\\\" => null, \\\"currentUser\\\" => null, \\\"craft\\\" => Craft\\\\CraftVariable), array(\\\"main\\\" => array(__TwigTemplate_508b4b96681a1c99866eecb8a3e71b391971bb2d61f40020ffdf83488fe47a16, \\\"block_main\\\"))\"},{\"objectClass\":\"__TwigTemplate_508b4b96681a1c99866eecb8a3e71b391971bb2d61f40020ffdf83488fe47a16\",\"file\":\"\\/Users\\/garethjohns\\/Documents\\/Development\\/classof2018.vice.com\\/craft\\/app\\/vendor\\/twig\\/twig\\/lib\\/Twig\\/Template.php\",\"line\":403,\"class\":\"Craft\\\\BaseTemplate\",\"method\":\"displayWithErrorHandling\",\"args\":\"array(\\\"entry\\\" => Craft\\\\EntryModel, \\\"user\\\" => null, \\\"currentUser\\\" => null, \\\"craft\\\" => Craft\\\\CraftVariable), array(\\\"main\\\" => array(__TwigTemplate_508b4b96681a1c99866eecb8a3e71b391971bb2d61f40020ffdf83488fe47a16, \\\"block_main\\\"))\"},{\"objectClass\":\"__TwigTemplate_508b4b96681a1c99866eecb8a3e71b391971bb2d61f40020ffdf83488fe47a16\",\"file\":\"\\/Users\\/garethjohns\\/Documents\\/Development\\/classof2018.vice.com\\/craft\\/app\\/vendor\\/twig\\/twig\\/lib\\/Twig\\/Template.php\",\"line\":411,\"class\":\"Twig_Template\",\"method\":\"display\",\"args\":\"array(\\\"entry\\\" => Craft\\\\EntryModel)\"},{\"objectClass\":\"__TwigTemplate_508b4b96681a1c99866eecb8a3e71b391971bb2d61f40020ffdf83488fe47a16\",\"file\":\"\\/Users\\/garethjohns\\/Documents\\/Development\\/classof2018.vice.com\\/craft\\/app\\/vendor\\/twig\\/twig\\/lib\\/Twig\\/Environment.php\",\"line\":362,\"class\":\"Twig_Template\",\"method\":\"render\",\"args\":\"array(\\\"entry\\\" => Craft\\\\EntryModel)\"},{\"objectClass\":\"Craft\\\\TwigEnvironment\",\"file\":\"\\/Users\\/garethjohns\\/Documents\\/Development\\/classof2018.vice.com\\/craft\\/app\\/services\\/TemplatesService.php\",\"line\":256,\"class\":\"Twig_Environment\",\"method\":\"render\",\"args\":\"\\\"members\\/_entry\\\", array(\\\"entry\\\" => Craft\\\\EntryModel)\"},{\"objectClass\":\"Craft\\\\TemplatesService\",\"file\":\"\\/Users\\/garethjohns\\/Documents\\/Development\\/classof2018.vice.com\\/craft\\/app\\/controllers\\/BaseController.php\",\"line\":74,\"class\":\"Craft\\\\TemplatesService\",\"method\":\"render\",\"args\":\"\\\"members\\/_entry\\\", array(\\\"entry\\\" => Craft\\\\EntryModel)\"},{\"objectClass\":\"Craft\\\\TemplatesController\",\"file\":\"\\/Users\\/garethjohns\\/Documents\\/Development\\/classof2018.vice.com\\/craft\\/app\\/controllers\\/TemplatesController.php\",\"line\":68,\"class\":\"Craft\\\\BaseController\",\"method\":\"renderTemplate\",\"args\":\"\\\"members\\/_entry\\\", array(\\\"entry\\\" => Craft\\\\EntryModel)\"},{\"objectClass\":\"Craft\\\\TemplatesController\",\"file\":null,\"line\":null,\"class\":\"Craft\\\\TemplatesController\",\"method\":\"actionRender\",\"args\":\"\\\"members\\/_entry\\\", array(\\\"entry\\\" => Craft\\\\EntryModel)\"},{\"objectClass\":\"ReflectionMethod\",\"file\":\"\\/Users\\/garethjohns\\/Documents\\/Development\\/classof2018.vice.com\\/craft\\/app\\/framework\\/web\\/actions\\/CAction.php\",\"line\":109,\"class\":\"ReflectionMethod\",\"method\":\"invokeArgs\",\"args\":\"Craft\\\\TemplatesController, array(\\\"members\\/_entry\\\", array(\\\"entry\\\" => Craft\\\\EntryModel))\"},{\"objectClass\":\"CInlineAction\",\"file\":\"\\/Users\\/garethjohns\\/Documents\\/Development\\/classof2018.vice.com\\/craft\\/app\\/framework\\/web\\/actions\\/CInlineAction.php\",\"line\":47,\"class\":\"CAction\",\"method\":\"runWithParamsInternal\",\"args\":\"Craft\\\\TemplatesController, ReflectionMethod, array(\\\"variables\\\" => array(\\\"entry\\\" => Craft\\\\EntryModel), \\\"template\\\" => \\\"members\\/_entry\\\")\"},{\"objectClass\":\"CInlineAction\",\"file\":\"\\/Users\\/garethjohns\\/Documents\\/Development\\/classof2018.vice.com\\/craft\\/app\\/framework\\/web\\/CController.php\",\"line\":308,\"class\":\"CInlineAction\",\"method\":\"runWithParams\",\"args\":\"array(\\\"variables\\\" => array(\\\"entry\\\" => Craft\\\\EntryModel), \\\"template\\\" => \\\"members\\/_entry\\\")\"},{\"objectClass\":\"Craft\\\\TemplatesController\",\"file\":\"\\/Users\\/garethjohns\\/Documents\\/Development\\/classof2018.vice.com\\/craft\\/app\\/framework\\/web\\/CController.php\",\"line\":286,\"class\":\"CController\",\"method\":\"runAction\",\"args\":\"CInlineAction\"},{\"objectClass\":\"Craft\\\\TemplatesController\",\"file\":\"\\/Users\\/garethjohns\\/Documents\\/Development\\/classof2018.vice.com\\/craft\\/app\\/framework\\/web\\/CController.php\",\"line\":265,\"class\":\"CController\",\"method\":\"runActionWithFilters\",\"args\":\"CInlineAction, array()\"},{\"objectClass\":\"Craft\\\\TemplatesController\",\"file\":\"\\/Users\\/garethjohns\\/Documents\\/Development\\/classof2018.vice.com\\/craft\\/app\\/framework\\/web\\/CWebApplication.php\",\"line\":282,\"class\":\"CController\",\"method\":\"run\",\"args\":\"\\\"render\\\"\"},{\"objectClass\":\"Craft\\\\WebApp\",\"file\":\"\\/Users\\/garethjohns\\/Documents\\/Development\\/classof2018.vice.com\\/craft\\/app\\/framework\\/web\\/CWebApplication.php\",\"line\":141,\"class\":\"CWebApplication\",\"method\":\"runController\",\"args\":\"\\\"templates\\/render\\\"\"},{\"objectClass\":\"Craft\\\\WebApp\",\"file\":\"\\/Users\\/garethjohns\\/Documents\\/Development\\/classof2018.vice.com\\/craft\\/app\\/etc\\/web\\/WebApp.php\",\"line\":290,\"class\":\"CWebApplication\",\"method\":\"processRequest\",\"args\":null},{\"objectClass\":\"Craft\\\\WebApp\",\"file\":\"\\/Users\\/garethjohns\\/Documents\\/Development\\/classof2018.vice.com\\/craft\\/app\\/framework\\/base\\/CApplication.php\",\"line\":185,\"class\":\"Craft\\\\WebApp\",\"method\":\"processRequest\",\"args\":null},{\"objectClass\":\"Craft\\\\WebApp\",\"file\":\"\\/Users\\/garethjohns\\/Documents\\/Development\\/classof2018.vice.com\\/craft\\/app\\/index.php\",\"line\":62,\"class\":\"CApplication\",\"method\":\"run\",\"args\":null},{\"objectClass\":null,\"file\":\"\\/Users\\/garethjohns\\/Documents\\/Development\\/classof2018.vice.com\\/public\\/index.php\",\"line\":19,\"class\":null,\"method\":\"require_once\",\"args\":\"\\\"\\/Users\\/garethjohns\\/Documents\\/Development\\/classof2018.vice.com\\/cr...\\\"\"}]', '2017-12-11 00:00:46', '2017-12-11 00:00:46', '677f4d9b-4c04-4dc9-98ba-146559a4da8c');



DROP TABLE IF EXISTS `craft_elementindexsettings`;


--
-- Schema for table `craft_elementindexsettings`
--
CREATE TABLE `craft_elementindexsettings` (
  `id` int(11) NOT NULL AUTO_INCREMENT,
  `type` varchar(150) COLLATE utf8_unicode_ci NOT NULL,
  `settings` text COLLATE utf8_unicode_ci,
  `dateCreated` datetime NOT NULL,
  `dateUpdated` datetime NOT NULL,
  `uid` char(36) COLLATE utf8_unicode_ci NOT NULL DEFAULT '0',
  PRIMARY KEY (`id`),
  UNIQUE KEY `craft_elementindexsettings_type_unq_idx` (`type`)
) ENGINE=InnoDB AUTO_INCREMENT=4 DEFAULT CHARSET=utf8 COLLATE=utf8_unicode_ci;

--
-- Data for table `craft_elementindexsettings`
--

INSERT INTO `craft_elementindexsettings` (`id`, `type`, `settings`, `dateCreated`, `dateUpdated`, `uid`) VALUES
 ('1', 'Entry', '{\"sources\":{\"section:3\":{\"tableAttributes\":{\"1\":\"link\",\"2\":\"field:5\"}}}}', '2017-12-13 16:30:38', '2017-12-13 16:44:45', '5bb59550-d3ea-4c40-b22b-e38443bc798a');



DROP TABLE IF EXISTS `craft_elements`;


--
-- Schema for table `craft_elements`
--
CREATE TABLE `craft_elements` (
  `id` int(11) NOT NULL AUTO_INCREMENT,
  `type` varchar(150) COLLATE utf8_unicode_ci NOT NULL,
  `enabled` tinyint(1) unsigned NOT NULL DEFAULT '1',
  `archived` tinyint(1) unsigned NOT NULL DEFAULT '0',
  `dateCreated` datetime NOT NULL,
  `dateUpdated` datetime NOT NULL,
  `uid` char(36) COLLATE utf8_unicode_ci NOT NULL DEFAULT '0',
  PRIMARY KEY (`id`),
  KEY `craft_elements_type_idx` (`type`),
  KEY `craft_elements_enabled_idx` (`enabled`),
  KEY `craft_elements_archived_dateCreated_idx` (`archived`,`dateCreated`)
) ENGINE=InnoDB AUTO_INCREMENT=94 DEFAULT CHARSET=utf8 COLLATE=utf8_unicode_ci;

--
-- Data for table `craft_elements`
--

INSERT INTO `craft_elements` (`id`, `type`, `enabled`, `archived`, `dateCreated`, `dateUpdated`, `uid`) VALUES
 ('1', 'User', '1', '0', '2017-12-10 22:25:16', '2017-12-10 22:25:16', 'b79752ba-8eff-4c94-a8da-0568b4499a8e'),
 ('2', 'Entry', '1', '0', '2017-12-10 22:25:19', '2017-12-13 23:06:55', 'caf05720-bb1e-4e32-bb41-91e32de33188'),
 ('4', 'Asset', '1', '0', '2017-12-10 22:29:48', '2017-12-14 00:13:45', 'c30fa4b1-fc76-44a3-920e-dc7a6a08d7bf'),
 ('5', 'Asset', '1', '0', '2017-12-10 22:29:56', '2017-12-14 00:13:44', 'd33933ec-c934-4fdb-afc6-76314a1506fc'),
 ('6', 'Category', '1', '0', '2017-12-10 22:30:52', '2017-12-12 18:30:49', 'a76c5bc8-9dff-4424-a005-326e67666839'),
 ('7', 'Category', '1', '0', '2017-12-10 22:30:58', '2017-12-12 18:31:05', '29813b5d-cd1d-4e78-ae17-1265727f5e5a'),
 ('8', 'Category', '1', '0', '2017-12-10 22:31:04', '2017-12-12 18:31:12', '48ef6bf7-1640-46ee-9ff4-946c2363bd80'),
 ('9', 'Category', '1', '0', '2017-12-10 22:31:19', '2017-12-12 18:31:26', '1d6ff8b7-a84d-49d9-9c3b-adc6ec60d413'),
 ('10', 'Category', '1', '0', '2017-12-10 22:31:29', '2017-12-12 18:31:37', 'c8c22d00-705b-4e23-b31b-7984ee4c8d4e'),
 ('12', 'Asset', '1', '0', '2017-12-10 22:46:02', '2017-12-14 00:13:45', '648ebbfc-5813-4f03-b7ed-04b1a0da71e3'),
 ('13', 'Asset', '1', '0', '2017-12-10 22:46:03', '2017-12-14 00:13:45', 'e2de60ee-35c6-4870-8450-03d7df009a6c'),
 ('14', 'Asset', '1', '0', '2017-12-10 22:46:03', '2017-12-14 00:13:45', '361815e3-2f01-4736-a545-a817470e3245'),
 ('15', 'Asset', '1', '0', '2017-12-10 22:46:03', '2017-12-14 00:13:53', '83fd9057-6292-45a2-931b-ba744e775c31'),
 ('16', 'Entry', '1', '0', '2017-12-10 23:06:35', '2017-12-13 20:02:11', '6abaff2b-096c-4276-8502-511cfdebe5cb'),
 ('17', 'Entry', '1', '0', '2017-12-10 23:11:02', '2017-12-13 23:56:06', 'eb8a77dc-7f1f-485d-8de0-a2d1a11938dc'),
 ('18', 'Asset', '1', '0', '2017-12-10 23:20:19', '2017-12-14 00:13:46', '80adec88-2fce-4cb1-aadc-16de25ebceea'),
 ('19', 'Entry', '1', '0', '2017-12-10 23:25:16', '2017-12-13 19:37:32', 'c60f06ca-18ab-4a33-b00d-4efe66a9b5e4'),
 ('20', 'Entry', '1', '0', '2017-12-10 23:25:38', '2017-12-13 19:37:21', '5e57a79c-2b61-46dd-b1c1-e176fadc0afd'),
 ('21', 'Entry', '1', '0', '2017-12-10 23:26:01', '2017-12-13 19:37:37', 'f0f2a82c-6f6a-4107-950c-f9fa4d2d80bb'),
 ('22', 'Entry', '1', '0', '2017-12-10 23:26:26', '2017-12-13 19:37:41', '1c88d082-25fe-4bf8-8063-3115294455bd'),
 ('23', 'Entry', '1', '0', '2017-12-10 23:26:43', '2017-12-13 19:37:46', 'e9f4fd0f-298d-426d-8a93-0a4f13c8fb0e'),
 ('24', 'Asset', '1', '0', '2017-12-12 17:40:21', '2017-12-14 00:13:45', 'b4f41369-3c75-4af3-aad5-397ef4cf243e'),
 ('28', 'Asset', '1', '0', '2017-12-13 17:24:08', '2017-12-14 00:13:46', 'ecd11637-150d-4bf0-a4ca-c094a7c2fc33'),
 ('29', 'Asset', '1', '0', '2017-12-13 17:24:09', '2017-12-14 00:13:46', 'a766eb62-3109-41ff-b7a6-c1cb36b31cc4'),
 ('30', 'Asset', '1', '0', '2017-12-13 17:24:09', '2017-12-14 00:13:46', 'd26bb15a-091f-4105-b73d-8b3cda194331'),
 ('31', 'Asset', '1', '0', '2017-12-13 17:24:09', '2017-12-14 00:13:47', '5cb68703-eeb4-446c-879a-25b2fd385b3a'),
 ('32', 'Asset', '1', '0', '2017-12-13 17:24:10', '2017-12-14 00:13:47', '0c6949a0-4666-40b8-bad7-a92e89be28c6'),
 ('33', 'Asset', '1', '0', '2017-12-13 17:24:10', '2017-12-14 00:13:47', 'a9bf6bc1-9700-4e6e-a253-8fa092b93284'),
 ('34', 'Asset', '1', '0', '2017-12-13 17:24:10', '2017-12-14 00:13:47', '2fe0ff93-cddf-46d4-8476-9d05897eb22b'),
 ('35', 'Asset', '1', '0', '2017-12-13 17:24:11', '2017-12-14 00:13:47', 'e337f002-8087-4404-b4e7-aa93b148dc24'),
 ('36', 'Asset', '1', '0', '2017-12-13 17:24:11', '2017-12-14 00:13:48', 'e08af906-ccf6-46bd-bce4-db3256a11f0f'),
 ('37', 'Asset', '1', '0', '2017-12-13 17:24:11', '2017-12-14 00:13:48', 'ef644519-114c-4de4-9e30-c2d911320653'),
 ('38', 'Asset', '1', '0', '2017-12-13 17:24:11', '2017-12-14 00:13:48', '61cde528-28ff-43c7-b759-ea56a6f47548'),
 ('39', 'Asset', '1', '0', '2017-12-13 17:24:12', '2017-12-14 00:13:49', '15d69948-ab09-42ae-86df-0bd2c54a6be1'),
 ('40', 'Asset', '1', '0', '2017-12-13 17:24:12', '2017-12-14 00:13:49', '71dd6999-aa2d-4f7e-a2e6-b93c9e968105'),
 ('41', 'Asset', '1', '0', '2017-12-13 17:24:12', '2017-12-14 00:13:49', '7a0b6964-0f3d-47ab-8551-d365efd29656'),
 ('42', 'Asset', '1', '0', '2017-12-13 17:24:13', '2017-12-14 00:13:50', 'cff7e272-3e7d-4584-a252-ef8ab27e580e'),
 ('43', 'Asset', '1', '0', '2017-12-13 17:24:13', '2017-12-14 00:13:50', '8a53fdd1-93e6-493b-9e1e-96117f10a807'),
 ('44', 'Asset', '1', '0', '2017-12-13 17:24:13', '2017-12-14 00:13:50', '83ef0848-9741-48dc-87ca-cc1b9cac75d6'),
 ('45', 'Asset', '1', '0', '2017-12-13 17:24:13', '2017-12-14 00:13:50', '45d9a06d-2376-4ed6-b92a-57beca1878c2'),
 ('46', 'Asset', '1', '0', '2017-12-13 17:24:14', '2017-12-14 00:13:50', '2950ffe4-e6e0-46ea-b155-369f973d4844'),
 ('47', 'Asset', '1', '0', '2017-12-13 17:24:14', '2017-12-14 00:13:51', 'b510ad68-c45e-4836-a0f4-cee5a48e59b7'),
 ('48', 'Asset', '1', '0', '2017-12-13 17:24:14', '2017-12-14 00:13:51', '8d4d3855-3079-4c05-9eb4-7187b96c2b1b'),
 ('49', 'Asset', '1', '0', '2017-12-13 17:24:15', '2017-12-14 00:13:51', 'e7c8d0bf-8d5f-4c4a-a1c3-49668b9b74bf'),
 ('50', 'Asset', '1', '0', '2017-12-13 17:24:15', '2017-12-14 00:13:51', '5ff4047c-95e7-45d2-af71-5d3b4eac719c'),
 ('51', 'Asset', '1', '0', '2017-12-13 17:24:15', '2017-12-14 00:13:51', 'd6343c94-a116-4670-8743-1217ddf553e0'),
 ('52', 'Asset', '1', '0', '2017-12-13 17:24:15', '2017-12-14 00:13:51', '40be6820-388a-4b8f-986a-a276079a8bb3'),
 ('53', 'Asset', '1', '0', '2017-12-13 17:24:16', '2017-12-14 00:13:52', 'e0199e70-b02e-495e-98ea-80e45a80950a'),
 ('54', 'Asset', '1', '0', '2017-12-13 17:24:16', '2017-12-14 00:13:52', '146e919f-bd10-4368-b62b-cbd7cdf1a077'),
 ('55', 'Asset', '1', '0', '2017-12-13 17:24:16', '2017-12-14 00:13:52', '95655ede-84ba-4618-9630-86167f01533f'),
 ('56', 'Asset', '1', '0', '2017-12-13 17:24:16', '2017-12-14 00:13:52', '450a4a91-14b4-4325-82c9-5ef7d42a5a94'),
 ('57', 'Asset', '1', '0', '2017-12-13 17:24:17', '2017-12-14 00:13:52', '51805dc7-efa9-4cd7-b6a9-45e310e7c3d5'),
 ('58', 'Asset', '1', '0', '2017-12-13 17:24:17', '2017-12-14 00:13:52', '72646b60-aa1e-4f4a-8dab-fbb1e5c8a814'),
 ('59', 'Entry', '1', '0', '2017-12-13 17:27:55', '2017-12-13 19:36:15', '83b16a3a-2b98-41da-958c-b3df5024911d'),
 ('60', 'Entry', '1', '0', '2017-12-13 17:28:57', '2017-12-13 19:36:20', 'bea3c9f7-c3ba-4bad-b4db-41046be6376e'),
 ('61', 'Entry', '1', '0', '2017-12-13 17:29:39', '2017-12-13 19:36:25', 'b08ba349-4e68-4300-8b66-b4b15d3eacf7'),
 ('62', 'Entry', '1', '0', '2017-12-13 17:30:44', '2017-12-13 19:36:29', '361d86f2-ffdd-4eee-a710-55f89dadafb5'),
 ('63', 'Entry', '1', '0', '2017-12-13 17:52:36', '2017-12-13 19:36:35', '0086443e-f74b-4e18-9cca-96e507170dfa'),
 ('64', 'Entry', '1', '0', '2017-12-13 17:56:39', '2017-12-13 19:36:45', '28e67366-4eff-44e7-bf0b-1cf12640ca92'),
 ('65', 'Entry', '1', '0', '2017-12-13 17:57:21', '2017-12-13 19:36:50', '170062c3-21b1-48e9-93d4-affa54bb0dfd'),
 ('66', 'Entry', '1', '0', '2017-12-13 17:59:19', '2017-12-13 19:36:55', '7d795f14-d04f-4a6b-9e7e-bfb048a03368'),
 ('67', 'Entry', '1', '0', '2017-12-13 18:00:14', '2017-12-13 19:37:00', '53f35cb0-221b-4f61-b4ee-7744d93f33ff'),
 ('68', 'Entry', '1', '0', '2017-12-13 18:01:20', '2017-12-13 19:37:12', 'c0649d56-e0ff-4709-9bf8-9ed586c000f9'),
 ('69', 'Entry', '1', '0', '2017-12-13 18:05:58', '2017-12-13 19:37:17', 'f358f8d8-db7b-4809-bc46-cfa64a4dd4ed'),
 ('70', 'Entry', '1', '0', '2017-12-13 18:17:03', '2017-12-13 19:37:51', '07ad1e23-7d53-4214-8761-92aacabaebb8'),
 ('71', 'Entry', '1', '0', '2017-12-13 18:17:36', '2017-12-13 23:32:06', '574d19b5-4b40-491e-82b8-363781e8258f'),
 ('72', 'Entry', '1', '0', '2017-12-13 18:18:18', '2017-12-13 23:31:36', 'c1bef6f0-ec75-4666-8b43-237969fe5cd9'),
 ('73', 'Entry', '1', '0', '2017-12-13 18:21:18', '2017-12-13 23:32:32', '7aaba1d9-5af2-4b20-b153-392f4991fe52'),
 ('74', 'Entry', '1', '0', '2017-12-13 18:23:10', '2017-12-13 23:33:41', 'e4227449-ee2c-4e06-a1e2-6372a5aba4f2'),
 ('75', 'Entry', '1', '0', '2017-12-13 18:24:28', '2017-12-13 23:34:00', '14dbf697-b3e0-424a-af26-a77d0506f4ee'),
 ('76', 'Entry', '1', '0', '2017-12-13 18:26:28', '2017-12-13 18:26:46', 'fd6b65b9-b225-415f-a7b8-b8d2c1a12a8f'),
 ('77', 'Entry', '1', '0', '2017-12-13 18:27:42', '2017-12-13 18:27:42', 'c96fe958-d117-45e6-a501-00b24e57b9cd'),
 ('78', 'Entry', '1', '0', '2017-12-13 18:28:10', '2017-12-13 18:28:10', 'ada7c0eb-b103-436f-a830-dab8c24c770a'),
 ('79', 'Entry', '1', '0', '2017-12-13 18:28:47', '2017-12-13 18:28:47', '4f5fdba8-8323-48a7-96c9-66fe21ec53b7'),
 ('80', 'Entry', '1', '0', '2017-12-13 18:29:42', '2017-12-13 18:29:42', 'd5943716-6ca6-415c-922d-a9e1b6f16f3f'),
 ('81', 'Entry', '1', '0', '2017-12-13 18:30:18', '2017-12-13 18:30:18', '0c9fb213-a6ea-420d-b319-249316c9d830'),
 ('83', 'Asset', '1', '0', '2017-12-13 18:57:20', '2017-12-14 00:13:46', '534308bd-5d8b-4c4a-a9ca-12e9dd29379a'),
 ('84', 'MatrixBlock', '1', '0', '2017-12-13 20:25:34', '2017-12-13 23:56:06', '1fe7e306-1b31-4ecc-952a-9392dc07b0df'),
 ('85', 'MatrixBlock', '1', '0', '2017-12-13 20:38:07', '2017-12-13 23:56:06', 'ed912aef-6636-4d3e-b8f3-3f653869b82f'),
 ('87', 'MatrixBlock', '1', '0', '2017-12-13 20:38:07', '2017-12-13 23:56:06', '507afe99-48df-4081-aaa1-fc21ec09a37d'),
 ('88', 'MatrixBlock', '1', '0', '2017-12-13 20:38:07', '2017-12-13 23:56:06', '4d1dab5f-50a5-434c-b033-719cea6d5e5e'),
 ('89', 'MatrixBlock', '1', '0', '2017-12-13 20:38:07', '2017-12-13 23:56:06', '54f53579-a303-4d9b-ae3e-e6334c5c772a'),
 ('91', 'MatrixBlock', '1', '0', '2017-12-13 23:44:38', '2017-12-13 23:56:06', '77b4949c-c72c-4f0f-ada3-bdda79034402'),
 ('92', 'MatrixBlock', '1', '0', '2017-12-13 23:55:11', '2017-12-13 23:56:06', '21fdaf33-34ba-420a-a22c-a8f7ca4ede56'),
 ('93', 'MatrixBlock', '1', '0', '2017-12-13 23:56:06', '2017-12-13 23:56:06', 'c8302224-0734-41f8-a0ab-832172a45c8f');



DROP TABLE IF EXISTS `craft_elements_i18n`;


--
-- Schema for table `craft_elements_i18n`
--
CREATE TABLE `craft_elements_i18n` (
  `id` int(11) NOT NULL AUTO_INCREMENT,
  `elementId` int(11) NOT NULL,
  `locale` char(12) COLLATE utf8_unicode_ci NOT NULL,
  `slug` varchar(255) COLLATE utf8_unicode_ci DEFAULT NULL,
  `uri` varchar(255) COLLATE utf8_unicode_ci DEFAULT NULL,
  `enabled` tinyint(1) unsigned NOT NULL DEFAULT '1',
  `dateCreated` datetime NOT NULL,
  `dateUpdated` datetime NOT NULL,
  `uid` char(36) COLLATE utf8_unicode_ci NOT NULL DEFAULT '0',
  PRIMARY KEY (`id`),
  UNIQUE KEY `craft_elements_i18n_elementId_locale_unq_idx` (`elementId`,`locale`),
  UNIQUE KEY `craft_elements_i18n_uri_locale_unq_idx` (`uri`,`locale`),
  KEY `craft_elements_i18n_slug_locale_idx` (`slug`,`locale`),
  KEY `craft_elements_i18n_enabled_idx` (`enabled`),
  KEY `craft_elements_i18n_locale_fk` (`locale`)
) ENGINE=InnoDB AUTO_INCREMENT=94 DEFAULT CHARSET=utf8 COLLATE=utf8_unicode_ci;

--
-- Data for table `craft_elements_i18n`
--

INSERT INTO `craft_elements_i18n` (`id`, `elementId`, `locale`, `slug`, `uri`, `enabled`, `dateCreated`, `dateUpdated`, `uid`) VALUES
 ('1', '1', 'en_gb', '', NULL, '1', '2017-12-10 22:25:16', '2017-12-10 22:25:16', 'd4c7fc64-4573-44d1-94e1-825cee37f282'),
 ('2', '2', 'en_gb', 'homepage', '__home__', '1', '2017-12-10 22:25:19', '2017-12-13 23:06:55', '57738fc0-5068-4027-8a08-64369dec707a'),
 ('4', '4', 'en_gb', 'index-hero-test', NULL, '1', '2017-12-10 22:29:48', '2017-12-14 00:13:45', '07627d7c-cede-4278-b25d-ea1e6f369bee'),
 ('5', '5', 'en_gb', 'creators-hero', NULL, '1', '2017-12-10 22:29:56', '2017-12-14 00:13:44', '17b8a1ff-1922-409d-b993-92a7c992f263'),
 ('6', '6', 'en_gb', 'munchies', 'class/munchies', '1', '2017-12-10 22:30:52', '2017-12-13 16:45:49', 'e9096ebf-63d8-4dbb-8288-38a280969a14'),
 ('7', '7', 'en_gb', 'noisey', 'class/noisey', '1', '2017-12-10 22:30:58', '2017-12-13 16:47:18', 'edd1186e-1518-4b06-b9bb-4debc08e071e'),
 ('8', '8', 'en_gb', 'thump', 'class/thump', '1', '2017-12-10 22:31:04', '2017-12-13 16:47:12', 'ca263fe6-d96b-4fa9-8ae9-dd3504d7ea60'),
 ('9', '9', 'en_gb', 'creators', 'class/creators', '1', '2017-12-10 22:31:20', '2017-12-12 18:31:26', '6b46b2cf-4b28-4a73-98ff-b821ad11a943'),
 ('10', '10', 'en_gb', 'i-d', 'class/i-d', '1', '2017-12-10 22:31:29', '2017-12-13 16:46:54', '5ae92ceb-04c5-49ba-a8dd-45d7aba94396'),
 ('12', '12', 'en_gb', 'i-d-hero', NULL, '1', '2017-12-10 22:46:02', '2017-12-14 00:13:45', 'a99b30a7-3fc0-4363-998c-3c3e88ffae46'),
 ('13', '13', 'en_gb', 'munchies-hero', NULL, '1', '2017-12-10 22:46:03', '2017-12-14 00:13:45', 'ecef56c1-4040-48f8-a43c-3de00e202dee'),
 ('14', '14', 'en_gb', 'noisey-hero', NULL, '1', '2017-12-10 22:46:03', '2017-12-14 00:13:46', 'aa2499c1-7d02-4ce5-8720-0cc2b0e6bd90'),
 ('15', '15', 'en_gb', 'thump-hero', NULL, '1', '2017-12-10 22:46:03', '2017-12-14 00:13:53', '4e935f00-f0c1-496c-b82b-04d0aea0d2c3'),
 ('16', '16', 'en_gb', 'gareth-johns', 'members/gareth-johns', '1', '2017-12-10 23:06:35', '2017-12-13 20:02:11', 'f2eda139-1117-4970-addd-1933e0b0ab41'),
 ('17', '17', 'en_gb', 'chloe-walshingam', 'members/chloe-walshingam', '1', '2017-12-10 23:11:02', '2017-12-13 23:56:06', 'a43a0e4f-2ca2-43f6-bf68-476957b2216a'),
 ('18', '18', 'en_gb', 'placeholder', NULL, '1', '2017-12-10 23:20:20', '2017-12-14 00:13:46', 'b5b8ab49-1705-49aa-9fdb-d8d45a3cd264'),
 ('19', '19', 'en_gb', 'olivia-smaghe', 'members/olivia-smaghe', '1', '2017-12-10 23:25:16', '2017-12-13 19:37:32', '278a0cc6-374a-4ca0-bffb-f6b3d8543f3c'),
 ('20', '20', 'en_gb', 'felix-papalardi', 'members/felix-papalardi', '1', '2017-12-10 23:25:38', '2017-12-13 19:37:21', 'efe297e2-a7ba-4906-8492-01ef1e38244b'),
 ('21', '21', 'en_gb', 'jenna-clapton', 'members/jenna-clapton', '1', '2017-12-10 23:26:01', '2017-12-13 19:37:37', 'f77faa34-3556-4a48-8d86-4cc9d2a84c79'),
 ('22', '22', 'en_gb', 'jaykee-the-magician', 'members/jaykee-the-magician', '1', '2017-12-10 23:26:26', '2017-12-13 19:37:42', '64fc2e30-3af3-45f3-bd47-25784856ff62'),
 ('23', '23', 'en_gb', 'micheal-vonck', 'members/micheal-vonck', '1', '2017-12-10 23:26:43', '2017-12-13 19:37:46', '518e8d02-0a66-40de-a7dc-d9d7546b5e20'),
 ('24', '24', 'en_gb', 'noisey-hero-landscape', NULL, '1', '2017-12-12 17:40:22', '2017-12-14 00:13:45', 'e60f16b8-cd40-4405-82f8-f33cd3fd787e'),
 ('28', '28', 'en_gb', 'test-member-001', NULL, '1', '2017-12-13 17:24:09', '2017-12-14 00:13:46', '81cd0816-1bbe-4920-baa1-c487bada1b34'),
 ('29', '29', 'en_gb', 'test-member-002', NULL, '1', '2017-12-13 17:24:09', '2017-12-14 00:13:46', '3074c497-9246-4818-8dfd-588a0dd8e631'),
 ('30', '30', 'en_gb', 'test-member-003', NULL, '1', '2017-12-13 17:24:09', '2017-12-14 00:13:46', '26635861-4269-4076-a247-f7f7cfb95b4c'),
 ('31', '31', 'en_gb', 'test-member-004', NULL, '1', '2017-12-13 17:24:09', '2017-12-14 00:13:47', 'aec6537e-202a-4f14-ace2-abfe6794753b'),
 ('32', '32', 'en_gb', 'test-member-005', NULL, '1', '2017-12-13 17:24:10', '2017-12-14 00:13:47', 'f1a264b9-e3d7-480a-b626-ab66bc65d4ac'),
 ('33', '33', 'en_gb', 'test-member-006', NULL, '1', '2017-12-13 17:24:10', '2017-12-14 00:13:47', 'fe74f8ca-01cd-4d81-9728-16b68c493cc4'),
 ('34', '34', 'en_gb', 'test-member-007', NULL, '1', '2017-12-13 17:24:10', '2017-12-14 00:13:47', '03ab977c-d69d-4be7-997b-80dc933ba9d2'),
 ('35', '35', 'en_gb', 'test-member-008', NULL, '1', '2017-12-13 17:24:11', '2017-12-14 00:13:47', '21986399-f011-410b-88f9-4bdbc24442d4'),
 ('36', '36', 'en_gb', 'test-member-009', NULL, '1', '2017-12-13 17:24:11', '2017-12-14 00:13:48', '22db0af7-769e-46a4-ba04-54c948b286c5'),
 ('37', '37', 'en_gb', 'test-member-010', NULL, '1', '2017-12-13 17:24:11', '2017-12-14 00:13:48', '111d3425-94d6-43c2-8652-1f664529f952'),
 ('38', '38', 'en_gb', 'test-member-011', NULL, '1', '2017-12-13 17:24:11', '2017-12-14 00:13:48', 'a1ad1abe-946d-4ada-9306-525907eb89eb'),
 ('39', '39', 'en_gb', 'test-member-012', NULL, '1', '2017-12-13 17:24:12', '2017-12-14 00:13:49', '5fce1f51-85ff-444b-8fd5-a331bd651a95'),
 ('40', '40', 'en_gb', 'test-member-013', NULL, '1', '2017-12-13 17:24:12', '2017-12-14 00:13:49', 'a88824f3-1da8-45af-a563-6c60187d7d8e'),
 ('41', '41', 'en_gb', 'test-member-014', NULL, '1', '2017-12-13 17:24:12', '2017-12-14 00:13:49', '7e5adcdd-034c-4909-be76-493312414941'),
 ('42', '42', 'en_gb', 'test-member-015', NULL, '1', '2017-12-13 17:24:13', '2017-12-14 00:13:50', '1452d2b5-5a70-418a-b65f-392bc17ca13d'),
 ('43', '43', 'en_gb', 'test-member-016', NULL, '1', '2017-12-13 17:24:13', '2017-12-14 00:13:50', '84d76291-e46d-4d39-8347-8ad1b50c5d08'),
 ('44', '44', 'en_gb', 'test-member-017', NULL, '1', '2017-12-13 17:24:13', '2017-12-14 00:13:50', 'd27fd562-f300-4fa9-9e9b-882e434b2f97'),
 ('45', '45', 'en_gb', 'test-member-018', NULL, '1', '2017-12-13 17:24:13', '2017-12-14 00:13:50', '932d784b-c397-4e96-8180-e4851cd8b58a'),
 ('46', '46', 'en_gb', 'test-member-019', NULL, '1', '2017-12-13 17:24:14', '2017-12-14 00:13:50', '71a848d4-3682-4d51-8abf-a4cc4030fb49'),
 ('47', '47', 'en_gb', 'test-member-020', NULL, '1', '2017-12-13 17:24:14', '2017-12-14 00:13:51', '63cb73c7-d3e7-455c-8c37-5d77c21599b5'),
 ('48', '48', 'en_gb', 'test-member-021', NULL, '1', '2017-12-13 17:24:14', '2017-12-14 00:13:51', 'f000c193-d0a4-40f0-9d8e-3f655ff7ca43'),
 ('49', '49', 'en_gb', 'test-member-022', NULL, '1', '2017-12-13 17:24:15', '2017-12-14 00:13:51', 'b880b8fb-dfe0-455e-98c7-14c47f2b2123'),
 ('50', '50', 'en_gb', 'test-member-023', NULL, '1', '2017-12-13 17:24:15', '2017-12-14 00:13:51', '8f724703-c9e7-4fac-9050-ac29c9376b5b'),
 ('51', '51', 'en_gb', 'test-member-024', NULL, '1', '2017-12-13 17:24:15', '2017-12-14 00:13:51', '9dbf6cf4-4f3d-424a-9e54-ac2ee6704206'),
 ('52', '52', 'en_gb', 'test-member-025', NULL, '1', '2017-12-13 17:24:15', '2017-12-14 00:13:51', '16bf6c18-c67d-4695-89fe-b3c50f180f74'),
 ('53', '53', 'en_gb', 'test-member-026', NULL, '1', '2017-12-13 17:24:16', '2017-12-14 00:13:52', '3a87b94c-66cb-452b-902b-0cdb6fa9de11'),
 ('54', '54', 'en_gb', 'test-member-027', NULL, '1', '2017-12-13 17:24:16', '2017-12-14 00:13:52', '47f7b666-667b-4799-80a0-1dd8aa303283'),
 ('55', '55', 'en_gb', 'test-member-028', NULL, '1', '2017-12-13 17:24:16', '2017-12-14 00:13:52', '52235655-2e7d-40b7-9ef9-ac8296dcf899'),
 ('56', '56', 'en_gb', 'test-member-029', NULL, '1', '2017-12-13 17:24:16', '2017-12-14 00:13:52', 'c0d82827-00ef-49cb-b894-951c51774566'),
 ('57', '57', 'en_gb', 'test-member-030', NULL, '1', '2017-12-13 17:24:17', '2017-12-14 00:13:52', '28951348-df6c-4cf9-b062-57004d04413a'),
 ('58', '58', 'en_gb', 'test-member-031', NULL, '1', '2017-12-13 17:24:17', '2017-12-14 00:13:53', 'b881662a-ab82-4405-88d6-5ef464cc8c8e'),
 ('59', '59', 'en_gb', 'joaquin-hoop', 'members/joaquin-hoop', '1', '2017-12-13 17:27:55', '2017-12-13 19:36:15', '196cebca-1965-4c0f-91a7-d7e761b7a77c'),
 ('60', '60', 'en_gb', 'jeraldine-mathers', 'members/jeraldine-mathers', '1', '2017-12-13 17:28:57', '2017-12-13 19:36:20', '147bf81f-78f1-4e53-82b0-51c2bd787795'),
 ('61', '61', 'en_gb', 'georgene-goodspeed', 'members/georgene-goodspeed', '1', '2017-12-13 17:29:39', '2017-12-13 19:36:25', '3d81b58c-0789-4887-9145-2a3a5ac35ccd'),
 ('62', '62', 'en_gb', 'charolette-wrede', 'members/charolette-wrede', '1', '2017-12-13 17:30:44', '2017-12-13 19:36:30', '889a578f-bdd7-44ca-84aa-ba74bd8a22d3'),
 ('63', '63', 'en_gb', 'jaimie-rafael', 'members/jaimie-rafael', '1', '2017-12-13 17:52:37', '2017-12-13 19:36:35', 'db1c69a5-f63c-4ed3-bf5f-d39b190f550c'),
 ('64', '64', 'en_gb', 'stephen-carnley', 'members/stephen-carnley', '1', '2017-12-13 17:56:39', '2017-12-13 19:36:45', '9ad8bce5-25c2-4c9b-90de-2245d7cae968'),
 ('65', '65', 'en_gb', 'janice-decamp', 'members/janice-decamp', '1', '2017-12-13 17:57:21', '2017-12-13 19:36:50', '8afbf4da-672a-4ce5-b5ec-82923a903199'),
 ('66', '66', 'en_gb', 'moises-ickes', 'members/moises-ickes', '1', '2017-12-13 17:59:19', '2017-12-13 19:36:55', '610ef8a1-fbb9-47ec-9788-0653e12edd94'),
 ('67', '67', 'en_gb', 'debi-wohlers', 'members/debi-wohlers', '1', '2017-12-13 18:00:14', '2017-12-13 19:37:00', '9579a20e-e26c-42b2-a085-36aa20ebda4d'),
 ('68', '68', 'en_gb', 'jimmie-schor', 'members/jimmie-schor', '1', '2017-12-13 18:01:20', '2017-12-13 19:37:12', '1d8a61e3-76e0-4e87-adc8-fcf0981656ad'),
 ('69', '69', 'en_gb', 'hanna-harari', 'members/hanna-harari', '1', '2017-12-13 18:05:58', '2017-12-13 19:37:17', '005f1921-4eb3-44d3-85ef-903013bc2d78'),
 ('70', '70', 'en_gb', 'bernardine-mynatt', 'members/bernardine-mynatt', '1', '2017-12-13 18:17:03', '2017-12-13 19:37:51', 'f3068c0c-10b6-4149-9921-7d62ee38b012'),
 ('71', '71', 'en_gb', 'isreal-hendon', 'members/isreal-hendon', '1', '2017-12-13 18:17:36', '2017-12-13 23:32:06', '644e7700-eb7b-4dd0-b426-e9bb7fa12ed6'),
 ('72', '72', 'en_gb', 'nicki-niemi', 'members/nicki-niemi', '1', '2017-12-13 18:18:18', '2017-12-13 23:31:37', '171fa4a0-9260-4eb2-915a-013e2243a4b1'),
 ('73', '73', 'en_gb', 'mikel-keating', 'members/mikel-keating', '1', '2017-12-13 18:21:18', '2017-12-13 23:32:32', '7b2693fd-deba-4ebe-98a8-804726306231'),
 ('74', '74', 'en_gb', 'tammie-zerangue', 'members/tammie-zerangue', '1', '2017-12-13 18:23:10', '2017-12-13 23:33:41', 'a8909879-b82b-44cc-8020-87c7f8ae6479'),
 ('75', '75', 'en_gb', 'markita-pearson', 'members/markita-pearson', '1', '2017-12-13 18:24:28', '2017-12-13 23:34:01', 'aaa43c6e-bd88-44d9-9bbf-e6ca4ed914b4'),
 ('76', '76', 'en_gb', 'young-besecker', 'members/young-besecker', '1', '2017-12-13 18:26:28', '2017-12-13 18:26:46', '50052315-cc38-4a5f-b123-bbc4779bbcce'),
 ('77', '77', 'en_gb', 'yang', 'members/yang', '1', '2017-12-13 18:27:42', '2017-12-13 18:27:42', 'e022ba89-0655-47d3-a0e6-92e734ea33ec'),
 ('78', '78', 'en_gb', 'valene-askey', 'members/valene-askey', '1', '2017-12-13 18:28:10', '2017-12-13 18:28:11', '759184f9-3965-45e2-8113-3d2d6ced8f7b'),
 ('79', '79', 'en_gb', 'jeanette-granda', 'members/jeanette-granda', '1', '2017-12-13 18:28:47', '2017-12-13 18:28:48', 'a724492f-3d2d-4050-ba5f-1fdfb2841e8f'),
 ('80', '80', 'en_gb', 'joe-eklund', 'members/joe-eklund', '1', '2017-12-13 18:29:43', '2017-12-13 18:29:43', 'be982b13-438f-4747-b4d0-81d45631e50e'),
 ('81', '81', 'en_gb', 'tanisha-pietrzak', 'members/tanisha-pietrzak', '1', '2017-12-13 18:30:18', '2017-12-13 18:30:18', '8a484b48-f19d-4b47-99b1-5b07dede685a'),
 ('83', '83', 'en_gb', 'oly-testwow-stage', NULL, '1', '2017-12-13 18:57:20', '2017-12-14 00:13:46', '2f40ccdb-bd31-4e75-9ed3-b2ebd7655fc4'),
 ('84', '84', 'en_gb', '', NULL, '1', '2017-12-13 20:25:34', '2017-12-13 23:56:06', 'afb04d2d-41ac-43ce-9e3b-605439bf23df'),
 ('85', '85', 'en_gb', '', NULL, '1', '2017-12-13 20:38:07', '2017-12-13 23:56:06', '2342659a-9511-4bc4-af7b-cb5ae645b71f'),
 ('87', '87', 'en_gb', '', NULL, '1', '2017-12-13 20:38:07', '2017-12-13 23:56:06', 'ef82773f-b577-4a66-ae54-ad3e88020956'),
 ('88', '88', 'en_gb', '', NULL, '1', '2017-12-13 20:38:07', '2017-12-13 23:56:06', 'b639d86d-53b3-40ba-a0ce-63e5f1d3a4b0'),
 ('89', '89', 'en_gb', '', NULL, '1', '2017-12-13 20:38:07', '2017-12-13 23:56:06', '3df48d69-5628-4b59-9982-89fc393016f9'),
 ('91', '91', 'en_gb', '', NULL, '1', '2017-12-13 23:44:38', '2017-12-13 23:56:06', '3c313474-fb15-43f9-b291-05b260d0128e'),
 ('92', '92', 'en_gb', '', NULL, '1', '2017-12-13 23:55:11', '2017-12-13 23:56:06', 'd7faba81-9ede-4138-8414-06eaef6acb42'),
 ('93', '93', 'en_gb', '', NULL, '1', '2017-12-13 23:56:06', '2017-12-13 23:56:06', '57e1fad9-fb3c-4ad0-afb9-5ae65006d711');



DROP TABLE IF EXISTS `craft_emailmessages`;


--
-- Schema for table `craft_emailmessages`
--
CREATE TABLE `craft_emailmessages` (
  `id` int(11) NOT NULL AUTO_INCREMENT,
  `key` char(150) COLLATE utf8_unicode_ci NOT NULL,
  `locale` char(12) COLLATE utf8_unicode_ci NOT NULL,
  `subject` varchar(1000) COLLATE utf8_unicode_ci NOT NULL,
  `body` text COLLATE utf8_unicode_ci NOT NULL,
  `dateCreated` datetime NOT NULL,
  `dateUpdated` datetime NOT NULL,
  `uid` char(36) COLLATE utf8_unicode_ci NOT NULL DEFAULT '0',
  PRIMARY KEY (`id`),
  UNIQUE KEY `craft_emailmessages_key_locale_unq_idx` (`key`,`locale`),
  KEY `craft_emailmessages_locale_fk` (`locale`)
) ENGINE=InnoDB DEFAULT CHARSET=utf8 COLLATE=utf8_unicode_ci;

DROP TABLE IF EXISTS `craft_entries`;


--
-- Schema for table `craft_entries`
--
CREATE TABLE `craft_entries` (
  `id` int(11) NOT NULL,
  `sectionId` int(11) NOT NULL,
  `typeId` int(11) DEFAULT NULL,
  `authorId` int(11) DEFAULT NULL,
  `postDate` datetime DEFAULT NULL,
  `expiryDate` datetime DEFAULT NULL,
  `dateCreated` datetime NOT NULL,
  `dateUpdated` datetime NOT NULL,
  `uid` char(36) COLLATE utf8_unicode_ci NOT NULL DEFAULT '0',
  PRIMARY KEY (`id`),
  KEY `craft_entries_sectionId_idx` (`sectionId`),
  KEY `craft_entries_typeId_idx` (`typeId`),
  KEY `craft_entries_postDate_idx` (`postDate`),
  KEY `craft_entries_expiryDate_idx` (`expiryDate`),
  KEY `craft_entries_authorId_fk` (`authorId`)
) ENGINE=InnoDB DEFAULT CHARSET=utf8 COLLATE=utf8_unicode_ci;

--
-- Data for table `craft_entries`
--

INSERT INTO `craft_entries` (`id`, `sectionId`, `typeId`, `authorId`, `postDate`, `expiryDate`, `dateCreated`, `dateUpdated`, `uid`) VALUES
 ('2', '1', NULL, NULL, '2017-12-10 22:25:19', NULL, '2017-12-10 22:25:19', '2017-12-13 23:06:55', '14408244-42bb-487a-81dc-4b68606f7c0f'),
 ('16', '3', '3', '1', '2017-12-10 23:06:00', NULL, '2017-12-10 23:06:36', '2017-12-13 20:02:11', '7d8773f4-da7e-4026-8487-18743098f458'),
 ('17', '3', '3', '1', '2017-12-10 23:11:00', NULL, '2017-12-10 23:11:02', '2017-12-13 23:56:06', '2633da79-3a2e-4bf5-a857-5e7fcd9974f4'),
 ('19', '3', '3', '1', '2017-12-10 23:25:00', NULL, '2017-12-10 23:25:16', '2017-12-13 19:37:32', '1faf5302-89ac-40a4-a05b-103112521137'),
 ('20', '3', '3', '1', '2017-12-10 23:25:00', NULL, '2017-12-10 23:25:39', '2017-12-13 19:37:21', 'f9c8b24d-889c-48ae-8aee-04f5b358137d'),
 ('21', '3', '3', '1', '2017-12-10 23:26:00', NULL, '2017-12-10 23:26:01', '2017-12-13 19:37:37', '2ca198b4-a67a-4bb1-90cf-79113f9f0ac3'),
 ('22', '3', '3', '1', '2017-12-10 23:26:00', NULL, '2017-12-10 23:26:26', '2017-12-13 19:37:42', 'f8977d6c-0576-44b3-a5b9-5a3c532321d8'),
 ('23', '3', '3', '1', '2017-12-10 23:26:00', NULL, '2017-12-10 23:26:43', '2017-12-13 19:37:46', '8dcf0989-6958-4827-b6b2-b86c5ae8394a'),
 ('59', '3', '3', '1', '2017-12-13 17:27:00', NULL, '2017-12-13 17:27:55', '2017-12-13 19:36:15', '4dad6379-8e8a-4240-9584-51b17fff8037'),
 ('60', '3', '3', '1', '2017-12-13 17:28:00', NULL, '2017-12-13 17:28:57', '2017-12-13 19:36:20', 'e3b32010-a0de-448d-aee4-aa2fb4d2a3b0'),
 ('61', '3', '3', '1', '2017-12-13 17:29:00', NULL, '2017-12-13 17:29:39', '2017-12-13 19:36:25', '66e2bbfb-fec5-4c74-b506-0a136b973337'),
 ('62', '3', '3', '1', '2017-12-13 17:30:00', NULL, '2017-12-13 17:30:44', '2017-12-13 19:36:30', '137b8b30-96c6-449b-9e60-985f9b8ffff2'),
 ('63', '3', '3', '1', '2017-12-13 17:52:00', NULL, '2017-12-13 17:52:37', '2017-12-13 19:36:35', 'cbc94ec7-e14f-423b-a6cc-9c8ffa4cee6a'),
 ('64', '3', '3', '1', '2017-12-13 17:56:00', NULL, '2017-12-13 17:56:39', '2017-12-13 19:36:45', 'd9943419-3295-4ae2-bf6e-750c43524116'),
 ('65', '3', '3', '1', '2017-12-13 17:57:00', NULL, '2017-12-13 17:57:21', '2017-12-13 19:36:50', '57778a55-6c86-4086-a30e-fc8ab60417ad'),
 ('66', '3', '3', '1', '2017-12-13 17:59:00', NULL, '2017-12-13 17:59:19', '2017-12-13 19:36:55', '9ba94c21-4622-444f-b754-156ba878692d'),
 ('67', '3', '3', '1', '2017-12-13 18:00:00', NULL, '2017-12-13 18:00:14', '2017-12-13 19:37:00', '4acaaeff-272e-4451-bf9d-4809e620c2c6'),
 ('68', '3', '3', '1', '2017-12-13 18:01:00', NULL, '2017-12-13 18:01:20', '2017-12-13 19:37:12', '9f4bd083-2423-41bc-9dbe-4f3e2522611a'),
 ('69', '3', '3', '1', '2017-12-13 18:05:00', NULL, '2017-12-13 18:05:58', '2017-12-13 19:37:17', '35093eb5-5f7e-4393-a17d-d26843117a44'),
 ('70', '3', '3', '1', '2017-12-13 18:17:00', NULL, '2017-12-13 18:17:03', '2017-12-13 19:37:51', '894f4b2e-08c1-4909-90d0-ac2d97ad79f7'),
 ('71', '3', '3', '1', '2017-12-13 18:17:00', NULL, '2017-12-13 18:17:36', '2017-12-13 23:32:06', '3958f201-142d-4a87-8ca9-a412d5fd74ed'),
 ('72', '3', '3', '1', '2017-12-13 18:18:00', NULL, '2017-12-13 18:18:18', '2017-12-13 23:31:37', 'a6bbe7f6-aafb-424e-893c-f23fc7c79e91'),
 ('73', '3', '3', '1', '2017-12-13 18:21:00', NULL, '2017-12-13 18:21:18', '2017-12-13 23:32:32', '96232a3d-153b-47ce-8ac3-38ec3e92b0b5'),
 ('74', '3', '3', '1', '2017-12-13 18:23:00', NULL, '2017-12-13 18:23:10', '2017-12-13 23:33:41', 'aadda940-7550-49bb-9fd1-679206be4cd0'),
 ('75', '3', '3', '1', '2017-12-13 18:24:00', NULL, '2017-12-13 18:24:28', '2017-12-13 23:34:01', '258f3297-1231-407e-b2f0-1b274317507c'),
 ('76', '3', '3', '1', '2017-12-13 18:26:00', NULL, '2017-12-13 18:26:28', '2017-12-13 18:26:46', 'd02466e2-8684-4903-9589-a5487e21677f'),
 ('77', '3', '3', '1', '2017-12-13 18:27:42', NULL, '2017-12-13 18:27:42', '2017-12-13 18:27:42', 'f015bce7-3735-4bf4-a7e3-f67f63929e3d'),
 ('78', '3', '3', '1', '2017-12-13 18:28:10', NULL, '2017-12-13 18:28:11', '2017-12-13 18:28:11', '96e22954-31c7-4c5c-a633-937a32386d12'),
 ('79', '3', '3', '1', '2017-12-13 18:28:47', NULL, '2017-12-13 18:28:48', '2017-12-13 18:28:48', '1d5d6897-59b2-4eea-b6da-ef2ce4f2b105'),
 ('80', '3', '3', '1', '2017-12-13 18:29:42', NULL, '2017-12-13 18:29:43', '2017-12-13 18:29:43', '2d5cd23a-2f38-4401-be34-d47c45e53c4a'),
 ('81', '3', '3', '1', '2017-12-13 18:30:18', NULL, '2017-12-13 18:30:18', '2017-12-13 18:30:18', '33bcd1da-d9d2-401c-bf64-c1cc0e5015e5');



DROP TABLE IF EXISTS `craft_entrydrafts`;


--
-- Schema for table `craft_entrydrafts`
--
CREATE TABLE `craft_entrydrafts` (
  `id` int(11) NOT NULL AUTO_INCREMENT,
  `entryId` int(11) NOT NULL,
  `sectionId` int(11) NOT NULL,
  `creatorId` int(11) NOT NULL,
  `locale` char(12) COLLATE utf8_unicode_ci NOT NULL,
  `name` varchar(255) COLLATE utf8_unicode_ci NOT NULL,
  `notes` tinytext COLLATE utf8_unicode_ci,
  `data` mediumtext COLLATE utf8_unicode_ci NOT NULL,
  `dateCreated` datetime NOT NULL,
  `dateUpdated` datetime NOT NULL,
  `uid` char(36) COLLATE utf8_unicode_ci NOT NULL DEFAULT '0',
  PRIMARY KEY (`id`),
  KEY `craft_entrydrafts_entryId_locale_idx` (`entryId`,`locale`),
  KEY `craft_entrydrafts_sectionId_fk` (`sectionId`),
  KEY `craft_entrydrafts_creatorId_fk` (`creatorId`),
  KEY `craft_entrydrafts_locale_fk` (`locale`)
) ENGINE=InnoDB DEFAULT CHARSET=utf8 COLLATE=utf8_unicode_ci;

DROP TABLE IF EXISTS `craft_entrytypes`;


--
-- Schema for table `craft_entrytypes`
--
CREATE TABLE `craft_entrytypes` (
  `id` int(11) NOT NULL AUTO_INCREMENT,
  `sectionId` int(11) NOT NULL,
  `fieldLayoutId` int(11) DEFAULT NULL,
  `name` varchar(255) COLLATE utf8_unicode_ci NOT NULL,
  `handle` varchar(255) COLLATE utf8_unicode_ci NOT NULL,
  `hasTitleField` tinyint(1) unsigned NOT NULL DEFAULT '1',
  `titleLabel` varchar(255) COLLATE utf8_unicode_ci DEFAULT 'Title',
  `titleFormat` varchar(255) COLLATE utf8_unicode_ci DEFAULT NULL,
  `sortOrder` smallint(6) unsigned DEFAULT NULL,
  `dateCreated` datetime NOT NULL,
  `dateUpdated` datetime NOT NULL,
  `uid` char(36) COLLATE utf8_unicode_ci NOT NULL DEFAULT '0',
  PRIMARY KEY (`id`),
  UNIQUE KEY `craft_entrytypes_name_sectionId_unq_idx` (`name`,`sectionId`),
  UNIQUE KEY `craft_entrytypes_handle_sectionId_unq_idx` (`handle`,`sectionId`),
  KEY `craft_entrytypes_sectionId_fk` (`sectionId`),
  KEY `craft_entrytypes_fieldLayoutId_fk` (`fieldLayoutId`)
) ENGINE=InnoDB AUTO_INCREMENT=5 DEFAULT CHARSET=utf8 COLLATE=utf8_unicode_ci;

--
-- Data for table `craft_entrytypes`
--

INSERT INTO `craft_entrytypes` (`id`, `sectionId`, `fieldLayoutId`, `name`, `handle`, `hasTitleField`, `titleLabel`, `titleFormat`, `sortOrder`, `dateCreated`, `dateUpdated`, `uid`) VALUES
 ('1', '1', '37', 'Homepage', 'homepage', '1', 'Title', NULL, '1', '2017-12-10 22:25:19', '2017-12-13 23:06:45', 'b2102114-8caf-4d2e-9b42-13d767550760'),
 ('3', '3', '40', 'Members', 'members', '1', 'Title', NULL, '1', '2017-12-10 23:06:20', '2017-12-13 23:40:39', '580fe56d-a628-4005-bd05-8bf976be5517');



DROP TABLE IF EXISTS `craft_entryversions`;


--
-- Schema for table `craft_entryversions`
--
CREATE TABLE `craft_entryversions` (
  `id` int(11) NOT NULL AUTO_INCREMENT,
  `entryId` int(11) NOT NULL,
  `sectionId` int(11) NOT NULL,
  `creatorId` int(11) DEFAULT NULL,
  `locale` char(12) COLLATE utf8_unicode_ci NOT NULL,
  `num` smallint(6) unsigned NOT NULL,
  `notes` tinytext COLLATE utf8_unicode_ci,
  `data` mediumtext COLLATE utf8_unicode_ci NOT NULL,
  `dateCreated` datetime NOT NULL,
  `dateUpdated` datetime NOT NULL,
  `uid` char(36) COLLATE utf8_unicode_ci NOT NULL DEFAULT '0',
  PRIMARY KEY (`id`),
  KEY `craft_entryversions_entryId_locale_idx` (`entryId`,`locale`),
  KEY `craft_entryversions_sectionId_fk` (`sectionId`),
  KEY `craft_entryversions_creatorId_fk` (`creatorId`),
  KEY `craft_entryversions_locale_fk` (`locale`)
) ENGINE=InnoDB AUTO_INCREMENT=161 DEFAULT CHARSET=utf8 COLLATE=utf8_unicode_ci;

--
-- Data for table `craft_entryversions`
--

INSERT INTO `craft_entryversions` (`id`, `entryId`, `sectionId`, `creatorId`, `locale`, `num`, `notes`, `data`, `dateCreated`, `dateUpdated`, `uid`) VALUES
 ('1', '2', '1', '1', 'en_gb', '1', NULL, '{\"typeId\":\"1\",\"authorId\":null,\"title\":\"Homepage\",\"slug\":\"homepage\",\"postDate\":1512944719,\"expiryDate\":null,\"enabled\":1,\"parentId\":null,\"fields\":[]}', '2017-12-10 22:25:19', '2017-12-10 22:25:19', '1d196026-3f48-4fb3-9e2c-e19b2f4093a5'),
 ('2', '2', '1', '1', 'en_gb', '2', NULL, '{\"typeId\":null,\"authorId\":null,\"title\":\"Welcome to Classof2018.dev!\",\"slug\":\"homepage\",\"postDate\":1512944719,\"expiryDate\":null,\"enabled\":\"1\",\"parentId\":null,\"fields\":{\"1\":\"<p>It\\u2019s true, this site doesn\\u2019t have a whole lot of content yet, but don\\u2019t worry. Our web developers have just installed the CMS, and they\\u2019re setting things up for the content editors this very moment. Soon Classof2018.dev will be an oasis of fresh perspectives, sharp analyses, and astute opinions that will keep you coming back again and again.<\\/p>\"}}', '2017-12-10 22:25:19', '2017-12-10 22:25:19', '457759fd-a6b3-401e-8f42-c76742c71180'),
 ('4', '2', '1', '1', 'en_gb', '3', '', '{\"typeId\":null,\"authorId\":null,\"title\":\"Welcome to Classof2018.dev!\",\"slug\":\"homepage\",\"postDate\":1512944719,\"expiryDate\":null,\"enabled\":1,\"parentId\":null,\"fields\":{\"1\":\"<p>It\\u2019s true, this site doesn\\u2019t have a whole lot of content yet, but don\\u2019t worry. Our web developers have just installed the CMS, and they\\u2019re setting things up for the content editors this very moment. Soon Classof2018.dev will be an oasis of fresh perspectives, sharp analyses, and astute opinions that will keep you coming back again and again.<\\/p>\",\"3\":[\"4\"]}}', '2017-12-10 22:34:36', '2017-12-10 22:34:36', '5bb980af-4678-4177-9b6f-e771af2321d7'),
 ('5', '2', '1', '1', 'en_gb', '4', '', '{\"typeId\":null,\"authorId\":null,\"title\":\"Home\",\"slug\":\"homepage\",\"postDate\":1512944719,\"expiryDate\":null,\"enabled\":1,\"parentId\":null,\"fields\":{\"1\":\"<p>It\\u2019s true, this site doesn\\u2019t have a whole lot of content yet, but don\\u2019t worry. Our web developers have just installed the CMS, and they\\u2019re setting things up for the content editors this very moment. Soon Classof2018.dev will be an oasis of fresh perspectives, sharp analyses, and astute opinions that will keep you coming back again and again.<\\/p>\"}}', '2017-12-10 22:37:56', '2017-12-10 22:37:56', '44e88170-ac3f-4ef0-b27f-c9d6b999f3b4'),
 ('6', '2', '1', '1', 'en_gb', '5', '', '{\"typeId\":null,\"authorId\":null,\"title\":\"Home\",\"slug\":\"homepage\",\"postDate\":1512944719,\"expiryDate\":null,\"enabled\":1,\"parentId\":null,\"fields\":{\"1\":\"<p>It\\u2019s true, this site doesn\\u2019t have a whole lot of content yet, but don\\u2019t worry. Our web developers have just installed the CMS, and they\\u2019re setting things up for the content editors this very moment. Soon Classof2018.dev will be an oasis of fresh perspectives, sharp analyses, and astute opinions that will keep you coming back again and again.<\\/p>\",\"4\":[\"4\"]}}', '2017-12-10 22:38:21', '2017-12-10 22:38:21', '4349466d-a29c-404f-b630-dd97a9573e44'),
 ('7', '2', '1', '1', 'en_gb', '6', '', '{\"typeId\":null,\"authorId\":null,\"title\":\"Home\",\"slug\":\"homepage\",\"postDate\":1512944719,\"expiryDate\":null,\"enabled\":1,\"parentId\":null,\"fields\":{\"1\":\"<p>Nullam id dolor id nibh ultricies vehicula ut id elit. Nullam quis risus eget urna mollis ornare vel eu leo. Praesent commodo cursus magna, vel scelerisque nisl consectetur et. Aenean lacinia bibendum nulla sed consectetur. Vivamus sagittis lacus vel augue laoreet rutrum faucibus dolor auctor.<\\/p>\\r\\n<p>Donec ullamcorper nulla non metus auctor fringilla. Fusce dapibus, tellus ac cursus commodo, tortor mauris condimentum nibh, ut fermentum massa justo sit amet risus. Vivamus sagittis lacus vel augue laoreet rutrum faucibus dolor auctor. Vivamus sagittis lacus vel augue laoreet rutrum faucibus dolor auctor. Cum sociis natoque penatibus et magnis dis parturient montes, nascetur ridiculus mus. Nulla vitae elit libero, a pharetra augue.<\\/p>\\r\\n<p>Cum sociis natoque penatibus et magnis dis parturient montes, nascetur ridiculus mus. Praesent commodo cursus magna, vel scelerisque nisl consectetur et. Praesent commodo cursus magna, vel scelerisque nisl consectetur et. Nulla vitae elit libero, a pharetra augue.<\\/p>\",\"4\":[\"4\"]}}', '2017-12-10 22:49:31', '2017-12-10 22:49:31', 'da46bd0f-d77b-4ac0-bd05-582b986cdf53'),
 ('8', '2', '1', '1', 'en_gb', '7', '', '{\"typeId\":null,\"authorId\":null,\"title\":\"Home\",\"slug\":\"homepage\",\"postDate\":1512944719,\"expiryDate\":null,\"enabled\":1,\"parentId\":null,\"fields\":{\"1\":\"<p>Nullam id dolor id nibh ultricies vehicula ut id elit. Nullam quis risus eget urna mollis ornare vel eu leo. Praesent commodo cursus magna, vel scelerisque nisl consectetur et. Aenean lacinia bibendum nulla sed consectetur. Vivamus sagittis lacus vel augue laoreet rutrum faucibus dolor auctor.<\\/p>\",\"4\":[\"4\"]}}', '2017-12-10 23:03:07', '2017-12-10 23:03:07', '380148ff-7c27-47a0-bff1-758e42bcb99b'),
 ('9', '16', '3', '1', 'en_gb', '1', '', '{\"typeId\":null,\"authorId\":\"1\",\"title\":\"Gareth Johns\",\"slug\":\"gareth-johns\",\"postDate\":1512947195,\"expiryDate\":null,\"enabled\":1,\"parentId\":null,\"fields\":[]}', '2017-12-10 23:06:36', '2017-12-10 23:06:36', '6b98d26e-ddb6-4786-b680-d0193d64b60f'),
 ('10', '16', '3', '1', 'en_gb', '2', '', '{\"typeId\":\"3\",\"authorId\":\"1\",\"title\":\"Gareth Johns\",\"slug\":\"gareth-johns\",\"postDate\":1512947160,\"expiryDate\":null,\"enabled\":1,\"parentId\":null,\"fields\":{\"1\":\"\",\"5\":[\"6\"],\"4\":\"\"}}', '2017-12-10 23:09:21', '2017-12-10 23:09:21', '72b384a9-186e-4754-bcf3-be393fc3fea0'),
 ('11', '16', '3', '1', 'en_gb', '3', '', '{\"typeId\":\"3\",\"authorId\":\"1\",\"title\":\"Gareth Johns\",\"slug\":\"gareth-johns\",\"postDate\":1512947160,\"expiryDate\":null,\"enabled\":1,\"parentId\":null,\"fields\":{\"1\":\"<p>Vivamus sagittis lacus vel augue laoreet rutrum faucibus dolor auctor. Cum sociis natoque penatibus et magnis dis parturient montes, nascetur ridiculus mus. Fusce dapibus, tellus ac cursus commodo, tortor mauris condimentum nibh, ut fermentum massa justo sit amet risus. Donec id elit non mi porta gravida at eget metus.<\\/p>\",\"5\":[\"6\"],\"4\":\"\"}}', '2017-12-10 23:09:29', '2017-12-10 23:09:29', 'cce5c3e5-2df7-4fa3-9f9c-eee79b1e6684'),
 ('12', '17', '3', '1', 'en_gb', '1', '', '{\"typeId\":null,\"authorId\":\"1\",\"title\":\"Chloe Walshingam\",\"slug\":\"chloe-walshingam\",\"postDate\":1512947462,\"expiryDate\":null,\"enabled\":1,\"parentId\":null,\"fields\":{\"1\":\"<p>Fusce dapibus, tellus ac cursus commodo, tortor mauris condimentum nibh, ut fermentum massa justo sit amet risus. Vivamus sagittis lacus vel augue laoreet rutrum faucibus dolor auctor. Praesent commodo cursus magna, vel scelerisque nisl consectetur et. Donec id elit non mi porta gravida at eget metus. Duis mollis, est non commodo luctus, nisi erat porttitor ligula, eget lacinia odio sem nec elit.<\\/p>\",\"5\":[\"7\"],\"4\":\"\"}}', '2017-12-10 23:11:02', '2017-12-10 23:11:02', 'efff2b04-09c9-4b81-8390-c1d0b6f9bbdc'),
 ('13', '17', '3', '1', 'en_gb', '2', '', '{\"typeId\":\"3\",\"authorId\":\"1\",\"title\":\"Chloe Walshingam\",\"slug\":\"chloe-walshingam\",\"postDate\":1512947460,\"expiryDate\":null,\"enabled\":1,\"parentId\":null,\"fields\":{\"1\":\"<p>Fusce dapibus, tellus ac cursus commodo, tortor mauris condimentum nibh, ut fermentum massa justo sit amet risus. Vivamus sagittis lacus vel augue laoreet rutrum faucibus dolor auctor. Praesent commodo cursus magna, vel scelerisque nisl consectetur et. Donec id elit non mi porta gravida at eget metus. Duis mollis, est non commodo luctus, nisi erat porttitor ligula, eget lacinia odio sem nec elit.<\\/p>\",\"5\":[\"7\"],\"4\":[\"18\"]}}', '2017-12-10 23:20:36', '2017-12-10 23:20:36', 'a2615f19-d888-49de-b3ec-49bcd23b57fa'),
 ('14', '16', '3', '1', 'en_gb', '4', '', '{\"typeId\":\"3\",\"authorId\":\"1\",\"title\":\"Gareth Johns\",\"slug\":\"gareth-johns\",\"postDate\":1512947160,\"expiryDate\":null,\"enabled\":1,\"parentId\":null,\"fields\":{\"1\":\"<p>Vivamus sagittis lacus vel augue laoreet rutrum faucibus dolor auctor. Cum sociis natoque penatibus et magnis dis parturient montes, nascetur ridiculus mus. Fusce dapibus, tellus ac cursus commodo, tortor mauris condimentum nibh, ut fermentum massa justo sit amet risus. Donec id elit non mi porta gravida at eget metus.<\\/p>\",\"5\":[\"6\"],\"4\":[\"18\"]}}', '2017-12-10 23:24:23', '2017-12-10 23:24:23', '7026adee-527d-4e99-bf04-bfb589020d54'),
 ('15', '19', '3', '1', 'en_gb', '1', '', '{\"typeId\":null,\"authorId\":\"1\",\"title\":\"Olivia Smaghe\",\"slug\":\"olivia-smaghe\",\"postDate\":1512948316,\"expiryDate\":null,\"enabled\":1,\"parentId\":null,\"fields\":{\"1\":\"<p>Curabitur blandit tempus porttitor. Morbi leo risus, porta ac consectetur ac, vestibulum at eros. Vestibulum id ligula porta felis euismod semper. Morbi leo risus, porta ac consectetur ac, vestibulum at eros. Fusce dapibus, tellus ac cursus commodo, tortor mauris condimentum nibh, ut fermentum massa justo sit amet risus. Donec ullamcorper nulla non metus auctor fringilla.<\\/p>\",\"5\":[\"6\"],\"4\":[\"18\"]}}', '2017-12-10 23:25:16', '2017-12-10 23:25:16', 'e2628548-9f95-4dd8-b48e-cb64ce858bf9'),
 ('16', '20', '3', '1', 'en_gb', '1', '', '{\"typeId\":null,\"authorId\":\"1\",\"title\":\"Felix Papalardi\",\"slug\":\"felix-papalardi\",\"postDate\":1512948338,\"expiryDate\":null,\"enabled\":1,\"parentId\":null,\"fields\":{\"1\":\"<p><\\/p><p>Nulla vitae elit libero, a pharetra augue. Donec sed odio dui. Donec id elit non mi porta gravida at eget metus. Aenean eu leo quam. Pellentesque ornare sem lacinia quam venenatis vestibulum. Cum sociis natoque penatibus et magnis dis parturient montes, nascetur ridiculus mus. Vestibulum id ligula porta felis euismod semper. Fusce dapibus, tellus ac cursus commodo, tortor mauris condimentum nibh, ut fermentum massa justo sit amet risus.<\\/p>\\r\\n<p>Cum sociis natoque penatibus et magnis dis parturient montes, nascetur ridiculus mus. Cras justo odio, dapibus ac facilisis in, egestas eget quam. Etiam porta sem malesuada magna mollis euismod. Vivamus sagittis lacus vel augue laoreet rutrum faucibus dolor auctor. Cum sociis natoque penatibus et magnis dis parturient montes, nascetur ridiculus mus. Integer posuere erat a ante venenatis dapibus posuere velit aliquet. Donec sed odio dui.<\\/p>\",\"5\":[\"6\"],\"4\":[\"18\"]}}', '2017-12-10 23:25:39', '2017-12-10 23:25:39', '65f58c06-6e37-428e-b825-51ea6f008708'),
 ('17', '21', '3', '1', 'en_gb', '1', '', '{\"typeId\":null,\"authorId\":\"1\",\"title\":\"Jenna Clapton\",\"slug\":\"jenna-clapton\",\"postDate\":1512948361,\"expiryDate\":null,\"enabled\":1,\"parentId\":null,\"fields\":{\"1\":\"<p>Cras mattis consectetur purus sit amet fermentum. Cum sociis natoque penatibus et magnis dis parturient montes, nascetur ridiculus mus. Morbi leo risus, porta ac consectetur ac, vestibulum at eros. Morbi leo risus, porta ac consectetur ac, vestibulum at eros.<\\/p>\\r\\n<p>Etiam porta sem malesuada magna mollis euismod. Nullam id dolor id nibh ultricies vehicula ut id elit. Sed posuere consectetur est at lobortis. Integer posuere erat a ante venenatis dapibus posuere velit aliquet. Etiam porta sem malesuada magna mollis euismod. Maecenas faucibus mollis interdum.<\\/p>\\r\\n<p>Aenean eu leo quam. Pellentesque ornare sem lacinia quam venenatis vestibulum. Cras justo odio, dapibus ac facilisis in, egestas eget quam. Cras justo odio, dapibus ac facilisis in, egestas eget quam. Vivamus sagittis lacus vel augue laoreet rutrum faucibus dolor auctor. Nullam quis risus eget urna mollis ornare vel eu leo. Cras mattis consectetur purus sit amet fermentum. Cras justo odio, dapibus ac facilisis in, egestas eget quam.<\\/p>\",\"5\":\"\",\"4\":[\"18\"]}}', '2017-12-10 23:26:01', '2017-12-10 23:26:01', 'd4442c6b-52a3-4ca3-91ab-0c96c4d0739f'),
 ('18', '22', '3', '1', 'en_gb', '1', '', '{\"typeId\":null,\"authorId\":\"1\",\"title\":\"Jaykee the Magician\",\"slug\":\"jaykee-the-magician\",\"postDate\":1512948386,\"expiryDate\":null,\"enabled\":1,\"parentId\":null,\"fields\":{\"1\":\"<p>Donec sed odio dui. Aenean lacinia bibendum nulla sed consectetur. Sed posuere consectetur est at lobortis. Nullam quis risus eget urna mollis ornare vel eu leo.<\\/p>\\r\\n<p>Etiam porta sem malesuada magna mollis euismod. Cum sociis natoque penatibus et magnis dis parturient montes, nascetur ridiculus mus. Vestibulum id ligula porta felis euismod semper. Curabitur blandit tempus porttitor. Maecenas faucibus mollis interdum. Nullam id dolor id nibh ultricies vehicula ut id elit. Donec ullamcorper nulla non metus auctor fringilla.<\\/p>\\r\\n<p>Cras mattis consectetur purus sit amet fermentum. Aenean eu leo quam. Pellentesque ornare sem lacinia quam venenatis vestibulum. Cum sociis natoque penatibus et magnis dis parturient montes, nascetur ridiculus mus. Praesent commodo cursus magna, vel scelerisque nisl consectetur et. Maecenas sed diam eget risus varius blandit sit amet non magna. Curabitur blandit tempus porttitor. Maecenas faucibus mollis interdum.<\\/p>\",\"5\":\"\",\"4\":[\"18\"]}}', '2017-12-10 23:26:26', '2017-12-10 23:26:26', '257edb88-3993-4281-b03c-a321bace510b'),
 ('19', '23', '3', '1', 'en_gb', '1', '', '{\"typeId\":null,\"authorId\":\"1\",\"title\":\"Micheal Vonck\",\"slug\":\"micheal-vonck\",\"postDate\":1512948403,\"expiryDate\":null,\"enabled\":1,\"parentId\":null,\"fields\":{\"1\":\"<p>Nulla vitae elit libero, a pharetra augue. Nullam quis risus eget urna mollis ornare vel eu leo. Nulla vitae elit libero, a pharetra augue. Lorem ipsum dolor sit amet, consectetur adipiscing elit. Maecenas sed diam eget risus varius blandit sit amet non magna. Nulla vitae elit libero, a pharetra augue.<\\/p>\\r\\n<p>Donec ullamcorper nulla non metus auctor fringilla. Donec id elit non mi porta gravida at eget metus. Sed posuere consectetur est at lobortis. Cras justo odio, dapibus ac facilisis in, egestas eget quam.<\\/p>\\r\\n<p>Cras mattis consectetur purus sit amet fermentum. Nulla vitae elit libero, a pharetra augue. Fusce dapibus, tellus ac cursus commodo, tortor mauris condimentum nibh, ut fermentum massa justo sit amet risus. Fusce dapibus, tellus ac cursus commodo, tortor mauris condimentum nibh, ut fermentum massa justo sit amet risus. Maecenas faucibus mollis interdum.<\\/p><p><\\/p>\",\"5\":\"\",\"4\":\"\"}}', '2017-12-10 23:26:43', '2017-12-10 23:26:43', 'decc5876-7a39-413e-b208-956d97eceb91'),
 ('20', '23', '3', '1', 'en_gb', '2', '', '{\"typeId\":\"3\",\"authorId\":\"1\",\"title\":\"Micheal Vonck\",\"slug\":\"micheal-vonck\",\"postDate\":1512948360,\"expiryDate\":null,\"enabled\":1,\"parentId\":null,\"fields\":{\"1\":\"<p>Nulla vitae elit libero, a pharetra augue. Nullam quis risus eget urna mollis ornare vel eu leo. Nulla vitae elit libero, a pharetra augue. Lorem ipsum dolor sit amet, consectetur adipiscing elit. Maecenas sed diam eget risus varius blandit sit amet non magna. Nulla vitae elit libero, a pharetra augue.<\\/p>\\r\\n<p>Donec ullamcorper nulla non metus auctor fringilla. Donec id elit non mi porta gravida at eget metus. Sed posuere consectetur est at lobortis. Cras justo odio, dapibus ac facilisis in, egestas eget quam.<\\/p>\\r\\n<p>Cras mattis consectetur purus sit amet fermentum. Nulla vitae elit libero, a pharetra augue. Fusce dapibus, tellus ac cursus commodo, tortor mauris condimentum nibh, ut fermentum massa justo sit amet risus. Fusce dapibus, tellus ac cursus commodo, tortor mauris condimentum nibh, ut fermentum massa justo sit amet risus. Maecenas faucibus mollis interdum.<\\/p>\",\"5\":[\"6\"],\"4\":\"\"}}', '2017-12-10 23:27:34', '2017-12-10 23:27:34', '140a2ea3-110b-445e-be4b-c836d77bfca0'),
 ('21', '21', '3', '1', 'en_gb', '2', '', '{\"typeId\":\"3\",\"authorId\":\"1\",\"title\":\"Jenna Clapton\",\"slug\":\"jenna-clapton\",\"postDate\":1512948360,\"expiryDate\":null,\"enabled\":1,\"parentId\":null,\"fields\":{\"1\":\"<p>Cras mattis consectetur purus sit amet fermentum. Cum sociis natoque penatibus et magnis dis parturient montes, nascetur ridiculus mus. Morbi leo risus, porta ac consectetur ac, vestibulum at eros. Morbi leo risus, porta ac consectetur ac, vestibulum at eros.<\\/p>\\r\\n<p>Etiam porta sem malesuada magna mollis euismod. Nullam id dolor id nibh ultricies vehicula ut id elit. Sed posuere consectetur est at lobortis. Integer posuere erat a ante venenatis dapibus posuere velit aliquet. Etiam porta sem malesuada magna mollis euismod. Maecenas faucibus mollis interdum.<\\/p>\\r\\n<p>Aenean eu leo quam. Pellentesque ornare sem lacinia quam venenatis vestibulum. Cras justo odio, dapibus ac facilisis in, egestas eget quam. Cras justo odio, dapibus ac facilisis in, egestas eget quam. Vivamus sagittis lacus vel augue laoreet rutrum faucibus dolor auctor. Nullam quis risus eget urna mollis ornare vel eu leo. Cras mattis consectetur purus sit amet fermentum. Cras justo odio, dapibus ac facilisis in, egestas eget quam.<\\/p>\",\"5\":[\"6\"],\"4\":[\"18\"]}}', '2017-12-10 23:27:42', '2017-12-10 23:27:42', 'd637705c-6a2c-43bd-bf52-93ad515ae2d2'),
 ('22', '22', '3', '1', 'en_gb', '2', '', '{\"typeId\":\"3\",\"authorId\":\"1\",\"title\":\"Jaykee the Magician\",\"slug\":\"jaykee-the-magician\",\"postDate\":1512948360,\"expiryDate\":null,\"enabled\":1,\"parentId\":null,\"fields\":{\"1\":\"<p>Donec sed odio dui. Aenean lacinia bibendum nulla sed consectetur. Sed posuere consectetur est at lobortis. Nullam quis risus eget urna mollis ornare vel eu leo.<\\/p>\\r\\n<p>Etiam porta sem malesuada magna mollis euismod. Cum sociis natoque penatibus et magnis dis parturient montes, nascetur ridiculus mus. Vestibulum id ligula porta felis euismod semper. Curabitur blandit tempus porttitor. Maecenas faucibus mollis interdum. Nullam id dolor id nibh ultricies vehicula ut id elit. Donec ullamcorper nulla non metus auctor fringilla.<\\/p>\\r\\n<p>Cras mattis consectetur purus sit amet fermentum. Aenean eu leo quam. Pellentesque ornare sem lacinia quam venenatis vestibulum. Cum sociis natoque penatibus et magnis dis parturient montes, nascetur ridiculus mus. Praesent commodo cursus magna, vel scelerisque nisl consectetur et. Maecenas sed diam eget risus varius blandit sit amet non magna. Curabitur blandit tempus porttitor. Maecenas faucibus mollis interdum.<\\/p>\",\"5\":[\"6\"],\"4\":[\"18\"]}}', '2017-12-10 23:27:52', '2017-12-10 23:27:52', '66941bf9-53c8-4a55-85b0-b70d03d5202b'),
 ('23', '23', '3', '1', 'en_gb', '3', '', '{\"typeId\":\"3\",\"authorId\":\"1\",\"title\":\"Micheal Vonck\",\"slug\":\"micheal-vonck\",\"postDate\":1512948360,\"expiryDate\":null,\"enabled\":1,\"parentId\":null,\"fields\":{\"1\":\"<p>Nulla vitae elit libero, a pharetra augue. Nullam quis risus eget urna mollis ornare vel eu leo. Nulla vitae elit libero, a pharetra augue. Lorem ipsum dolor sit amet, consectetur adipiscing elit. Maecenas sed diam eget risus varius blandit sit amet non magna. Nulla vitae elit libero, a pharetra augue.<\\/p>\\r\\n<p>Donec ullamcorper nulla non metus auctor fringilla. Donec id elit non mi porta gravida at eget metus. Sed posuere consectetur est at lobortis. Cras justo odio, dapibus ac facilisis in, egestas eget quam.<\\/p>\\r\\n<p>Cras mattis consectetur purus sit amet fermentum. Nulla vitae elit libero, a pharetra augue. Fusce dapibus, tellus ac cursus commodo, tortor mauris condimentum nibh, ut fermentum massa justo sit amet risus. Fusce dapibus, tellus ac cursus commodo, tortor mauris condimentum nibh, ut fermentum massa justo sit amet risus. Maecenas faucibus mollis interdum.<\\/p>\",\"5\":[\"6\"],\"4\":[\"18\"]}}', '2017-12-10 23:28:16', '2017-12-10 23:28:16', 'e8e75eff-240b-447e-bf6b-7c0cb1d8b92c'),
 ('24', '2', '1', '1', 'en_gb', '8', '', '{\"typeId\":null,\"authorId\":null,\"title\":\"Home\",\"slug\":\"homepage\",\"postDate\":1512944719,\"expiryDate\":null,\"enabled\":1,\"parentId\":null,\"fields\":{\"1\":\"<p>Nullam id dolor id nibh ultricies vehicula ut id elit. Nullam quis risus eget urna mollis ornare vel eu leo. Praesent commodo cursus magna, vel scelerisque nisl consectetur et. Aenean lacinia bibendum nulla sed consectetur. Vivamus sagittis lacus vel augue laoreet rutrum faucibus dolor auctor. Test<\\/p>\",\"4\":[\"4\"]}}', '2017-12-12 15:15:26', '2017-12-12 15:15:26', '731eb83d-86db-4ddd-84f2-2fa2d14f8c7c'),
 ('25', '2', '1', '1', 'en_gb', '9', '', '{\"typeId\":null,\"authorId\":null,\"title\":\"Home\",\"slug\":\"homepage\",\"postDate\":1512944719,\"expiryDate\":null,\"enabled\":1,\"parentId\":null,\"fields\":{\"1\":\"<h5>Nullam id dolor id nibh ultricies vehicula ut id elit. Nullam quis risus eget urna mollis ornare vel eu leo. Praesent commodo cursus magna, vel scelerisque nisl consectetur et. Aenean lacinia bibendum nulla sed consectetur. Vivamus sagittis lacus vel augue laoreet rutrum faucibus dolor auctor. Test<\\/h5>\",\"4\":[\"4\"]}}', '2017-12-12 15:38:53', '2017-12-12 15:38:53', 'b7cb07b2-73fc-4561-89c0-fae662befb90'),
 ('26', '2', '1', '1', 'en_gb', '10', '', '{\"typeId\":null,\"authorId\":null,\"title\":\"Home\",\"slug\":\"homepage\",\"postDate\":1512944719,\"expiryDate\":null,\"enabled\":1,\"parentId\":null,\"fields\":{\"1\":\"<h4>Nullam id dolor id nibh ultricies vehicula ut id elit. Nullam quis risus eget urna mollis ornare vel eu leo. Praesent commodo cursus magna, vel scelerisque nisl consectetur et. Aenean lacinia bibendum nulla sed consectetur. Vivamus sagittis lacus vel augue laoreet rutrum faucibus dolor auctor. Test<\\/h4>\",\"4\":[\"4\"]}}', '2017-12-12 15:45:07', '2017-12-12 15:45:07', '643401a4-f72f-430c-bfaf-da5e6cefc725'),
 ('27', '21', '3', '1', 'en_gb', '3', '', '{\"typeId\":\"3\",\"authorId\":\"1\",\"title\":\"Jenna Clapton\",\"slug\":\"jenna-clapton\",\"postDate\":1512948360,\"expiryDate\":null,\"enabled\":1,\"parentId\":null,\"fields\":{\"1\":\"<p>Cras mattis consectetur purus sit amet fermentum. Cum sociis natoque penatibus et magnis dis parturient montes, nascetur ridiculus mus. Morbi leo risus, porta ac consectetur ac, vestibulum at eros. Morbi leo risus, porta ac consectetur ac, vestibulum at eros.<\\/p>\\r\\n<p>Etiam porta sem malesuada magna mollis euismod. Nullam id dolor id nibh ultricies vehicula ut id elit. Sed posuere consectetur est at lobortis. Integer posuere erat a ante venenatis dapibus posuere velit aliquet. Etiam porta sem malesuada magna mollis euismod. Maecenas faucibus mollis interdum.<\\/p>\\r\\n<p>Aenean eu leo quam. Pellentesque ornare sem lacinia quam venenatis vestibulum. Cras justo odio, dapibus ac facilisis in, egestas eget quam. Cras justo odio, dapibus ac facilisis in, egestas eget quam. Vivamus sagittis lacus vel augue laoreet rutrum faucibus dolor auctor. Nullam quis risus eget urna mollis ornare vel eu leo. Cras mattis consectetur purus sit amet fermentum. Cras justo odio, dapibus ac facilisis in, egestas eget quam.<\\/p>\",\"5\":[\"6\"],\"6\":\"Jenna\",\"4\":[\"18\"],\"7\":\"Clapton\"}}', '2017-12-12 17:26:31', '2017-12-12 17:26:31', '6bf9a58a-4251-43e2-9331-e24f082abab3'),
 ('28', '22', '3', '1', 'en_gb', '3', '', '{\"typeId\":\"3\",\"authorId\":\"1\",\"title\":\"Jaykee the Magician\",\"slug\":\"jaykee-the-magician\",\"postDate\":1512948360,\"expiryDate\":null,\"enabled\":1,\"parentId\":null,\"fields\":{\"1\":\"<p>Donec sed odio dui. Aenean lacinia bibendum nulla sed consectetur. Sed posuere consectetur est at lobortis. Nullam quis risus eget urna mollis ornare vel eu leo.<\\/p>\\r\\n<p>Etiam porta sem malesuada magna mollis euismod. Cum sociis natoque penatibus et magnis dis parturient montes, nascetur ridiculus mus. Vestibulum id ligula porta felis euismod semper. Curabitur blandit tempus porttitor. Maecenas faucibus mollis interdum. Nullam id dolor id nibh ultricies vehicula ut id elit. Donec ullamcorper nulla non metus auctor fringilla.<\\/p>\\r\\n<p>Cras mattis consectetur purus sit amet fermentum. Aenean eu leo quam. Pellentesque ornare sem lacinia quam venenatis vestibulum. Cum sociis natoque penatibus et magnis dis parturient montes, nascetur ridiculus mus. Praesent commodo cursus magna, vel scelerisque nisl consectetur et. Maecenas sed diam eget risus varius blandit sit amet non magna. Curabitur blandit tempus porttitor. Maecenas faucibus mollis interdum.<\\/p>\",\"5\":[\"6\"],\"6\":\"Jaykee\",\"4\":[\"18\"],\"7\":\"The Magician\"}}', '2017-12-12 17:26:46', '2017-12-12 17:26:46', 'bf23f851-16c2-498b-af81-fcb61e12c935'),
 ('29', '23', '3', '1', 'en_gb', '4', '', '{\"typeId\":\"3\",\"authorId\":\"1\",\"title\":\"Micheal Vonck\",\"slug\":\"micheal-vonck\",\"postDate\":1512948360,\"expiryDate\":null,\"enabled\":1,\"parentId\":null,\"fields\":{\"1\":\"<p>Nulla vitae elit libero, a pharetra augue. Nullam quis risus eget urna mollis ornare vel eu leo. Nulla vitae elit libero, a pharetra augue. Lorem ipsum dolor sit amet, consectetur adipiscing elit. Maecenas sed diam eget risus varius blandit sit amet non magna. Nulla vitae elit libero, a pharetra augue.<\\/p>\\r\\n<p>Donec ullamcorper nulla non metus auctor fringilla. Donec id elit non mi porta gravida at eget metus. Sed posuere consectetur est at lobortis. Cras justo odio, dapibus ac facilisis in, egestas eget quam.<\\/p>\\r\\n<p>Cras mattis consectetur purus sit amet fermentum. Nulla vitae elit libero, a pharetra augue. Fusce dapibus, tellus ac cursus commodo, tortor mauris condimentum nibh, ut fermentum massa justo sit amet risus. Fusce dapibus, tellus ac cursus commodo, tortor mauris condimentum nibh, ut fermentum massa justo sit amet risus. Maecenas faucibus mollis interdum.<\\/p>\",\"5\":[\"6\"],\"6\":\"Micheal\",\"4\":[\"18\"],\"7\":\"Vonck\"}}', '2017-12-12 17:26:57', '2017-12-12 17:26:57', '3134f38b-81e3-41a8-87d3-e5f93e356fdd'),
 ('30', '20', '3', '1', 'en_gb', '2', '', '{\"typeId\":\"3\",\"authorId\":\"1\",\"title\":\"Felix Papalardi\",\"slug\":\"felix-papalardi\",\"postDate\":1512948300,\"expiryDate\":null,\"enabled\":1,\"parentId\":null,\"fields\":{\"1\":\"<p>Nulla vitae elit libero, a pharetra augue. Donec sed odio dui. Donec id elit non mi porta gravida at eget metus. Aenean eu leo quam. Pellentesque ornare sem lacinia quam venenatis vestibulum. Cum sociis natoque penatibus et magnis dis parturient montes, nascetur ridiculus mus. Vestibulum id ligula porta felis euismod semper. Fusce dapibus, tellus ac cursus commodo, tortor mauris condimentum nibh, ut fermentum massa justo sit amet risus.<\\/p>\\r\\n<p>Cum sociis natoque penatibus et magnis dis parturient montes, nascetur ridiculus mus. Cras justo odio, dapibus ac facilisis in, egestas eget quam. Etiam porta sem malesuada magna mollis euismod. Vivamus sagittis lacus vel augue laoreet rutrum faucibus dolor auctor. Cum sociis natoque penatibus et magnis dis parturient montes, nascetur ridiculus mus. Integer posuere erat a ante venenatis dapibus posuere velit aliquet. Donec sed odio dui.<\\/p>\",\"5\":[\"6\"],\"6\":\"Felix\",\"4\":[\"18\"],\"7\":\"Papalardi\"}}', '2017-12-12 17:27:09', '2017-12-12 17:27:09', '22d64919-b11b-43be-8d20-4d3c6182978d'),
 ('31', '17', '3', '1', 'en_gb', '3', '', '{\"typeId\":\"3\",\"authorId\":\"1\",\"title\":\"Chloe Walshingam\",\"slug\":\"chloe-walshingam\",\"postDate\":1512947460,\"expiryDate\":null,\"enabled\":1,\"parentId\":null,\"fields\":{\"1\":\"<p>Fusce dapibus, tellus ac cursus commodo, tortor mauris condimentum nibh, ut fermentum massa justo sit amet risus. Vivamus sagittis lacus vel augue laoreet rutrum faucibus dolor auctor. Praesent commodo cursus magna, vel scelerisque nisl consectetur et. Donec id elit non mi porta gravida at eget metus. Duis mollis, est non commodo luctus, nisi erat porttitor ligula, eget lacinia odio sem nec elit.<\\/p>\",\"5\":[\"7\"],\"6\":\"Chloe\",\"4\":[\"18\"],\"7\":\"Walshingam\"}}', '2017-12-12 17:27:21', '2017-12-12 17:27:21', '7ba77e63-64d1-402e-b8a5-6e369d371aa0'),
 ('32', '16', '3', '1', 'en_gb', '5', '', '{\"typeId\":\"3\",\"authorId\":\"1\",\"title\":\"Gareth Johns\",\"slug\":\"gareth-johns\",\"postDate\":1512947160,\"expiryDate\":null,\"enabled\":1,\"parentId\":null,\"fields\":{\"1\":\"<p>Vivamus sagittis lacus vel augue laoreet rutrum faucibus dolor auctor. Cum sociis natoque penatibus et magnis dis parturient montes, nascetur ridiculus mus. Fusce dapibus, tellus ac cursus commodo, tortor mauris condimentum nibh, ut fermentum massa justo sit amet risus. Donec id elit non mi porta gravida at eget metus.<\\/p>\",\"5\":[\"6\"],\"6\":\"Gareth\",\"4\":[\"18\"],\"7\":\"Johns\"}}', '2017-12-12 17:27:35', '2017-12-12 17:27:35', '0b9ef8c0-e3f4-4dff-b3e6-f79f0c1d5bcc'),
 ('33', '19', '3', '1', 'en_gb', '2', '', '{\"typeId\":\"3\",\"authorId\":\"1\",\"title\":\"Olivia Smaghe\",\"slug\":\"olivia-smaghe\",\"postDate\":1512948300,\"expiryDate\":null,\"enabled\":1,\"parentId\":null,\"fields\":{\"1\":\"<p>Curabitur blandit tempus porttitor. Morbi leo risus, porta ac consectetur ac, vestibulum at eros. Vestibulum id ligula porta felis euismod semper. Morbi leo risus, porta ac consectetur ac, vestibulum at eros. Fusce dapibus, tellus ac cursus commodo, tortor mauris condimentum nibh, ut fermentum massa justo sit amet risus. Donec ullamcorper nulla non metus auctor fringilla.<\\/p>\",\"5\":[\"6\"],\"6\":\"Olivia\",\"4\":[\"18\"],\"7\":\"Smaghe\"}}', '2017-12-12 17:29:58', '2017-12-12 17:29:58', 'ae6b2fb7-0d97-42ee-89a9-ad1a5ba8e71c'),
 ('37', '20', '3', '1', 'en_gb', '3', '', '{\"typeId\":\"3\",\"authorId\":\"1\",\"title\":\"Felix Papalardi\",\"slug\":\"felix-papalardi\",\"postDate\":1512948300,\"expiryDate\":null,\"enabled\":1,\"parentId\":\"\",\"fields\":{\"1\":\"<p>Nulla vitae elit libero, a pharetra augue. Donec sed odio dui. Donec id elit non mi porta gravida at eget metus. Aenean eu leo quam. Pellentesque ornare sem lacinia quam venenatis vestibulum. Cum sociis natoque penatibus et magnis dis parturient montes, nascetur ridiculus mus. Vestibulum id ligula porta felis euismod semper. Fusce dapibus, tellus ac cursus commodo, tortor mauris condimentum nibh, ut fermentum massa justo sit amet risus.<\\/p>\\r\\n<p>Cum sociis natoque penatibus et magnis dis parturient montes, nascetur ridiculus mus. Cras justo odio, dapibus ac facilisis in, egestas eget quam. Etiam porta sem malesuada magna mollis euismod. Vivamus sagittis lacus vel augue laoreet rutrum faucibus dolor auctor. Cum sociis natoque penatibus et magnis dis parturient montes, nascetur ridiculus mus. Integer posuere erat a ante venenatis dapibus posuere velit aliquet. Donec sed odio dui.<\\/p>\",\"5\":[\"6\"],\"6\":\"Felix\",\"4\":[\"28\"],\"8\":\"\",\"7\":\"Papalardi\"}}', '2017-12-13 17:24:42', '2017-12-13 17:24:42', '96da053d-d13f-4050-a51b-bc23419405f9'),
 ('38', '16', '3', '1', 'en_gb', '6', '', '{\"typeId\":\"3\",\"authorId\":\"1\",\"title\":\"Gareth Johns\",\"slug\":\"gareth-johns\",\"postDate\":1512947160,\"expiryDate\":null,\"enabled\":1,\"parentId\":\"\",\"fields\":{\"1\":\"<p>Vivamus sagittis lacus vel augue laoreet rutrum faucibus dolor auctor. Cum sociis natoque penatibus et magnis dis parturient montes, nascetur ridiculus mus. Fusce dapibus, tellus ac cursus commodo, tortor mauris condimentum nibh, ut fermentum massa justo sit amet risus. Donec id elit non mi porta gravida at eget metus.<\\/p>\",\"5\":[\"6\"],\"6\":\"Gareth\",\"4\":[\"29\"],\"8\":\"\",\"7\":\"Johns\"}}', '2017-12-13 17:25:00', '2017-12-13 17:25:00', 'fdd61d55-868c-4b9d-866c-5610fd2cfbc8'),
 ('39', '19', '3', '1', 'en_gb', '3', '', '{\"typeId\":\"3\",\"authorId\":\"1\",\"title\":\"Olivia Smaghe\",\"slug\":\"olivia-smaghe\",\"postDate\":1512948300,\"expiryDate\":null,\"enabled\":1,\"parentId\":\"\",\"fields\":{\"1\":\"<p>Curabitur blandit tempus porttitor. Morbi leo risus, porta ac consectetur ac, vestibulum at eros. Vestibulum id ligula porta felis euismod semper. Morbi leo risus, porta ac consectetur ac, vestibulum at eros. Fusce dapibus, tellus ac cursus commodo, tortor mauris condimentum nibh, ut fermentum massa justo sit amet risus. Donec ullamcorper nulla non metus auctor fringilla.<\\/p>\",\"5\":[\"6\"],\"6\":\"Olivia\",\"4\":[\"30\"],\"8\":\"\",\"7\":\"Smaghe\"}}', '2017-12-13 17:25:09', '2017-12-13 17:25:09', '654f36bb-e442-491d-b80e-e1c41f5d8c7b'),
 ('40', '21', '3', '1', 'en_gb', '4', '', '{\"typeId\":\"3\",\"authorId\":\"1\",\"title\":\"Jenna Clapton\",\"slug\":\"jenna-clapton\",\"postDate\":1512948360,\"expiryDate\":null,\"enabled\":1,\"parentId\":\"\",\"fields\":{\"1\":\"<p>Cras mattis consectetur purus sit amet fermentum. Cum sociis natoque penatibus et magnis dis parturient montes, nascetur ridiculus mus. Morbi leo risus, porta ac consectetur ac, vestibulum at eros. Morbi leo risus, porta ac consectetur ac, vestibulum at eros.<\\/p>\\r\\n<p>Etiam porta sem malesuada magna mollis euismod. Nullam id dolor id nibh ultricies vehicula ut id elit. Sed posuere consectetur est at lobortis. Integer posuere erat a ante venenatis dapibus posuere velit aliquet. Etiam porta sem malesuada magna mollis euismod. Maecenas faucibus mollis interdum.<\\/p>\\r\\n<p>Aenean eu leo quam. Pellentesque ornare sem lacinia quam venenatis vestibulum. Cras justo odio, dapibus ac facilisis in, egestas eget quam. Cras justo odio, dapibus ac facilisis in, egestas eget quam. Vivamus sagittis lacus vel augue laoreet rutrum faucibus dolor auctor. Nullam quis risus eget urna mollis ornare vel eu leo. Cras mattis consectetur purus sit amet fermentum. Cras justo odio, dapibus ac facilisis in, egestas eget quam.<\\/p>\",\"5\":[\"6\"],\"6\":\"Jenna\",\"4\":[\"31\"],\"8\":\"\",\"7\":\"Clapton\"}}', '2017-12-13 17:25:24', '2017-12-13 17:25:24', '1eeab279-cf14-443a-85b2-b36ca02ad8f4'),
 ('41', '22', '3', '1', 'en_gb', '4', '', '{\"typeId\":\"3\",\"authorId\":\"1\",\"title\":\"Jaykee the Magician\",\"slug\":\"jaykee-the-magician\",\"postDate\":1512948360,\"expiryDate\":null,\"enabled\":1,\"parentId\":\"\",\"fields\":{\"1\":\"<p>Donec sed odio dui. Aenean lacinia bibendum nulla sed consectetur. Sed posuere consectetur est at lobortis. Nullam quis risus eget urna mollis ornare vel eu leo.<\\/p>\\r\\n<p>Etiam porta sem malesuada magna mollis euismod. Cum sociis natoque penatibus et magnis dis parturient montes, nascetur ridiculus mus. Vestibulum id ligula porta felis euismod semper. Curabitur blandit tempus porttitor. Maecenas faucibus mollis interdum. Nullam id dolor id nibh ultricies vehicula ut id elit. Donec ullamcorper nulla non metus auctor fringilla.<\\/p>\\r\\n<p>Cras mattis consectetur purus sit amet fermentum. Aenean eu leo quam. Pellentesque ornare sem lacinia quam venenatis vestibulum. Cum sociis natoque penatibus et magnis dis parturient montes, nascetur ridiculus mus. Praesent commodo cursus magna, vel scelerisque nisl consectetur et. Maecenas sed diam eget risus varius blandit sit amet non magna. Curabitur blandit tempus porttitor. Maecenas faucibus mollis interdum.<\\/p>\",\"5\":[\"6\"],\"6\":\"Jaykee\",\"4\":[\"32\"],\"8\":\"\",\"7\":\"The Magician\"}}', '2017-12-13 17:25:35', '2017-12-13 17:25:35', '801bbf69-19a4-4db3-ac94-105e16c5a3f8'),
 ('42', '23', '3', '1', 'en_gb', '5', '', '{\"typeId\":\"3\",\"authorId\":\"1\",\"title\":\"Micheal Vonck\",\"slug\":\"micheal-vonck\",\"postDate\":1512948360,\"expiryDate\":null,\"enabled\":1,\"parentId\":\"\",\"fields\":{\"1\":\"<p>Nulla vitae elit libero, a pharetra augue. Nullam quis risus eget urna mollis ornare vel eu leo. Nulla vitae elit libero, a pharetra augue. Lorem ipsum dolor sit amet, consectetur adipiscing elit. Maecenas sed diam eget risus varius blandit sit amet non magna. Nulla vitae elit libero, a pharetra augue.<\\/p>\\r\\n<p>Donec ullamcorper nulla non metus auctor fringilla. Donec id elit non mi porta gravida at eget metus. Sed posuere consectetur est at lobortis. Cras justo odio, dapibus ac facilisis in, egestas eget quam.<\\/p>\\r\\n<p>Cras mattis consectetur purus sit amet fermentum. Nulla vitae elit libero, a pharetra augue. Fusce dapibus, tellus ac cursus commodo, tortor mauris condimentum nibh, ut fermentum massa justo sit amet risus. Fusce dapibus, tellus ac cursus commodo, tortor mauris condimentum nibh, ut fermentum massa justo sit amet risus. Maecenas faucibus mollis interdum.<\\/p>\",\"5\":[\"6\"],\"6\":\"Micheal\",\"4\":[\"33\"],\"8\":\"\",\"7\":\"Vonck\"}}', '2017-12-13 17:25:45', '2017-12-13 17:25:45', 'd473ca25-876b-438a-bd43-aca69ddf00b2'),
 ('43', '17', '3', '1', 'en_gb', '4', '', '{\"typeId\":\"3\",\"authorId\":\"1\",\"title\":\"Chloe Walshingam\",\"slug\":\"chloe-walshingam\",\"postDate\":1512947460,\"expiryDate\":null,\"enabled\":1,\"parentId\":\"\",\"fields\":{\"1\":\"<p>Fusce dapibus, tellus ac cursus commodo, tortor mauris condimentum nibh, ut fermentum massa justo sit amet risus. Vivamus sagittis lacus vel augue laoreet rutrum faucibus dolor auctor. Praesent commodo cursus magna, vel scelerisque nisl consectetur et. Donec id elit non mi porta gravida at eget metus. Duis mollis, est non commodo luctus, nisi erat porttitor ligula, eget lacinia odio sem nec elit.<\\/p>\",\"5\":[\"7\"],\"6\":\"Chloe\",\"4\":[\"34\"],\"8\":\"\",\"7\":\"Walshingam\"}}', '2017-12-13 17:25:55', '2017-12-13 17:25:55', 'c7042147-bee6-4394-96a4-6a1353efb627'),
 ('44', '17', '3', '1', 'en_gb', '5', '', '{\"typeId\":\"3\",\"authorId\":\"1\",\"title\":\"Chloe Walshingam\",\"slug\":\"chloe-walshingam\",\"postDate\":1512947460,\"expiryDate\":null,\"enabled\":1,\"parentId\":\"\",\"fields\":{\"1\":\"<p>Fusce dapibus, tellus ac cursus commodo, tortor mauris condimentum nibh, ut fermentum massa justo sit amet risus. Vivamus sagittis lacus vel augue laoreet rutrum faucibus dolor auctor. Praesent commodo cursus magna, vel scelerisque nisl consectetur et. Donec id elit non mi porta gravida at eget metus. Duis mollis, est non commodo luctus, nisi erat porttitor ligula, eget lacinia odio sem nec elit.<\\/p>\",\"5\":[\"10\"],\"6\":\"Chloe\",\"4\":[\"34\"],\"8\":\"\",\"7\":\"Walshingam\"}}', '2017-12-13 17:26:49', '2017-12-13 17:26:49', '175a8d48-6bdc-4650-bbfb-9ead728b58fc'),
 ('45', '59', '3', '1', 'en_gb', '1', '', '{\"typeId\":null,\"authorId\":\"1\",\"title\":\"Joaquin Hoop\",\"slug\":\"joaquin-hoop\",\"postDate\":1513186075,\"expiryDate\":null,\"enabled\":1,\"parentId\":\"\",\"fields\":{\"1\":\"\",\"5\":[\"10\"],\"6\":\"Joaquin\",\"4\":[\"35\"],\"8\":\"\",\"7\":\"Hoop\"}}', '2017-12-13 17:27:56', '2017-12-13 17:27:56', '9f78be1e-c9e5-4578-aadf-06f33db675d2'),
 ('46', '60', '3', '1', 'en_gb', '1', '', '{\"typeId\":null,\"authorId\":\"1\",\"title\":\"Jeraldine Mathers\",\"slug\":\"jeraldine-mathers\",\"postDate\":1513186137,\"expiryDate\":null,\"enabled\":1,\"parentId\":\"\",\"fields\":{\"1\":\"\",\"5\":[\"10\"],\"6\":\"Jeraldine\",\"4\":[\"36\"],\"8\":\"\",\"7\":\"Mathers\"}}', '2017-12-13 17:28:57', '2017-12-13 17:28:57', 'ff6ff500-f105-4f15-a40e-b7431804b510'),
 ('47', '61', '3', '1', 'en_gb', '1', '', '{\"typeId\":null,\"authorId\":\"1\",\"title\":\"Georgene Goodspeed\",\"slug\":\"georgene-goodspeed\",\"postDate\":1513186179,\"expiryDate\":null,\"enabled\":1,\"parentId\":\"\",\"fields\":{\"1\":\"\",\"5\":[\"10\"],\"6\":\"Georgene\",\"4\":[\"37\"],\"8\":\"\",\"7\":\"Goodspeed\"}}', '2017-12-13 17:29:39', '2017-12-13 17:29:39', '8e3306ad-0c81-419f-831c-f0af61cec42d'),
 ('48', '62', '3', '1', 'en_gb', '1', '', '{\"typeId\":null,\"authorId\":\"1\",\"title\":\"Charolette\",\"slug\":\"charolette\",\"postDate\":1513186244,\"expiryDate\":null,\"enabled\":1,\"parentId\":\"\",\"fields\":{\"1\":\"\",\"5\":[\"10\"],\"6\":\"Charolette\",\"4\":[\"38\"],\"8\":\"\",\"7\":\"Wrede\"}}', '2017-12-13 17:30:44', '2017-12-13 17:30:44', '975533c6-e7c9-4821-9026-7e3ebbb4519c'),
 ('49', '62', '3', '1', 'en_gb', '2', '', '{\"typeId\":\"3\",\"authorId\":\"1\",\"title\":\"Charolette Wrede\",\"slug\":\"charolette-wrede\",\"postDate\":1513186200,\"expiryDate\":null,\"enabled\":1,\"parentId\":\"\",\"fields\":{\"1\":\"\",\"5\":[\"10\"],\"6\":\"Charolette\",\"4\":[\"38\"],\"8\":\"\",\"7\":\"Wrede\"}}', '2017-12-13 17:31:08', '2017-12-13 17:31:08', 'cafe5c4c-8ef0-4072-a7fd-c683d6dc1132'),
 ('50', '63', '3', '1', 'en_gb', '1', '', '{\"typeId\":null,\"authorId\":\"1\",\"title\":\"Jaimie Rafael\",\"slug\":\"jaimie-rafael\",\"postDate\":1513187556,\"expiryDate\":null,\"enabled\":1,\"parentId\":\"\",\"fields\":{\"1\":\"\",\"5\":[\"10\"],\"6\":\"Jaimie\\u00a0\",\"4\":[\"39\"],\"8\":\"\",\"7\":\"Rafael\"}}', '2017-12-13 17:52:37', '2017-12-13 17:52:37', 'ea0ef4e8-0dc0-4c4c-9555-b6b817839f0d'),
 ('51', '17', '3', '1', 'en_gb', '6', '', '{\"typeId\":\"3\",\"authorId\":\"1\",\"title\":\"Chloe Walshingam\",\"slug\":\"chloe-walshingam\",\"postDate\":1512947460,\"expiryDate\":null,\"enabled\":1,\"parentId\":\"\",\"fields\":{\"1\":\"<p>Fusce dapibus, tellus ac cursus commodo, tortor mauris condimentum nibh, ut fermentum massa justo sit amet risus. Vivamus sagittis lacus vel augue laoreet rutrum faucibus dolor auctor. Praesent commodo cursus magna, vel scelerisque nisl consectetur et. Donec id elit non mi porta gravida at eget metus. Duis mollis, est non commodo luctus, nisi erat porttitor ligula, eget lacinia odio sem nec elit.<\\/p>\",\"5\":[\"10\"],\"6\":\"Chloe\",\"4\":[\"34\"],\"8\":\"\",\"7\":\"Walshingam\"}}', '2017-12-13 17:53:16', '2017-12-13 17:53:16', 'b8407c42-b2a2-44d5-9cb4-f0ee0b978c1f'),
 ('52', '64', '3', '1', 'en_gb', '1', '', '{\"typeId\":null,\"authorId\":\"1\",\"title\":\"Stephen\",\"slug\":\"stephen\",\"postDate\":1513187798,\"expiryDate\":null,\"enabled\":1,\"parentId\":\"\",\"fields\":{\"1\":\"\",\"5\":[\"7\"],\"6\":\"Stephen\",\"4\":[\"40\"],\"8\":\"\",\"7\":\"Carnley\"}}', '2017-12-13 17:56:39', '2017-12-13 17:56:39', '5347d7b6-66ee-4e9e-a4e6-bcd004ae96f0'),
 ('53', '65', '3', '1', 'en_gb', '1', '', '{\"typeId\":null,\"authorId\":\"1\",\"title\":\"Janice\",\"slug\":\"janice\",\"postDate\":1513187841,\"expiryDate\":null,\"enabled\":1,\"parentId\":\"\",\"fields\":{\"1\":\"\",\"5\":[\"7\"],\"6\":\"Janice\",\"4\":[\"41\"],\"8\":\"\",\"7\":\"Decamp\"}}', '2017-12-13 17:57:21', '2017-12-13 17:57:21', 'ddfa7a4d-5f62-41ab-90a9-2c99f1b0523b'),
 ('54', '64', '3', '1', 'en_gb', '2', '', '{\"typeId\":\"3\",\"authorId\":\"1\",\"title\":\"Stephen Carnley\",\"slug\":\"stephen-carnley\",\"postDate\":1513187760,\"expiryDate\":null,\"enabled\":1,\"parentId\":\"\",\"fields\":{\"1\":\"\",\"5\":[\"7\"],\"6\":\"Stephen\",\"4\":[\"40\"],\"8\":\"\",\"7\":\"Carnley\"}}', '2017-12-13 17:58:01', '2017-12-13 17:58:01', '6b7aac36-359e-4da7-83cd-f87854fd1000'),
 ('55', '65', '3', '1', 'en_gb', '2', '', '{\"typeId\":\"3\",\"authorId\":\"1\",\"title\":\"Janice Decamp\",\"slug\":\"janice-decamp\",\"postDate\":1513187820,\"expiryDate\":null,\"enabled\":1,\"parentId\":\"\",\"fields\":{\"1\":\"\",\"5\":[\"7\"],\"6\":\"Janice\",\"4\":[\"41\"],\"8\":\"\",\"7\":\"Decamp\"}}', '2017-12-13 17:58:15', '2017-12-13 17:58:15', 'd1e77f78-d280-4ea0-b58e-1890607699f2'),
 ('56', '66', '3', '1', 'en_gb', '1', '', '{\"typeId\":null,\"authorId\":\"1\",\"title\":\"Moises\",\"slug\":\"moises\",\"postDate\":1513187959,\"expiryDate\":null,\"enabled\":1,\"parentId\":\"\",\"fields\":{\"1\":\"\",\"5\":[\"7\"],\"6\":\"Moises\",\"4\":[\"42\"],\"8\":\"\",\"7\":\"Ickes\"}}', '2017-12-13 17:59:19', '2017-12-13 17:59:19', 'e68f75bb-d8aa-4e8a-b046-8e0f2946416a'),
 ('57', '66', '3', '1', 'en_gb', '2', '', '{\"typeId\":\"3\",\"authorId\":\"1\",\"title\":\"Moises Ickes\",\"slug\":\"moises-ickes\",\"postDate\":1513187940,\"expiryDate\":null,\"enabled\":1,\"parentId\":\"\",\"fields\":{\"1\":\"\",\"5\":[\"7\"],\"6\":\"Moises\",\"4\":[\"42\"],\"8\":\"\",\"7\":\"Ickes\"}}', '2017-12-13 17:59:31', '2017-12-13 17:59:31', '16d1e8f7-9152-4571-908d-dff975138eb5'),
 ('58', '67', '3', '1', 'en_gb', '1', '', '{\"typeId\":null,\"authorId\":\"1\",\"title\":\"Debi Wohlers \\u00a0\",\"slug\":\"debi-wohlers\",\"postDate\":1513188014,\"expiryDate\":null,\"enabled\":1,\"parentId\":\"\",\"fields\":{\"1\":\"\",\"5\":[\"7\"],\"6\":\"Debi\",\"4\":[\"43\"],\"8\":\"\",\"7\":\"Wohlers\"}}', '2017-12-13 18:00:14', '2017-12-13 18:00:14', '210451ef-8333-4ae5-9384-6fd10cac43df'),
 ('59', '68', '3', '1', 'en_gb', '1', '', '{\"typeId\":null,\"authorId\":\"1\",\"title\":\"Jimmie Schor\",\"slug\":\"jimmie-schor\",\"postDate\":1513188080,\"expiryDate\":null,\"enabled\":1,\"parentId\":\"\",\"fields\":{\"1\":\"\",\"5\":[\"7\"],\"6\":\"Jimmie\",\"4\":[\"44\"],\"8\":\"\",\"7\":\"Schor\"}}', '2017-12-13 18:01:20', '2017-12-13 18:01:20', '8c31bd44-61f4-49f0-8c0a-543be29fbf60'),
 ('60', '69', '3', '1', 'en_gb', '1', '', '{\"typeId\":null,\"authorId\":\"1\",\"title\":\"Hanna Harari\",\"slug\":\"hanna-harari\",\"postDate\":1513188358,\"expiryDate\":null,\"enabled\":1,\"parentId\":\"\",\"fields\":{\"1\":\"\",\"5\":[\"7\"],\"6\":\"Hanna\",\"4\":[\"45\"],\"8\":\"\",\"7\":\"Harari\"}}', '2017-12-13 18:05:58', '2017-12-13 18:05:58', '30cbaae5-0fc0-4ba5-9cbb-b62c28afcd11'),
 ('61', '70', '3', '1', 'en_gb', '1', '', '{\"typeId\":null,\"authorId\":\"1\",\"title\":\"Bernardine Mynatt\",\"slug\":\"bernardine-mynatt\",\"postDate\":1513189023,\"expiryDate\":null,\"enabled\":1,\"parentId\":\"\",\"fields\":{\"1\":\"\",\"5\":[\"9\"],\"6\":\"Bernardine\",\"4\":[\"46\"],\"8\":\"\",\"7\":\"Mynatt\"}}', '2017-12-13 18:17:03', '2017-12-13 18:17:03', 'b06fdc5a-1a15-4eda-af95-cb8d332cec1c'),
 ('62', '71', '3', '1', 'en_gb', '1', '', '{\"typeId\":null,\"authorId\":\"1\",\"title\":\"Isreal Hendon\",\"slug\":\"isreal-hendon\",\"postDate\":1513189056,\"expiryDate\":null,\"enabled\":1,\"parentId\":\"\",\"fields\":{\"1\":\"\",\"5\":\"\",\"6\":\"Isreal\",\"4\":[\"47\"],\"8\":\"\",\"7\":\"Hendon\"}}', '2017-12-13 18:17:36', '2017-12-13 18:17:36', '64e59525-8cf1-442a-ab58-b5e1f1536f39'),
 ('63', '71', '3', '1', 'en_gb', '2', '', '{\"typeId\":\"3\",\"authorId\":\"1\",\"title\":\"Isreal Hendon\",\"slug\":\"isreal-hendon\",\"postDate\":1513189020,\"expiryDate\":null,\"enabled\":1,\"parentId\":\"\",\"fields\":{\"1\":\"\",\"5\":[\"9\"],\"6\":\"Isreal\",\"4\":[\"47\"],\"8\":\"\",\"7\":\"Hendon\"}}', '2017-12-13 18:17:46', '2017-12-13 18:17:46', 'e0fc7fa8-779f-47a2-add8-ea149e238f4c'),
 ('64', '72', '3', '1', 'en_gb', '1', '', '{\"typeId\":null,\"authorId\":\"1\",\"title\":\"Nicki Niemi\",\"slug\":\"nicki-niemi\",\"postDate\":1513189098,\"expiryDate\":null,\"enabled\":1,\"parentId\":\"\",\"fields\":{\"1\":\"\",\"5\":\"\",\"6\":\"Nicki\",\"4\":[\"48\"],\"8\":\"\",\"7\":\"Niemi\"}}', '2017-12-13 18:18:18', '2017-12-13 18:18:18', '29b074e6-287b-40f0-9e68-087cf11d87ea'),
 ('65', '72', '3', '1', 'en_gb', '2', '', '{\"typeId\":\"3\",\"authorId\":\"1\",\"title\":\"Nicki Niemi\",\"slug\":\"nicki-niemi\",\"postDate\":1513189080,\"expiryDate\":null,\"enabled\":1,\"parentId\":\"\",\"fields\":{\"1\":\"\",\"5\":[\"9\"],\"6\":\"Nicki\",\"4\":[\"48\"],\"8\":\"\",\"7\":\"Niemi\"}}', '2017-12-13 18:18:31', '2017-12-13 18:18:31', '73272e0a-1caf-4ce1-aa73-e4767c94a3e1'),
 ('66', '73', '3', '1', 'en_gb', '1', '', '{\"typeId\":null,\"authorId\":\"1\",\"title\":\"Mikel Keating\",\"slug\":\"mikel-keating\",\"postDate\":1513189278,\"expiryDate\":null,\"enabled\":1,\"parentId\":\"\",\"fields\":{\"1\":\"\",\"5\":[\"9\"],\"6\":\"Mikel\",\"4\":[\"49\"],\"8\":\"\",\"7\":\"Keating\"}}', '2017-12-13 18:21:18', '2017-12-13 18:21:18', 'f57dfd74-4eaf-4aef-b5c6-559c9183851e'),
 ('67', '74', '3', '1', 'en_gb', '1', '', '{\"typeId\":null,\"authorId\":\"1\",\"title\":\"Tammie Zerangue \",\"slug\":\"tammie-zerangue\",\"postDate\":1513189390,\"expiryDate\":null,\"enabled\":1,\"parentId\":\"\",\"fields\":{\"1\":\"\",\"5\":[\"9\"],\"6\":\"Tammie\",\"4\":[\"50\"],\"8\":\"\",\"7\":\"Zerangue\"}}', '2017-12-13 18:23:10', '2017-12-13 18:23:10', '74d7b2fc-8c68-4950-af0c-0140033bbb60'),
 ('68', '75', '3', '1', 'en_gb', '1', '', '{\"typeId\":null,\"authorId\":\"1\",\"title\":\"Markita Pearson\",\"slug\":\"markita-pearson\",\"postDate\":1513189468,\"expiryDate\":null,\"enabled\":1,\"parentId\":\"\",\"fields\":{\"1\":\"\",\"5\":\"\",\"6\":\"Markita\",\"4\":[\"51\"],\"8\":\"\",\"7\":\"Pearson\"}}', '2017-12-13 18:24:28', '2017-12-13 18:24:28', 'e170a774-8117-4196-9fc3-9b786639e150'),
 ('69', '75', '3', '1', 'en_gb', '2', '', '{\"typeId\":\"3\",\"authorId\":\"1\",\"title\":\"Markita Pearson\",\"slug\":\"markita-pearson\",\"postDate\":1513189440,\"expiryDate\":null,\"enabled\":1,\"parentId\":\"\",\"fields\":{\"1\":\"\",\"5\":[\"9\"],\"6\":\"Markita\",\"4\":[\"51\"],\"8\":\"\",\"7\":\"Pearson\"}}', '2017-12-13 18:24:38', '2017-12-13 18:24:38', '7e722108-52a6-4ad6-8818-0d4d0b8d16bc'),
 ('70', '76', '3', '1', 'en_gb', '1', '', '{\"typeId\":null,\"authorId\":\"1\",\"title\":\"Young Besecker\",\"slug\":\"young-besecker\",\"postDate\":1513189588,\"expiryDate\":null,\"enabled\":1,\"parentId\":\"\",\"fields\":{\"1\":\"\",\"5\":\"\",\"6\":\"Young\",\"4\":[\"52\"],\"8\":\"\",\"7\":\"Besecker\"}}', '2017-12-13 18:26:28', '2017-12-13 18:26:28', '45ab4d14-072f-4848-b4d0-10abe1ba8066'),
 ('71', '76', '3', '1', 'en_gb', '2', '', '{\"typeId\":\"3\",\"authorId\":\"1\",\"title\":\"Young Besecker\",\"slug\":\"young-besecker\",\"postDate\":1513189560,\"expiryDate\":null,\"enabled\":1,\"parentId\":\"\",\"fields\":{\"1\":\"\",\"5\":[\"8\"],\"6\":\"Young\",\"4\":[\"52\"],\"8\":\"\",\"7\":\"Besecker\"}}', '2017-12-13 18:26:46', '2017-12-13 18:26:46', '421cd8e5-05bb-40ab-979b-6780adf735d7'),
 ('72', '77', '3', '1', 'en_gb', '1', '', '{\"typeId\":null,\"authorId\":\"1\",\"title\":\"Yang\",\"slug\":\"yang\",\"postDate\":1513189662,\"expiryDate\":null,\"enabled\":1,\"parentId\":\"\",\"fields\":{\"1\":\"\",\"5\":[\"8\"],\"6\":\"Yang\",\"4\":[\"53\"],\"8\":\"\",\"7\":\"Mcalexander\"}}', '2017-12-13 18:27:42', '2017-12-13 18:27:42', '423299c1-1b09-4078-8d06-e5eeea9042fc'),
 ('73', '78', '3', '1', 'en_gb', '1', '', '{\"typeId\":null,\"authorId\":\"1\",\"title\":\"Valene Askey\",\"slug\":\"valene-askey\",\"postDate\":1513189690,\"expiryDate\":null,\"enabled\":1,\"parentId\":\"\",\"fields\":{\"1\":\"\",\"5\":[\"8\"],\"6\":\"Valene\",\"4\":[\"54\"],\"8\":\"\",\"7\":\"Askey\"}}', '2017-12-13 18:28:11', '2017-12-13 18:28:11', '4a9e9c8f-aaa3-419f-8426-e266a548afaa'),
 ('74', '79', '3', '1', 'en_gb', '1', '', '{\"typeId\":null,\"authorId\":\"1\",\"title\":\"Jeanette Granda\",\"slug\":\"jeanette-granda\",\"postDate\":1513189727,\"expiryDate\":null,\"enabled\":1,\"parentId\":\"\",\"fields\":{\"1\":\"\",\"5\":[\"8\"],\"6\":\"Jeanette\",\"4\":[\"55\"],\"8\":\"\",\"7\":\"Granda\"}}', '2017-12-13 18:28:48', '2017-12-13 18:28:48', 'eb1675a7-20d6-4091-a61d-4cca7a09f32a'),
 ('75', '80', '3', '1', 'en_gb', '1', '', '{\"typeId\":null,\"authorId\":\"1\",\"title\":\"Joe Eklund\",\"slug\":\"joe-eklund\",\"postDate\":1513189782,\"expiryDate\":null,\"enabled\":1,\"parentId\":\"\",\"fields\":{\"1\":\"\",\"5\":[\"8\"],\"6\":\"Joe\",\"4\":[\"57\"],\"8\":\"\",\"7\":\"Eklund\"}}', '2017-12-13 18:29:43', '2017-12-13 18:29:43', '5784235d-cff9-49cd-bb5e-f4781640c748'),
 ('76', '81', '3', '1', 'en_gb', '1', '', '{\"typeId\":null,\"authorId\":\"1\",\"title\":\"Tanisha Pietrzak\",\"slug\":\"tanisha-pietrzak\",\"postDate\":1513189818,\"expiryDate\":null,\"enabled\":1,\"parentId\":\"\",\"fields\":{\"1\":\"\",\"5\":[\"8\"],\"6\":\"Tanisha\",\"4\":[\"56\"],\"8\":\"\",\"7\":\"Pietrzak\"}}', '2017-12-13 18:30:18', '2017-12-13 18:30:18', 'af23b22c-892a-4df4-ba74-2f2e14113bc2'),
 ('77', '17', '3', '1', 'en_gb', '7', '', '{\"typeId\":\"3\",\"authorId\":\"1\",\"title\":\"Chloe Walshingam\",\"slug\":\"chloe-walshingam\",\"postDate\":1512947460,\"expiryDate\":null,\"enabled\":1,\"parentId\":\"\",\"fields\":{\"1\":\"<p>Fusce dapibus, tellus ac cursus commodo, tortor mauris condimentum nibh, ut fermentum massa justo sit amet risus. Vivamus sagittis lacus vel augue laoreet rutrum faucibus dolor auctor. Praesent commodo cursus magna, vel scelerisque nisl consectetur et. Donec id elit non mi porta gravida at eget metus. Duis mollis, est non commodo luctus, nisi erat porttitor ligula, eget lacinia odio sem nec elit.<\\/p>\",\"5\":[\"10\"],\"6\":\"Chloe\",\"4\":[\"34\"],\"8\":\"\",\"9\":\"Designer\",\"7\":\"Walshingam\"}}', '2017-12-13 18:39:50', '2017-12-13 18:39:50', 'ba3b0cfc-190f-4ada-8ed3-3667f30b1d99'),
 ('78', '17', '3', '1', 'en_gb', '8', '', '{\"typeId\":\"3\",\"authorId\":\"1\",\"title\":\"Chloe Walshingam\",\"slug\":\"chloe-walshingam\",\"postDate\":1512947460,\"expiryDate\":null,\"enabled\":1,\"parentId\":\"\",\"fields\":{\"1\":\"<p>Fusce dapibus, tellus ac cursus commodo, tortor mauris condimentum nibh, ut fermentum massa justo sit amet risus. Vivamus sagittis lacus vel augue laoreet rutrum faucibus dolor auctor. Praesent commodo cursus magna, vel scelerisque nisl consectetur et. Donec id elit non mi porta gravida at eget metus. Duis mollis, est non commodo luctus, nisi erat porttitor ligula, eget lacinia odio sem nec elit.<\\/p>\",\"5\":[\"10\"],\"6\":\"Chloe\",\"4\":[\"34\"],\"8\":\"\",\"9\":\"Designer\",\"10\":\"London\",\"7\":\"Walshingam\"}}', '2017-12-13 18:42:01', '2017-12-13 18:42:01', '8e191c4f-f2ec-4ba4-a7de-13876ce4530f'),
 ('79', '59', '3', '1', 'en_gb', '2', '', '{\"typeId\":\"3\",\"authorId\":\"1\",\"title\":\"Joaquin Hoop\",\"slug\":\"joaquin-hoop\",\"postDate\":1513186020,\"expiryDate\":null,\"enabled\":1,\"parentId\":\"\",\"fields\":{\"1\":\"\",\"5\":[\"10\"],\"6\":\"Joaquin\",\"4\":[\"35\"],\"8\":\"\",\"9\":\"Brewmaster\",\"10\":\"Dublin\",\"7\":\"Hoop\"}}', '2017-12-13 18:42:23', '2017-12-13 18:42:23', '27a974a0-1fd0-4d26-84b1-88a8f28c51aa'),
 ('80', '60', '3', '1', 'en_gb', '2', '', '{\"typeId\":\"3\",\"authorId\":\"1\",\"title\":\"Jeraldine Mathers\",\"slug\":\"jeraldine-mathers\",\"postDate\":1513186080,\"expiryDate\":null,\"enabled\":1,\"parentId\":\"\",\"fields\":{\"1\":\"\",\"5\":[\"10\"],\"6\":\"Jeraldine\",\"4\":[\"36\"],\"8\":\"\",\"9\":\"Interior Designer\",\"10\":\"Japan\",\"7\":\"Mathers\"}}', '2017-12-13 18:42:37', '2017-12-13 18:42:37', '5ac5ce22-ee35-43f3-a110-015bda62e9fe'),
 ('81', '17', '3', '1', 'en_gb', '9', '', '{\"typeId\":\"3\",\"authorId\":\"1\",\"title\":\"Chloe Walshingam\",\"slug\":\"chloe-walshingam\",\"postDate\":1512947460,\"expiryDate\":null,\"enabled\":1,\"parentId\":\"\",\"fields\":{\"1\":\"<h3>Fusce dapibus, tellus ac cursus commodo, tortor mauris condimentum nibh, ut fermentum massa justo sit amet risus. Vivamus sagittis lacus vel augue laoreet rutrum faucibus dolor auctor. Praesent commodo cursus magna, vel scelerisque nisl consectetur et. Donec id elit non mi porta gravida at eget metus. Duis mollis, est non commodo luctus, nisi erat porttitor ligula, eget lacinia odio sem nec elit.<\\/h3>\",\"5\":[\"10\"],\"6\":\"Chloe\",\"4\":[\"34\"],\"8\":\"\",\"9\":\"Designer\",\"10\":\"London\",\"7\":\"Walshingam\"}}', '2017-12-13 19:04:17', '2017-12-13 19:04:17', '93d0c716-0aa1-41b2-befa-6821edfcae77'),
 ('82', '59', '3', '1', 'en_gb', '3', '', '{\"typeId\":\"3\",\"authorId\":\"1\",\"title\":\"Joaquin Hoop\",\"slug\":\"joaquin-hoop\",\"postDate\":1513186020,\"expiryDate\":null,\"enabled\":1,\"parentId\":\"\",\"fields\":{\"1\":\"<h3>Fusce dapibus, tellus ac cursus commodo, tortor mauris condimentum nibh, ut fermentum massa justo sit amet risus. Vivamus sagittis lacus vel augue laoreet rutrum faucibus dolor auctor. Praesent commodo cursus magna, vel scelerisque nisl consectetur et. Donec id elit non mi porta gravida at eget metus. Duis mollis, est non commodo luctus, nisi erat porttitor ligula, eget lacinia odio sem nec elit.<\\/h3>\",\"5\":[\"10\"],\"6\":\"Joaquin\",\"4\":[\"35\"],\"8\":\"\",\"9\":\"Brewmaster\",\"10\":\"Dublin\",\"7\":\"Hoop\"}}', '2017-12-13 19:04:47', '2017-12-13 19:04:47', '01d37d11-7bd5-460e-83bc-8c3c090d923b'),
 ('83', '60', '3', '1', 'en_gb', '3', '', '{\"typeId\":\"3\",\"authorId\":\"1\",\"title\":\"Jeraldine Mathers\",\"slug\":\"jeraldine-mathers\",\"postDate\":1513186080,\"expiryDate\":null,\"enabled\":1,\"parentId\":\"\",\"fields\":{\"1\":\"<h3>Fusce dapibus, tellus ac cursus commodo, tortor mauris condimentum nibh, ut fermentum massa justo sit amet risus. Vivamus sagittis lacus vel augue laoreet rutrum faucibus dolor auctor. Praesent commodo cursus magna, vel scelerisque nisl consectetur et. Donec id elit non mi porta gravida at eget metus. Duis mollis, est non commodo luctus, nisi erat porttitor ligula, eget lacinia odio sem nec elit.<\\/h3>\",\"5\":[\"10\"],\"6\":\"Jeraldine\",\"4\":[\"36\"],\"8\":\"\",\"9\":\"Interior Designer\",\"10\":\"Japan\",\"7\":\"Mathers\"}}', '2017-12-13 19:05:08', '2017-12-13 19:05:08', '0a867597-8218-46cc-be2d-e4e66d4713a8'),
 ('84', '61', '3', '1', 'en_gb', '2', '', '{\"typeId\":\"3\",\"authorId\":\"1\",\"title\":\"Georgene Goodspeed\",\"slug\":\"georgene-goodspeed\",\"postDate\":1513186140,\"expiryDate\":null,\"enabled\":1,\"parentId\":\"\",\"fields\":{\"1\":\"<h3>Fusce dapibus, tellus ac cursus commodo, tortor mauris condimentum nibh, ut fermentum massa justo sit amet risus. Vivamus sagittis lacus vel augue laoreet rutrum faucibus dolor auctor. Praesent commodo cursus magna, vel scelerisque nisl consectetur et. Donec id elit non mi porta gravida at eget metus. Duis mollis, est non commodo luctus, nisi erat porttitor ligula, eget lacinia odio sem nec elit.<\\/h3>\",\"5\":[\"10\"],\"6\":\"Georgene\",\"4\":[\"37\"],\"8\":\"\",\"9\":\"Director\",\"10\":\"Lisbon\",\"7\":\"Goodspeed\"}}', '2017-12-13 19:05:34', '2017-12-13 19:05:34', 'f00a30f6-24c2-4c1a-ae50-bd95f7b4b11a'),
 ('85', '62', '3', '1', 'en_gb', '3', '', '{\"typeId\":\"3\",\"authorId\":\"1\",\"title\":\"Charolette Wrede\",\"slug\":\"charolette-wrede\",\"postDate\":1513186200,\"expiryDate\":null,\"enabled\":1,\"parentId\":\"\",\"fields\":{\"1\":\"<h3>Fusce dapibus, tellus ac cursus commodo, tortor mauris condimentum nibh, ut fermentum massa justo sit amet risus. Vivamus sagittis lacus vel augue laoreet rutrum faucibus dolor auctor. Praesent commodo cursus magna, vel scelerisque nisl consectetur et. Donec id elit non mi porta gravida at eget metus. Duis mollis, est non commodo luctus, nisi erat porttitor ligula, eget lacinia odio sem nec elit.<\\/h3>\",\"5\":[\"10\"],\"6\":\"Charolette\",\"4\":[\"38\"],\"8\":\"\",\"9\":\"Game Designer\",\"10\":\"Paris\",\"7\":\"Wrede\"}}', '2017-12-13 19:06:09', '2017-12-13 19:06:09', 'd6db4ee2-e997-4faf-8fa0-02c03614fa97'),
 ('86', '63', '3', '1', 'en_gb', '2', '', '{\"typeId\":\"3\",\"authorId\":\"1\",\"title\":\"Jaimie Rafael\",\"slug\":\"jaimie-rafael\",\"postDate\":1513187520,\"expiryDate\":null,\"enabled\":1,\"parentId\":\"\",\"fields\":{\"1\":\"<h3>Fusce dapibus, tellus ac cursus commodo, tortor mauris condimentum nibh, ut fermentum massa justo sit amet risus. Vivamus sagittis lacus vel augue laoreet rutrum faucibus dolor auctor. Praesent commodo cursus magna, vel scelerisque nisl consectetur et. Donec id elit non mi porta gravida at eget metus. Duis mollis, est non commodo luctus, nisi erat porttitor ligula, eget lacinia odio sem nec elit.<\\/h3>\",\"5\":[\"10\"],\"6\":\"Jaimie\\u00a0\",\"4\":[\"39\"],\"8\":\"\",\"9\":\"Engineer\",\"10\":\"Melbourne\",\"7\":\"Rafael\"}}', '2017-12-13 19:06:39', '2017-12-13 19:06:39', 'a8d464c4-9b9b-49e7-a173-4041c24880a3'),
 ('87', '64', '3', '1', 'en_gb', '3', '', '{\"typeId\":\"3\",\"authorId\":\"1\",\"title\":\"Stephen Carnley\",\"slug\":\"stephen-carnley\",\"postDate\":1513187760,\"expiryDate\":null,\"enabled\":1,\"parentId\":\"\",\"fields\":{\"1\":\"<h3>Fusce dapibus, tellus ac cursus commodo, tortor mauris condimentum nibh, ut fermentum massa justo sit amet risus. Vivamus sagittis lacus vel augue laoreet rutrum faucibus dolor auctor. Praesent commodo cursus magna, vel scelerisque nisl consectetur et. Donec id elit non mi porta gravida at eget metus. Duis mollis, est non commodo luctus, nisi erat porttitor ligula, eget lacinia odio sem nec elit.<\\/h3>\",\"5\":[\"7\"],\"6\":\"Stephen\",\"4\":[\"40\"],\"8\":\"\",\"9\":\"Writer\",\"10\":\"Berlin\",\"7\":\"Carnley\"}}', '2017-12-13 19:06:55', '2017-12-13 19:06:55', 'be118a4c-e64b-4ad6-8f8c-d9397ed77065'),
 ('88', '65', '3', '1', 'en_gb', '3', '', '{\"typeId\":\"3\",\"authorId\":\"1\",\"title\":\"Janice Decamp\",\"slug\":\"janice-decamp\",\"postDate\":1513187820,\"expiryDate\":null,\"enabled\":1,\"parentId\":\"\",\"fields\":{\"1\":\"<h3>Fusce dapibus, tellus ac cursus commodo, tortor mauris condimentum nibh, ut fermentum massa justo sit amet risus. Vivamus sagittis lacus vel augue laoreet rutrum faucibus dolor auctor. Praesent commodo cursus magna, vel scelerisque nisl consectetur et. Donec id elit non mi porta gravida at eget metus. Duis mollis, est non commodo luctus, nisi erat porttitor ligula, eget lacinia odio sem nec elit.<\\/h3>\",\"5\":[\"7\"],\"6\":\"Janice\",\"4\":[\"41\"],\"8\":\"\",\"9\":\"Poet\",\"10\":\"Cork\",\"7\":\"Decamp\"}}', '2017-12-13 19:07:09', '2017-12-13 19:07:09', '8de2c71c-98bb-489b-baee-420d1fcd2dff'),
 ('89', '66', '3', '1', 'en_gb', '3', '', '{\"typeId\":\"3\",\"authorId\":\"1\",\"title\":\"Moises Ickes\",\"slug\":\"moises-ickes\",\"postDate\":1513187940,\"expiryDate\":null,\"enabled\":1,\"parentId\":\"\",\"fields\":{\"1\":\"<h3>Fusce dapibus, tellus ac cursus commodo, tortor mauris condimentum nibh, ut fermentum massa justo sit amet risus. Vivamus sagittis lacus vel augue laoreet rutrum faucibus dolor auctor. Praesent commodo cursus magna, vel scelerisque nisl consectetur et. Donec id elit non mi porta gravida at eget metus. Duis mollis, est non commodo luctus, nisi erat porttitor ligula, eget lacinia odio sem nec elit.<\\/h3>\",\"5\":[\"7\"],\"6\":\"Moises\",\"4\":[\"42\"],\"8\":\"\",\"9\":\"Drummer\",\"10\":\"Leeds\",\"7\":\"Ickes\"}}', '2017-12-13 19:07:24', '2017-12-13 19:07:24', '59123428-0115-4ecb-b285-380e907b5632'),
 ('90', '67', '3', '1', 'en_gb', '2', '', '{\"typeId\":\"3\",\"authorId\":\"1\",\"title\":\"Debi Wohlers \\u00a0\",\"slug\":\"debi-wohlers\",\"postDate\":1513188000,\"expiryDate\":null,\"enabled\":1,\"parentId\":\"\",\"fields\":{\"1\":\"<h3>Fusce dapibus, tellus ac cursus commodo, tortor mauris condimentum nibh, ut fermentum massa justo sit amet risus. Vivamus sagittis lacus vel augue laoreet rutrum faucibus dolor auctor. Praesent commodo cursus magna, vel scelerisque nisl consectetur et. Donec id elit non mi porta gravida at eget metus. Duis mollis, est non commodo luctus, nisi erat porttitor ligula, eget lacinia odio sem nec elit.<\\/h3>\",\"5\":[\"7\"],\"6\":\"Debi\",\"4\":[\"43\"],\"8\":\"\",\"9\":\"PR\",\"10\":\"Manchester\",\"7\":\"Wohlers\"}}', '2017-12-13 19:07:36', '2017-12-13 19:07:36', '9c8bb575-a315-4292-9e9d-643a641cfa99'),
 ('91', '68', '3', '1', 'en_gb', '2', '', '{\"typeId\":\"3\",\"authorId\":\"1\",\"title\":\"Jimmie Schor\",\"slug\":\"jimmie-schor\",\"postDate\":1513188060,\"expiryDate\":null,\"enabled\":1,\"parentId\":\"\",\"fields\":{\"1\":\"<h3>Fusce dapibus, tellus ac cursus commodo, tortor mauris condimentum nibh, ut fermentum massa justo sit amet risus. Vivamus sagittis lacus vel augue laoreet rutrum faucibus dolor auctor. Praesent commodo cursus magna, vel scelerisque nisl consectetur et. Donec id elit non mi porta gravida at eget metus. Duis mollis, est non commodo luctus, nisi erat porttitor ligula, eget lacinia odio sem nec elit.<\\/h3>\",\"5\":[\"7\"],\"6\":\"Jimmie\",\"4\":[\"44\"],\"8\":\"\",\"9\":\"Software Engineer\",\"10\":\"Lyon\",\"7\":\"Schor\"}}', '2017-12-13 19:08:08', '2017-12-13 19:08:08', 'e5120f5b-b930-4661-a60e-0e0ecbeec63f'),
 ('92', '69', '3', '1', 'en_gb', '2', '', '{\"typeId\":\"3\",\"authorId\":\"1\",\"title\":\"Hanna Harari\",\"slug\":\"hanna-harari\",\"postDate\":1513188300,\"expiryDate\":null,\"enabled\":1,\"parentId\":\"\",\"fields\":{\"1\":\"<h3>Fusce dapibus, tellus ac cursus commodo, tortor mauris condimentum nibh, ut fermentum massa justo sit amet risus. Vivamus sagittis lacus vel augue laoreet rutrum faucibus dolor auctor. Praesent commodo cursus magna, vel scelerisque nisl consectetur et. Donec id elit non mi porta gravida at eget metus. Duis mollis, est non commodo luctus, nisi erat porttitor ligula, eget lacinia odio sem nec elit.<\\/h3>\",\"5\":[\"7\"],\"6\":\"Hanna\",\"4\":[\"45\"],\"8\":\"\",\"9\":\"Student\",\"10\":\"Glasgow\",\"7\":\"Harari\"}}', '2017-12-13 19:08:23', '2017-12-13 19:08:23', '1d9d3993-d8f8-48d4-af9e-91a248acb128'),
 ('93', '20', '3', '1', 'en_gb', '4', '', '{\"typeId\":\"3\",\"authorId\":\"1\",\"title\":\"Felix Papalardi\",\"slug\":\"felix-papalardi\",\"postDate\":1512948300,\"expiryDate\":null,\"enabled\":1,\"parentId\":\"\",\"fields\":{\"1\":\"<h3>Fusce dapibus, tellus ac cursus commodo, tortor mauris condimentum nibh, ut fermentum massa justo sit amet risus. Vivamus sagittis lacus vel augue laoreet rutrum faucibus dolor auctor. Praesent commodo cursus magna, vel scelerisque nisl consectetur et. Donec id elit non mi porta gravida at eget metus. Duis mollis, est non commodo luctus, nisi erat porttitor ligula, eget lacinia odio sem nec elit.<\\/h3>\",\"5\":[\"6\"],\"6\":\"Felix\",\"4\":[\"28\"],\"8\":\"\",\"9\":\"Student\",\"10\":\"Newcastle\",\"7\":\"Papalardi\"}}', '2017-12-13 19:08:47', '2017-12-13 19:08:47', 'b70d7612-a4a0-43d4-9c87-9c39ab69995e'),
 ('94', '16', '3', '1', 'en_gb', '7', '', '{\"typeId\":\"3\",\"authorId\":\"1\",\"title\":\"Gareth Johns\",\"slug\":\"gareth-johns\",\"postDate\":1512947160,\"expiryDate\":null,\"enabled\":1,\"parentId\":\"\",\"fields\":{\"1\":\"<p>Vivamus sagittis lacus vel augue laoreet rutrum faucibus dolor auctor. Cum sociis natoque penatibus et magnis dis parturient montes, nascetur ridiculus mus. Fusce dapibus, tellus ac cursus commodo, tortor mauris condimentum nibh, ut fermentum massa justo sit amet risus. Donec id elit non mi porta gravida at eget metus.<\\/p>\",\"5\":[\"6\"],\"6\":\"Gareth\",\"4\":[\"29\"],\"8\":\"\",\"9\":\"Cool Guy\",\"10\":\"London\",\"7\":\"Johns\"}}', '2017-12-13 19:08:57', '2017-12-13 19:08:57', '285c332c-ba37-4227-b523-01a26fa94b77'),
 ('95', '19', '3', '1', 'en_gb', '4', '', '{\"typeId\":\"3\",\"authorId\":\"1\",\"title\":\"Olivia Smaghe\",\"slug\":\"olivia-smaghe\",\"postDate\":1512948300,\"expiryDate\":null,\"enabled\":1,\"parentId\":\"\",\"fields\":{\"1\":\"<p>Curabitur blandit tempus porttitor. Morbi leo risus, porta ac consectetur ac, vestibulum at eros. Vestibulum id ligula porta felis euismod semper. Morbi leo risus, porta ac consectetur ac, vestibulum at eros. Fusce dapibus, tellus ac cursus commodo, tortor mauris condimentum nibh, ut fermentum massa justo sit amet risus. Donec ullamcorper nulla non metus auctor fringilla.<\\/p>\",\"5\":[\"6\"],\"6\":\"Olivia\",\"4\":[\"30\"],\"8\":\"\",\"9\":\"Producer\",\"10\":\"London\",\"7\":\"Smaghe\"}}', '2017-12-13 19:09:16', '2017-12-13 19:09:16', '75ed4127-802b-497f-9bab-03b4c3e10cec'),
 ('96', '21', '3', '1', 'en_gb', '5', '', '{\"typeId\":\"3\",\"authorId\":\"1\",\"title\":\"Jenna Clapton\",\"slug\":\"jenna-clapton\",\"postDate\":1512948360,\"expiryDate\":null,\"enabled\":1,\"parentId\":\"\",\"fields\":{\"1\":\"<h3>Fusce dapibus, tellus ac cursus commodo, tortor mauris condimentum nibh, ut fermentum massa justo sit amet risus. Vivamus sagittis lacus vel augue laoreet rutrum faucibus dolor auctor. Praesent commodo cursus magna, vel scelerisque nisl consectetur et. Donec id elit non mi porta gravida at eget metus. Duis mollis, est non commodo luctus, nisi erat porttitor ligula, eget lacinia odio sem nec elit.<\\/h3>\",\"5\":[\"6\"],\"6\":\"Jenna\",\"4\":[\"31\"],\"8\":\"\",\"9\":\"Marketing\",\"10\":\"London\",\"7\":\"Clapton\"}}', '2017-12-13 19:09:28', '2017-12-13 19:09:28', 'ce9bde39-389e-4142-8727-5748070de326'),
 ('97', '19', '3', '1', 'en_gb', '5', '', '{\"typeId\":\"3\",\"authorId\":\"1\",\"title\":\"Olivia Smaghe\",\"slug\":\"olivia-smaghe\",\"postDate\":1512948300,\"expiryDate\":null,\"enabled\":1,\"parentId\":\"\",\"fields\":{\"1\":\"<h3>Fusce dapibus, tellus ac cursus commodo, tortor mauris condimentum nibh, ut fermentum massa justo sit amet risus. Vivamus sagittis lacus vel augue laoreet rutrum faucibus dolor auctor. Praesent commodo cursus magna, vel scelerisque nisl consectetur et. Donec id elit non mi porta gravida at eget metus. Duis mollis, est non commodo luctus, nisi erat porttitor ligula, eget lacinia odio sem nec elit.<\\/h3>\",\"5\":[\"6\"],\"6\":\"Olivia\",\"4\":[\"30\"],\"8\":\"\",\"9\":\"Producer\",\"10\":\"London\",\"7\":\"Smaghe\"}}', '2017-12-13 19:09:35', '2017-12-13 19:09:35', 'fae5b4ae-cd05-468f-bb11-70a04933001f'),
 ('98', '19', '3', '1', 'en_gb', '6', '', '{\"typeId\":\"3\",\"authorId\":\"1\",\"title\":\"Olivia Smaghe\",\"slug\":\"olivia-smaghe\",\"postDate\":1512948300,\"expiryDate\":null,\"enabled\":1,\"parentId\":\"\",\"fields\":{\"1\":\"<h3>Fusce dapibus, tellus ac cursus commodo, tortor mauris condimentum nibh, ut fermentum massa justo sit amet risus. Vivamus sagittis lacus vel augue laoreet rutrum faucibus dolor auctor. Praesent commodo cursus magna, vel scelerisque nisl consectetur et. Donec id elit non mi porta gravida at eget metus. Duis mollis, est non commodo luctus, nisi erat porttitor ligula, eget lacinia odio sem nec elit.<\\/h3>\",\"5\":[\"6\"],\"6\":\"Olivia\",\"4\":[\"30\"],\"8\":\"\",\"9\":\"Producer\",\"10\":\"London\",\"7\":\"Smaghe\"}}', '2017-12-13 19:09:53', '2017-12-13 19:09:53', '15fc2785-edad-4d9f-87d3-017aa910b79d'),
 ('99', '21', '3', '1', 'en_gb', '6', '', '{\"typeId\":\"3\",\"authorId\":\"1\",\"title\":\"Jenna Clapton\",\"slug\":\"jenna-clapton\",\"postDate\":1512948360,\"expiryDate\":null,\"enabled\":1,\"parentId\":\"\",\"fields\":{\"1\":\"<h3>Fusce dapibus, tellus ac cursus commodo, tortor mauris condimentum nibh, ut fermentum massa justo sit amet risus. Vivamus sagittis lacus vel augue laoreet rutrum faucibus dolor auctor. Praesent commodo cursus magna, vel scelerisque nisl consectetur et. Donec id elit non mi porta gravida at eget metus. Duis mollis, est non commodo luctus, nisi erat porttitor ligula, eget lacinia odio sem nec elit.<\\/h3>\",\"5\":[\"6\"],\"6\":\"Jenna\",\"4\":[\"31\"],\"8\":\"\",\"9\":\"Marketing\",\"10\":\"London\",\"7\":\"Clapton\"}}', '2017-12-13 19:09:58', '2017-12-13 19:09:58', '8d09513d-144d-48d7-be34-d99bcdcd936d'),
 ('100', '22', '3', '1', 'en_gb', '5', '', '{\"typeId\":\"3\",\"authorId\":\"1\",\"title\":\"Jaykee the Magician\",\"slug\":\"jaykee-the-magician\",\"postDate\":1512948360,\"expiryDate\":null,\"enabled\":1,\"parentId\":\"\",\"fields\":{\"1\":\"<h3>Fusce dapibus, tellus ac cursus commodo, tortor mauris condimentum nibh, ut fermentum massa justo sit amet risus. Vivamus sagittis lacus vel augue laoreet rutrum faucibus dolor auctor. Praesent commodo cursus magna, vel scelerisque nisl consectetur et. Donec id elit non mi porta gravida at eget metus. Duis mollis, est non commodo luctus, nisi erat porttitor ligula, eget lacinia odio sem nec elit.<\\/h3>\",\"5\":[\"6\"],\"6\":\"Jaykee\",\"4\":[\"32\"],\"8\":\"\",\"9\":\"Guitarist\",\"10\":\"Slough\",\"7\":\"The Magician\"}}', '2017-12-13 19:10:23', '2017-12-13 19:10:23', '1f844e41-27a8-4e1f-a8b3-136b10d313c8'),
 ('101', '23', '3', '1', 'en_gb', '6', '', '{\"typeId\":\"3\",\"authorId\":\"1\",\"title\":\"Micheal Vonck\",\"slug\":\"micheal-vonck\",\"postDate\":1512948360,\"expiryDate\":null,\"enabled\":1,\"parentId\":\"\",\"fields\":{\"1\":\"<h3>Fusce dapibus, tellus ac cursus commodo, tortor mauris condimentum nibh, ut fermentum massa justo sit amet risus. Vivamus sagittis lacus vel augue laoreet rutrum faucibus dolor auctor. Praesent commodo cursus magna, vel scelerisque nisl consectetur et. Donec id elit non mi porta gravida at eget metus. Duis mollis, est non commodo luctus, nisi erat porttitor ligula, eget lacinia odio sem nec elit.<\\/h3>\",\"5\":[\"6\"],\"6\":\"Micheal\",\"4\":[\"33\"],\"8\":\"\",\"9\":\"Developer\",\"10\":\"New York\",\"7\":\"Vonck\"}}', '2017-12-13 19:10:39', '2017-12-13 19:10:39', '0b4e0e7a-5d0b-4fdc-a03b-18dee475342d'),
 ('102', '70', '3', '1', 'en_gb', '2', '', '{\"typeId\":\"3\",\"authorId\":\"1\",\"title\":\"Bernardine Mynatt\",\"slug\":\"bernardine-mynatt\",\"postDate\":1513189020,\"expiryDate\":null,\"enabled\":1,\"parentId\":\"\",\"fields\":{\"1\":\"<h3>Fusce dapibus, tellus ac cursus commodo, tortor mauris condimentum nibh, ut fermentum massa justo sit amet risus. Vivamus sagittis lacus vel augue laoreet rutrum faucibus dolor auctor. Praesent commodo cursus magna, vel scelerisque nisl consectetur et. Donec id elit non mi porta gravida at eget metus. Duis mollis, est non commodo luctus, nisi erat porttitor ligula, eget lacinia odio sem nec elit.<\\/h3>\",\"5\":[\"9\"],\"6\":\"Bernardine\",\"4\":[\"46\"],\"8\":\"\",\"9\":\"Dancer\",\"10\":\"LA\",\"7\":\"Mynatt\"}}', '2017-12-13 19:10:58', '2017-12-13 19:10:58', '104f5de6-a41b-47ff-92cb-10bd462ccbff'),
 ('103', '22', '3', '1', 'en_gb', '6', '', '{\"typeId\":\"3\",\"authorId\":\"1\",\"title\":\"Jaykee Magician\",\"slug\":\"jaykee-the-magician\",\"postDate\":1512948360,\"expiryDate\":null,\"enabled\":1,\"parentId\":\"\",\"fields\":{\"1\":\"<h3>Fusce dapibus, tellus ac cursus commodo, tortor mauris condimentum nibh, ut fermentum massa justo sit amet risus. Vivamus sagittis lacus vel augue laoreet rutrum faucibus dolor auctor. Praesent commodo cursus magna, vel scelerisque nisl consectetur et. Donec id elit non mi porta gravida at eget metus. Duis mollis, est non commodo luctus, nisi erat porttitor ligula, eget lacinia odio sem nec elit.<\\/h3>\",\"5\":[\"6\"],\"6\":\"Jaykee\",\"4\":[\"32\"],\"8\":\"\",\"9\":\"Guitarist\",\"10\":\"Slough\",\"7\":\"Magician\"}}', '2017-12-13 19:35:18', '2017-12-13 19:35:18', '4fd27c11-3315-4e40-af39-44189132511d'),
 ('104', '17', '3', '1', 'en_gb', '10', '', '{\"typeId\":\"3\",\"authorId\":\"1\",\"title\":\"Chloe Walshingam\",\"slug\":\"chloe-walshingam\",\"postDate\":1512947460,\"expiryDate\":null,\"enabled\":1,\"parentId\":\"\",\"fields\":{\"1\":\"<h3>Lorem ipsum dolor sit amet, consetetur sadipscing elitr, sed diam nonumy eirmod tempor invidunt ut labore.<\\/h3>\",\"5\":[\"10\"],\"6\":\"Chloe\",\"4\":[\"34\"],\"8\":\"\",\"9\":\"Designer\",\"10\":\"London\",\"7\":\"Walshingam\"}}', '2017-12-13 19:36:10', '2017-12-13 19:36:10', '1fea9997-8873-4c5f-806b-55eb86f7ca2b');
INSERT INTO `craft_entryversions` (`id`, `entryId`, `sectionId`, `creatorId`, `locale`, `num`, `notes`, `data`, `dateCreated`, `dateUpdated`, `uid`) VALUES
 ('105', '59', '3', '1', 'en_gb', '4', '', '{\"typeId\":\"3\",\"authorId\":\"1\",\"title\":\"Joaquin Hoop\",\"slug\":\"joaquin-hoop\",\"postDate\":1513186020,\"expiryDate\":null,\"enabled\":1,\"parentId\":\"\",\"fields\":{\"1\":\"<h3>Lorem ipsum dolor sit amet, consetetur sadipscing elitr, sed diam nonumy eirmod tempor invidunt ut labore.<\\/h3>\",\"5\":[\"10\"],\"6\":\"Joaquin\",\"4\":[\"35\"],\"8\":\"\",\"9\":\"Brewmaster\",\"10\":\"Dublin\",\"7\":\"Hoop\"}}', '2017-12-13 19:36:15', '2017-12-13 19:36:15', 'e6d5de63-9915-4eff-9a93-986d988a4e04'),
 ('106', '60', '3', '1', 'en_gb', '4', '', '{\"typeId\":\"3\",\"authorId\":\"1\",\"title\":\"Jeraldine Mathers\",\"slug\":\"jeraldine-mathers\",\"postDate\":1513186080,\"expiryDate\":null,\"enabled\":1,\"parentId\":\"\",\"fields\":{\"1\":\"<h3>Lorem ipsum dolor sit amet, consetetur sadipscing elitr, sed diam nonumy eirmod tempor invidunt ut labore.<\\/h3>\",\"5\":[\"10\"],\"6\":\"Jeraldine\",\"4\":[\"36\"],\"8\":\"\",\"9\":\"Interior Designer\",\"10\":\"Japan\",\"7\":\"Mathers\"}}', '2017-12-13 19:36:20', '2017-12-13 19:36:20', '7ba78c13-cbdd-4b21-80de-e0bdd4a23980'),
 ('107', '61', '3', '1', 'en_gb', '3', '', '{\"typeId\":\"3\",\"authorId\":\"1\",\"title\":\"Georgene Goodspeed\",\"slug\":\"georgene-goodspeed\",\"postDate\":1513186140,\"expiryDate\":null,\"enabled\":1,\"parentId\":\"\",\"fields\":{\"1\":\"<h3>Lorem ipsum dolor sit amet, consetetur sadipscing elitr, sed diam nonumy eirmod tempor invidunt ut labore.<\\/h3>\",\"5\":[\"10\"],\"6\":\"Georgene\",\"4\":[\"37\"],\"8\":\"\",\"9\":\"Director\",\"10\":\"Lisbon\",\"7\":\"Goodspeed\"}}', '2017-12-13 19:36:25', '2017-12-13 19:36:25', '9ff3c2a6-a49d-4b5e-bd1e-3ba7664eef84'),
 ('108', '62', '3', '1', 'en_gb', '4', '', '{\"typeId\":\"3\",\"authorId\":\"1\",\"title\":\"Charolette Wrede\",\"slug\":\"charolette-wrede\",\"postDate\":1513186200,\"expiryDate\":null,\"enabled\":1,\"parentId\":\"\",\"fields\":{\"1\":\"<h3>Lorem ipsum dolor sit amet, consetetur sadipscing elitr, sed diam nonumy eirmod tempor invidunt ut labore.<\\/h3>\",\"5\":[\"10\"],\"6\":\"Charolette\",\"4\":[\"38\"],\"8\":\"\",\"9\":\"Game Designer\",\"10\":\"Paris\",\"7\":\"Wrede\"}}', '2017-12-13 19:36:30', '2017-12-13 19:36:30', '3b65aaa5-c4df-4434-8ffe-49313b1bc33c'),
 ('109', '63', '3', '1', 'en_gb', '3', '', '{\"typeId\":\"3\",\"authorId\":\"1\",\"title\":\"Jaimie Rafael\",\"slug\":\"jaimie-rafael\",\"postDate\":1513187520,\"expiryDate\":null,\"enabled\":1,\"parentId\":\"\",\"fields\":{\"1\":\"<h3>Lorem ipsum dolor sit amet, consetetur sadipscing elitr, sed diam nonumy eirmod tempor invidunt ut labore.<\\/h3>\",\"5\":[\"10\"],\"6\":\"Jaimie\\u00a0\",\"4\":[\"39\"],\"8\":\"\",\"9\":\"Engineer\",\"10\":\"Melbourne\",\"7\":\"Rafael\"}}', '2017-12-13 19:36:35', '2017-12-13 19:36:35', '37498317-f94d-4e9d-bf0e-dc990dfabb58'),
 ('110', '64', '3', '1', 'en_gb', '4', '', '{\"typeId\":\"3\",\"authorId\":\"1\",\"title\":\"Stephen Carnley\",\"slug\":\"stephen-carnley\",\"postDate\":1513187760,\"expiryDate\":null,\"enabled\":1,\"parentId\":\"\",\"fields\":{\"1\":\"<h3>Lorem ipsum dolor sit amet, consetetur sadipscing elitr, sed diam nonumy eirmod tempor invidunt ut labore.<\\/h3>\",\"5\":[\"7\"],\"6\":\"Stephen\",\"4\":[\"40\"],\"8\":\"\",\"9\":\"Writer\",\"10\":\"Berlin\",\"7\":\"Carnley\"}}', '2017-12-13 19:36:45', '2017-12-13 19:36:45', '7578c205-bf38-48dc-be2e-cb350fd32999'),
 ('111', '65', '3', '1', 'en_gb', '4', '', '{\"typeId\":\"3\",\"authorId\":\"1\",\"title\":\"Janice Decamp\",\"slug\":\"janice-decamp\",\"postDate\":1513187820,\"expiryDate\":null,\"enabled\":1,\"parentId\":\"\",\"fields\":{\"1\":\"<h3>Lorem ipsum dolor sit amet, consetetur sadipscing elitr, sed diam nonumy eirmod tempor invidunt ut labore.<\\/h3>\",\"5\":[\"7\"],\"6\":\"Janice\",\"4\":[\"41\"],\"8\":\"\",\"9\":\"Poet\",\"10\":\"Cork\",\"7\":\"Decamp\"}}', '2017-12-13 19:36:50', '2017-12-13 19:36:50', 'acab00e1-7a7b-43af-b796-8cd33ceed596'),
 ('112', '66', '3', '1', 'en_gb', '4', '', '{\"typeId\":\"3\",\"authorId\":\"1\",\"title\":\"Moises Ickes\",\"slug\":\"moises-ickes\",\"postDate\":1513187940,\"expiryDate\":null,\"enabled\":1,\"parentId\":\"\",\"fields\":{\"1\":\"<h3>Lorem ipsum dolor sit amet, consetetur sadipscing elitr, sed diam nonumy eirmod tempor invidunt ut labore.<\\/h3>\",\"5\":[\"7\"],\"6\":\"Moises\",\"4\":[\"42\"],\"8\":\"\",\"9\":\"Drummer\",\"10\":\"Leeds\",\"7\":\"Ickes\"}}', '2017-12-13 19:36:55', '2017-12-13 19:36:55', 'f2f0ce99-b878-40a8-99b8-aa9fec705250'),
 ('113', '67', '3', '1', 'en_gb', '3', '', '{\"typeId\":\"3\",\"authorId\":\"1\",\"title\":\"Debi Wohlers \\u00a0\",\"slug\":\"debi-wohlers\",\"postDate\":1513188000,\"expiryDate\":null,\"enabled\":1,\"parentId\":\"\",\"fields\":{\"1\":\"<h3>Lorem ipsum dolor sit amet, consetetur sadipscing elitr, sed diam nonumy eirmod tempor invidunt ut labore.<\\/h3>\",\"5\":[\"7\"],\"6\":\"Debi\",\"4\":[\"43\"],\"8\":\"\",\"9\":\"PR\",\"10\":\"Manchester\",\"7\":\"Wohlers\"}}', '2017-12-13 19:37:00', '2017-12-13 19:37:00', 'b05a7198-d046-46d5-a0e8-4dca52765273'),
 ('114', '68', '3', '1', 'en_gb', '3', '', '{\"typeId\":\"3\",\"authorId\":\"1\",\"title\":\"Jimmie Schor\",\"slug\":\"jimmie-schor\",\"postDate\":1513188060,\"expiryDate\":null,\"enabled\":1,\"parentId\":\"\",\"fields\":{\"1\":\"<h3>Lorem ipsum dolor sit amet, consetetur sadipscing elitr, sed diam nonumy eirmod tempor invidunt ut labore.<\\/h3>\",\"5\":[\"7\"],\"6\":\"Jimmie\",\"4\":[\"44\"],\"8\":\"\",\"9\":\"Software Engineer\",\"10\":\"Lyon\",\"7\":\"Schor\"}}', '2017-12-13 19:37:12', '2017-12-13 19:37:12', '26a771db-a0fa-4fdb-a545-29a6cacc9223'),
 ('115', '69', '3', '1', 'en_gb', '3', '', '{\"typeId\":\"3\",\"authorId\":\"1\",\"title\":\"Hanna Harari\",\"slug\":\"hanna-harari\",\"postDate\":1513188300,\"expiryDate\":null,\"enabled\":1,\"parentId\":\"\",\"fields\":{\"1\":\"<h3>Lorem ipsum dolor sit amet, consetetur sadipscing elitr, sed diam nonumy eirmod tempor invidunt ut labore.<\\/h3>\",\"5\":[\"7\"],\"6\":\"Hanna\",\"4\":[\"45\"],\"8\":\"\",\"9\":\"Student\",\"10\":\"Glasgow\",\"7\":\"Harari\"}}', '2017-12-13 19:37:17', '2017-12-13 19:37:17', 'c7b8bbc4-fd7d-49f5-8bd2-ceebb510c48b'),
 ('116', '20', '3', '1', 'en_gb', '5', '', '{\"typeId\":\"3\",\"authorId\":\"1\",\"title\":\"Felix Papalardi\",\"slug\":\"felix-papalardi\",\"postDate\":1512948300,\"expiryDate\":null,\"enabled\":1,\"parentId\":\"\",\"fields\":{\"1\":\"<h3>Lorem ipsum dolor sit amet, consetetur sadipscing elitr, sed diam nonumy eirmod tempor invidunt ut labore.<\\/h3>\",\"5\":[\"6\"],\"6\":\"Felix\",\"4\":[\"28\"],\"8\":\"\",\"9\":\"Student\",\"10\":\"Newcastle\",\"7\":\"Papalardi\"}}', '2017-12-13 19:37:21', '2017-12-13 19:37:21', '029d4d87-25b8-4680-b429-ce175d77b66f'),
 ('117', '16', '3', '1', 'en_gb', '8', '', '{\"typeId\":\"3\",\"authorId\":\"1\",\"title\":\"Gareth Johns\",\"slug\":\"gareth-johns\",\"postDate\":1512947160,\"expiryDate\":null,\"enabled\":1,\"parentId\":\"\",\"fields\":{\"1\":\"<p>Lorem ipsum dolor sit amet, consetetur sadipscing elitr, sed diam nonumy eirmod tempor invidunt ut labore.<\\/p>\",\"5\":[\"6\"],\"6\":\"Gareth\",\"4\":[\"29\"],\"8\":\"\",\"9\":\"Cool Guy\",\"10\":\"London\",\"7\":\"Johns\"}}', '2017-12-13 19:37:27', '2017-12-13 19:37:27', 'b9eaa337-84f7-4907-92d7-c863466be169'),
 ('118', '19', '3', '1', 'en_gb', '7', '', '{\"typeId\":\"3\",\"authorId\":\"1\",\"title\":\"Olivia Smaghe\",\"slug\":\"olivia-smaghe\",\"postDate\":1512948300,\"expiryDate\":null,\"enabled\":1,\"parentId\":\"\",\"fields\":{\"1\":\"<h3>Lorem ipsum dolor sit amet, consetetur sadipscing elitr, sed diam nonumy eirmod tempor invidunt ut labore.<\\/h3>\",\"5\":[\"6\"],\"6\":\"Olivia\",\"4\":[\"30\"],\"8\":\"\",\"9\":\"Producer\",\"10\":\"London\",\"7\":\"Smaghe\"}}', '2017-12-13 19:37:32', '2017-12-13 19:37:32', 'e65e7546-95f5-44be-8d87-86215f7d7ff2'),
 ('119', '21', '3', '1', 'en_gb', '7', '', '{\"typeId\":\"3\",\"authorId\":\"1\",\"title\":\"Jenna Clapton\",\"slug\":\"jenna-clapton\",\"postDate\":1512948360,\"expiryDate\":null,\"enabled\":1,\"parentId\":\"\",\"fields\":{\"1\":\"<h3>Lorem ipsum dolor sit amet, consetetur sadipscing elitr, sed diam nonumy eirmod tempor invidunt ut labore.<\\/h3>\",\"5\":[\"6\"],\"6\":\"Jenna\",\"4\":[\"31\"],\"8\":\"\",\"9\":\"Marketing\",\"10\":\"London\",\"7\":\"Clapton\"}}', '2017-12-13 19:37:37', '2017-12-13 19:37:37', 'f0f9e749-2807-47b7-a262-e5e4b4d5741b'),
 ('120', '22', '3', '1', 'en_gb', '7', '', '{\"typeId\":\"3\",\"authorId\":\"1\",\"title\":\"Jaykee Magician\",\"slug\":\"jaykee-the-magician\",\"postDate\":1512948360,\"expiryDate\":null,\"enabled\":1,\"parentId\":\"\",\"fields\":{\"1\":\"<h3>Lorem ipsum dolor sit amet, consetetur sadipscing elitr, sed diam nonumy eirmod tempor invidunt ut labore.<\\/h3>\",\"5\":[\"6\"],\"6\":\"Jaykee\",\"4\":[\"32\"],\"8\":\"\",\"9\":\"Guitarist\",\"10\":\"Slough\",\"7\":\"Magician\"}}', '2017-12-13 19:37:42', '2017-12-13 19:37:42', 'd9ebee8d-f1f1-4a6d-91b0-93e1f326ddf0'),
 ('121', '23', '3', '1', 'en_gb', '7', '', '{\"typeId\":\"3\",\"authorId\":\"1\",\"title\":\"Micheal Vonck\",\"slug\":\"micheal-vonck\",\"postDate\":1512948360,\"expiryDate\":null,\"enabled\":1,\"parentId\":\"\",\"fields\":{\"1\":\"<h3>Lorem ipsum dolor sit amet, consetetur sadipscing elitr, sed diam nonumy eirmod tempor invidunt ut labore.<\\/h3>\",\"5\":[\"6\"],\"6\":\"Micheal\",\"4\":[\"33\"],\"8\":\"\",\"9\":\"Developer\",\"10\":\"New York\",\"7\":\"Vonck\"}}', '2017-12-13 19:37:46', '2017-12-13 19:37:46', '2464d422-9db6-4a6e-85ac-45d80636c50a'),
 ('122', '70', '3', '1', 'en_gb', '3', '', '{\"typeId\":\"3\",\"authorId\":\"1\",\"title\":\"Bernardine Mynatt\",\"slug\":\"bernardine-mynatt\",\"postDate\":1513189020,\"expiryDate\":null,\"enabled\":1,\"parentId\":\"\",\"fields\":{\"1\":\"<h3>Lorem ipsum dolor sit amet, consetetur sadipscing elitr, sed diam nonumy eirmod tempor invidunt ut labore.<\\/h3>\",\"5\":[\"9\"],\"6\":\"Bernardine\",\"4\":[\"46\"],\"8\":\"\",\"9\":\"Dancer\",\"10\":\"LA\",\"7\":\"Mynatt\"}}', '2017-12-13 19:37:51', '2017-12-13 19:37:51', 'eee1d968-c09e-4971-bfb8-481b82f599f1'),
 ('123', '71', '3', '1', 'en_gb', '3', '', '{\"typeId\":\"3\",\"authorId\":\"1\",\"title\":\"Isreal Hendon\",\"slug\":\"isreal-hendon\",\"postDate\":1513189020,\"expiryDate\":null,\"enabled\":1,\"parentId\":\"\",\"fields\":{\"1\":\"<h3>Lorem ipsum dolor sit amet, consetetur sadipscing elitr, sed diam nonumy eirmod tempor invidunt ut labore.<\\/h3>\",\"5\":[\"9\"],\"6\":\"Isreal\",\"4\":[\"47\"],\"8\":\"\",\"9\":\"\",\"10\":\"\",\"7\":\"Hendon\"}}', '2017-12-13 19:38:02', '2017-12-13 19:38:02', '1de61c95-357f-419a-9c6f-ab59afef97a6'),
 ('124', '72', '3', '1', 'en_gb', '3', '', '{\"typeId\":\"3\",\"authorId\":\"1\",\"title\":\"Nicki Niemi\",\"slug\":\"nicki-niemi\",\"postDate\":1513189080,\"expiryDate\":null,\"enabled\":1,\"parentId\":\"\",\"fields\":{\"1\":\"<h3>Lorem ipsum dolor sit amet, consetetur sadipscing elitr, sed diam nonumy eirmod tempor invidunt ut labore.<\\/h3>\",\"5\":[\"9\"],\"6\":\"Nicki\",\"4\":[\"48\"],\"8\":\"\",\"9\":\"\",\"10\":\"\",\"7\":\"Niemi\"}}', '2017-12-13 19:38:14', '2017-12-13 19:38:14', '75bdded9-54fd-4f97-a89a-4591ed2c0333'),
 ('125', '73', '3', '1', 'en_gb', '2', '', '{\"typeId\":\"3\",\"authorId\":\"1\",\"title\":\"Mikel Keating\",\"slug\":\"mikel-keating\",\"postDate\":1513189260,\"expiryDate\":null,\"enabled\":1,\"parentId\":\"\",\"fields\":{\"1\":\"<h3>Lorem ipsum dolor sit amet, consetetur sadipscing elitr, sed diam nonumy eirmod tempor invidunt ut labore.<\\/h3>\",\"5\":[\"9\"],\"6\":\"Mikel\",\"4\":[\"49\"],\"8\":\"\",\"9\":\"\",\"10\":\"\",\"7\":\"Keating\"}}', '2017-12-13 19:38:23', '2017-12-13 19:38:23', '0dfd2a74-0c67-470b-b9b3-09d8b11e1767'),
 ('126', '16', '3', '1', 'en_gb', '9', '', '{\"typeId\":\"3\",\"authorId\":\"1\",\"title\":\"Gareth Johns\",\"slug\":\"gareth-johns\",\"postDate\":1512947160,\"expiryDate\":null,\"enabled\":1,\"parentId\":\"\",\"fields\":{\"1\":\"<h3>Lorem ipsum dolor sit amet, consetetur sadipscing elitr, sed diam nonumy eirmod tempor invidunt ut labore.<\\/h3>\",\"5\":[\"6\"],\"6\":\"Gareth\",\"4\":[\"29\"],\"8\":\"\",\"9\":\"Cool Guy\",\"10\":\"London\",\"7\":\"Johns\"}}', '2017-12-13 20:02:11', '2017-12-13 20:02:11', '5137c07b-a1d3-4fb7-9542-2fe752300d5b'),
 ('127', '17', '3', '1', 'en_gb', '11', '', '{\"typeId\":\"3\",\"authorId\":\"1\",\"title\":\"Chloe Walshingam\",\"slug\":\"chloe-walshingam\",\"postDate\":1512947460,\"expiryDate\":null,\"enabled\":1,\"parentId\":\"\",\"fields\":{\"13\":{\"new1\":{\"type\":\"text\",\"enabled\":\"1\",\"fields\":{\"text\":\"<p>Lorem ipsum dolor sit amet, consectetuer adipiscing elit. Aenean commodo ligula eget dolor. Aenean massa. Cum sociis natoque penatibus et magnis dis parturient montes, nascetur ridiculus mus. Donec quam felis, ultricies nec, pellentesque eu, pretium quis, sem. Nulla consequat massa quis enim. Donec pede justo, fringilla vel, aliquet nec, vulputate eget, arcu.<\\/p>\",\"position\":\"left\"}}},\"1\":\"<h3>Lorem ipsum dolor sit amet, consetetur sadipscing elitr, sed diam nonumy eirmod tempor invidunt ut labore.<\\/h3>\",\"5\":[\"10\"],\"6\":\"Chloe\",\"4\":[\"34\"],\"8\":\"\",\"9\":\"Designer\",\"10\":\"London\",\"7\":\"Walshingam\"}}', '2017-12-13 20:25:34', '2017-12-13 20:25:34', 'f4c16a28-1e94-4567-933a-0b82df02a1e4'),
 ('128', '17', '3', '1', 'en_gb', '12', '', '{\"typeId\":\"3\",\"authorId\":\"1\",\"title\":\"Chloe Walshingam\",\"slug\":\"chloe-walshingam\",\"postDate\":1512947460,\"expiryDate\":null,\"enabled\":1,\"parentId\":\"\",\"fields\":{\"13\":{\"new1\":{\"type\":\"image\",\"enabled\":\"1\",\"fields\":{\"image\":[\"24\"],\"position\":\"full\"}},\"84\":{\"type\":\"text\",\"enabled\":\"1\",\"fields\":{\"text\":\"<p>Lorem ipsum dolor sit amet, consectetuer adipiscing elit. Aenean commodo ligula eget dolor. Aenean massa. Cum sociis natoque penatibus et magnis dis parturient montes, nascetur ridiculus mus. Donec quam felis, ultricies nec, pellentesque eu, pretium quis, sem. Nulla consequat massa quis enim. Donec pede justo, fringilla vel, aliquet nec, vulputate eget, arcu.<\\/p>\",\"position\":\"left\"}},\"new2\":{\"type\":\"pullQuote\",\"enabled\":\"1\",\"fields\":{\"pullQuote\":\"Lorem ipsum dolor sit amet, consetetur sadipscing elitr, sed diam nonumy eirmod tempor invidunt ut labore et dolore magna aliquyam erat, sed diam voluptua. \",\"position\":\"left\"}},\"new3\":{\"type\":\"image\",\"enabled\":\"1\",\"fields\":{\"image\":[\"24\"],\"position\":\"right\"}},\"new4\":{\"type\":\"text\",\"enabled\":\"1\",\"fields\":{\"text\":\"<p>Phasellus viverra nulla ut metus varius laoreet. Quisque rutrum. Aenean imperdiet. Etiam ultricies nisi vel augue. Curabitur ullamcorper ultricies nisi. Nam eget dui. Etiam rhoncus. Maecenas tempus, tellus eget condimentum rhoncus, sem quam semper libero, sit amet adipiscing sem neque sed ipsum. Nam quam nunc, blandit vel, luctus pulvinar, hendrerit id, lorem. Maecenas nec odio et ante tincidunt tempus. Donec vitae sapien ut libero venenatis faucibus. Nullam quis ante. Etiam sit amet orci eget eros faucibus tincidunt. Duis leo. Sed fringilla mauris sit amet nibh. Donec sodales sagittis magna. Sed consequat, leo eget bibendum sodales, augue velit cursus nunc, quis gravida magna mi a libero. Fusce vulputate eleifend sapien. Vestibulum purus quam, scelerisque ut, mollis sed, nonummy id, metus. Nullam accumsan lorem in dui. Cras ultricies mi eu turpis hendrerit fringilla. Vestibulum ante ipsum primis in faucibus orci luctus et ultrices posuere cubilia Curae; In ac dui quis mi consectetuer lacinia. Nam pretium turpis et arcu. Duis arcu tortor, suscipit eget, imperdiet nec, imperdiet iaculis, ipsum. Sed aliquam ultrices mauris.<\\/p>\",\"position\":\"left\"}},\"new5\":{\"type\":\"image\",\"enabled\":\"1\",\"fields\":{\"image\":[\"24\"],\"position\":\"full\"}}},\"1\":\"<h3>Lorem ipsum dolor sit amet, consetetur sadipscing elitr, sed diam nonumy eirmod tempor invidunt ut labore.<\\/h3>\",\"5\":[\"10\"],\"6\":\"Chloe\",\"4\":[\"34\"],\"8\":\"\",\"9\":\"Designer\",\"10\":\"London\",\"7\":\"Walshingam\"}}', '2017-12-13 20:38:07', '2017-12-13 20:38:07', '80bab677-1089-4c88-97bc-817d29601f4d'),
 ('129', '17', '3', '1', 'en_gb', '13', '', '{\"typeId\":\"3\",\"authorId\":\"1\",\"title\":\"Chloe Walshingam\",\"slug\":\"chloe-walshingam\",\"postDate\":1512947460,\"expiryDate\":null,\"enabled\":1,\"parentId\":\"\",\"fields\":{\"13\":{\"85\":{\"type\":\"image\",\"enabled\":\"1\",\"fields\":{\"image\":[\"34\"],\"position\":\"full\"}},\"84\":{\"type\":\"text\",\"enabled\":\"1\",\"fields\":{\"text\":\"<p>Lorem ipsum dolor sit amet, consectetuer adipiscing elit. Aenean commodo ligula eget dolor. Aenean massa. Cum sociis natoque penatibus et magnis dis parturient montes, nascetur ridiculus mus. Donec quam felis, ultricies nec, pellentesque eu, pretium quis, sem. Nulla consequat massa quis enim. Donec pede justo, fringilla vel, aliquet nec, vulputate eget, arcu.<\\/p>\",\"position\":\"left\"}},\"86\":{\"type\":\"pullQuote\",\"enabled\":\"1\",\"fields\":{\"pullQuote\":\"Lorem ipsum dolor sit amet, consetetur sadipscing elitr, sed diam nonumy eirmod tempor invidunt ut labore et dolore magna aliquyam erat, sed diam voluptua. \",\"position\":\"left\"}},\"87\":{\"type\":\"image\",\"enabled\":\"1\",\"fields\":{\"image\":[\"24\"],\"position\":\"right\"}},\"88\":{\"type\":\"text\",\"enabled\":\"1\",\"fields\":{\"text\":\"<p>Phasellus viverra nulla ut metus varius laoreet. Quisque rutrum. Aenean imperdiet. Etiam ultricies nisi vel augue. Curabitur ullamcorper ultricies nisi. Nam eget dui. Etiam rhoncus. Maecenas tempus, tellus eget condimentum rhoncus, sem quam semper libero, sit amet adipiscing sem neque sed ipsum. Nam quam nunc, blandit vel, luctus pulvinar, hendrerit id, lorem. Maecenas nec odio et ante tincidunt tempus. Donec vitae sapien ut libero venenatis faucibus. Nullam quis ante. Etiam sit amet orci eget eros faucibus tincidunt. Duis leo. Sed fringilla mauris sit amet nibh. Donec sodales sagittis magna. Sed consequat, leo eget bibendum sodales, augue velit cursus nunc, quis gravida magna mi a libero. Fusce vulputate eleifend sapien. Vestibulum purus quam, scelerisque ut, mollis sed, nonummy id, metus. Nullam accumsan lorem in dui. Cras ultricies mi eu turpis hendrerit fringilla. Vestibulum ante ipsum primis in faucibus orci luctus et ultrices posuere cubilia Curae; In ac dui quis mi consectetuer lacinia. Nam pretium turpis et arcu. Duis arcu tortor, suscipit eget, imperdiet nec, imperdiet iaculis, ipsum. Sed aliquam ultrices mauris.<\\/p>\",\"position\":\"left\"}},\"89\":{\"type\":\"image\",\"enabled\":\"1\",\"fields\":{\"image\":[\"24\"],\"position\":\"full\"}}},\"1\":\"<h3>Lorem ipsum dolor sit amet, consetetur sadipscing elitr, sed diam nonumy eirmod tempor invidunt ut labore.<\\/h3>\",\"5\":[\"10\"],\"6\":\"Chloe\",\"4\":[\"34\"],\"8\":\"\",\"9\":\"Designer\",\"10\":\"London\",\"7\":\"Walshingam\"}}', '2017-12-13 21:05:59', '2017-12-13 21:05:59', 'a6606ebc-5fa7-43db-8241-7270d6757a3a'),
 ('130', '17', '3', '1', 'en_gb', '14', '', '{\"typeId\":\"3\",\"authorId\":\"1\",\"title\":\"Chloe Walshingam\",\"slug\":\"chloe-walshingam\",\"postDate\":1512947460,\"expiryDate\":null,\"enabled\":1,\"parentId\":\"\",\"fields\":{\"13\":{\"new1\":{\"type\":\"heading\",\"enabled\":\"1\",\"fields\":{\"heading\":\"Test\"}},\"85\":{\"type\":\"image\",\"enabled\":\"1\",\"fields\":{\"image\":[\"34\"],\"position\":\"full\"}},\"84\":{\"type\":\"text\",\"enabled\":\"1\",\"fields\":{\"text\":\"<p>Lorem ipsum dolor sit amet, consectetuer adipiscing elit. Aenean commodo ligula eget dolor. Aenean massa. Cum sociis natoque penatibus et magnis dis parturient montes, nascetur ridiculus mus. Donec quam felis, ultricies nec, pellentesque eu, pretium quis, sem. Nulla consequat massa quis enim. Donec pede justo, fringilla vel, aliquet nec, vulputate eget, arcu.<\\/p>\",\"position\":\"left\"}},\"86\":{\"type\":\"pullQuote\",\"enabled\":\"1\",\"fields\":{\"pullQuote\":\"Lorem ipsum dolor sit amet, consetetur sadipscing elitr, sed diam nonumy eirmod tempor invidunt ut labore et dolore magna aliquyam erat, sed diam voluptua. \",\"position\":\"left\"}},\"87\":{\"type\":\"image\",\"enabled\":\"1\",\"fields\":{\"image\":[\"24\"],\"position\":\"right\"}},\"88\":{\"type\":\"text\",\"enabled\":\"1\",\"fields\":{\"text\":\"<p>Phasellus viverra nulla ut metus varius laoreet. Quisque rutrum. Aenean imperdiet. Etiam ultricies nisi vel augue. Curabitur ullamcorper ultricies nisi. Nam eget dui. Etiam rhoncus. Maecenas tempus, tellus eget condimentum rhoncus, sem quam semper libero, sit amet adipiscing sem neque sed ipsum. Nam quam nunc, blandit vel, luctus pulvinar, hendrerit id, lorem. Maecenas nec odio et ante tincidunt tempus. Donec vitae sapien ut libero venenatis faucibus. Nullam quis ante. Etiam sit amet orci eget eros faucibus tincidunt. Duis leo. Sed fringilla mauris sit amet nibh. Donec sodales sagittis magna. Sed consequat, leo eget bibendum sodales, augue velit cursus nunc, quis gravida magna mi a libero. Fusce vulputate eleifend sapien. Vestibulum purus quam, scelerisque ut, mollis sed, nonummy id, metus. Nullam accumsan lorem in dui. Cras ultricies mi eu turpis hendrerit fringilla. Vestibulum ante ipsum primis in faucibus orci luctus et ultrices posuere cubilia Curae; In ac dui quis mi consectetuer lacinia. Nam pretium turpis et arcu. Duis arcu tortor, suscipit eget, imperdiet nec, imperdiet iaculis, ipsum. Sed aliquam ultrices mauris.<\\/p>\",\"position\":\"left\"}},\"89\":{\"type\":\"image\",\"enabled\":\"1\",\"fields\":{\"image\":[\"24\"],\"position\":\"full\"}}},\"1\":\"<h3>Lorem ipsum dolor sit amet, consetetur sadipscing elitr, sed diam nonumy eirmod tempor invidunt ut labore.<\\/h3>\",\"5\":[\"10\"],\"6\":\"Chloe\",\"4\":[\"34\"],\"8\":\"\",\"9\":\"Designer\",\"10\":\"London\",\"7\":\"Walshingam\"}}', '2017-12-13 21:08:35', '2017-12-13 21:08:35', '7059ed5f-d7b0-42ba-8cb0-72fa634cdbac'),
 ('131', '17', '3', '1', 'en_gb', '15', '', '{\"typeId\":\"3\",\"authorId\":\"1\",\"title\":\"Chloe Walshingam\",\"slug\":\"chloe-walshingam\",\"postDate\":1512947460,\"expiryDate\":null,\"enabled\":1,\"parentId\":\"\",\"fields\":{\"13\":{\"85\":{\"type\":\"image\",\"enabled\":\"1\",\"fields\":{\"image\":[\"34\"],\"position\":\"full\"}},\"90\":{\"type\":\"heading\",\"enabled\":\"1\",\"fields\":{\"heading\":\"Test\"}},\"84\":{\"type\":\"text\",\"enabled\":\"1\",\"fields\":{\"text\":\"<p>Lorem ipsum dolor sit amet, consectetuer adipiscing elit. Aenean commodo ligula eget dolor. Aenean massa. Cum sociis natoque penatibus et magnis dis parturient montes, nascetur ridiculus mus. Donec quam felis, ultricies nec, pellentesque eu, pretium quis, sem. Nulla consequat massa quis enim. Donec pede justo, fringilla vel, aliquet nec, vulputate eget, arcu.<\\/p>\",\"position\":\"left\"}},\"86\":{\"type\":\"pullQuote\",\"enabled\":\"1\",\"fields\":{\"pullQuote\":\"Lorem ipsum dolor sit amet, consetetur sadipscing elitr, sed diam nonumy eirmod tempor invidunt ut labore et dolore magna aliquyam erat, sed diam voluptua. \",\"position\":\"left\"}},\"87\":{\"type\":\"image\",\"enabled\":\"1\",\"fields\":{\"image\":[\"24\"],\"position\":\"right\"}},\"88\":{\"type\":\"text\",\"enabled\":\"1\",\"fields\":{\"text\":\"<p>Phasellus viverra nulla ut metus varius laoreet. Quisque rutrum. Aenean imperdiet. Etiam ultricies nisi vel augue. Curabitur ullamcorper ultricies nisi. Nam eget dui. Etiam rhoncus. Maecenas tempus, tellus eget condimentum rhoncus, sem quam semper libero, sit amet adipiscing sem neque sed ipsum. Nam quam nunc, blandit vel, luctus pulvinar, hendrerit id, lorem. Maecenas nec odio et ante tincidunt tempus. Donec vitae sapien ut libero venenatis faucibus. Nullam quis ante. Etiam sit amet orci eget eros faucibus tincidunt. Duis leo. Sed fringilla mauris sit amet nibh. Donec sodales sagittis magna. Sed consequat, leo eget bibendum sodales, augue velit cursus nunc, quis gravida magna mi a libero. Fusce vulputate eleifend sapien. Vestibulum purus quam, scelerisque ut, mollis sed, nonummy id, metus. Nullam accumsan lorem in dui. Cras ultricies mi eu turpis hendrerit fringilla. Vestibulum ante ipsum primis in faucibus orci luctus et ultrices posuere cubilia Curae; In ac dui quis mi consectetuer lacinia. Nam pretium turpis et arcu. Duis arcu tortor, suscipit eget, imperdiet nec, imperdiet iaculis, ipsum. Sed aliquam ultrices mauris.<\\/p>\",\"position\":\"left\"}},\"89\":{\"type\":\"image\",\"enabled\":\"1\",\"fields\":{\"image\":[\"24\"],\"position\":\"full\"}}},\"1\":\"<h3>Lorem ipsum dolor sit amet, consetetur sadipscing elitr, sed diam nonumy eirmod tempor invidunt ut labore.<\\/h3>\",\"5\":[\"10\"],\"6\":\"Chloe\",\"4\":[\"34\"],\"8\":\"\",\"9\":\"Designer\",\"10\":\"London\",\"7\":\"Walshingam\"}}', '2017-12-13 21:08:52', '2017-12-13 21:08:52', '0f078df4-11aa-44d8-a919-1e2b94c76bbd'),
 ('132', '17', '3', '1', 'en_gb', '16', '', '{\"typeId\":\"3\",\"authorId\":\"1\",\"title\":\"Chloe Walshingam\",\"slug\":\"chloe-walshingam\",\"postDate\":1512947460,\"expiryDate\":null,\"enabled\":1,\"parentId\":\"\",\"fields\":{\"13\":{\"90\":{\"type\":\"heading\",\"enabled\":\"1\",\"fields\":{\"heading\":\"Test\"}},\"85\":{\"type\":\"image\",\"enabled\":\"1\",\"fields\":{\"image\":[\"34\"],\"position\":\"full\"}},\"84\":{\"type\":\"text\",\"enabled\":\"1\",\"fields\":{\"text\":\"<p>Lorem ipsum dolor sit amet, consectetuer adipiscing elit. Aenean commodo ligula eget dolor. Aenean massa. Cum sociis natoque penatibus et magnis dis parturient montes, nascetur ridiculus mus. Donec quam felis, ultricies nec, pellentesque eu, pretium quis, sem. Nulla consequat massa quis enim. Donec pede justo, fringilla vel, aliquet nec, vulputate eget, arcu.<\\/p>\",\"position\":\"left\"}},\"86\":{\"type\":\"pullQuote\",\"enabled\":\"1\",\"fields\":{\"pullQuote\":\"Lorem ipsum dolor sit amet, consetetur sadipscing elitr, sed diam nonumy eirmod tempor invidunt ut labore et dolore magna aliquyam erat, sed diam voluptua. \",\"position\":\"left\"}},\"87\":{\"type\":\"image\",\"enabled\":\"1\",\"fields\":{\"image\":[\"24\"],\"position\":\"right\"}},\"88\":{\"type\":\"text\",\"enabled\":\"1\",\"fields\":{\"text\":\"<p>Phasellus viverra nulla ut metus varius laoreet. Quisque rutrum. Aenean imperdiet. Etiam ultricies nisi vel augue. Curabitur ullamcorper ultricies nisi. Nam eget dui. Etiam rhoncus. Maecenas tempus, tellus eget condimentum rhoncus, sem quam semper libero, sit amet adipiscing sem neque sed ipsum. Nam quam nunc, blandit vel, luctus pulvinar, hendrerit id, lorem. Maecenas nec odio et ante tincidunt tempus. Donec vitae sapien ut libero venenatis faucibus. Nullam quis ante. Etiam sit amet orci eget eros faucibus tincidunt. Duis leo. Sed fringilla mauris sit amet nibh. Donec sodales sagittis magna. Sed consequat, leo eget bibendum sodales, augue velit cursus nunc, quis gravida magna mi a libero. Fusce vulputate eleifend sapien. Vestibulum purus quam, scelerisque ut, mollis sed, nonummy id, metus. Nullam accumsan lorem in dui. Cras ultricies mi eu turpis hendrerit fringilla. Vestibulum ante ipsum primis in faucibus orci luctus et ultrices posuere cubilia Curae; In ac dui quis mi consectetuer lacinia. Nam pretium turpis et arcu. Duis arcu tortor, suscipit eget, imperdiet nec, imperdiet iaculis, ipsum. Sed aliquam ultrices mauris.<\\/p>\",\"position\":\"left\"}},\"89\":{\"type\":\"image\",\"enabled\":\"1\",\"fields\":{\"image\":[\"24\"],\"position\":\"full\"}}},\"1\":\"<h3>Lorem ipsum dolor sit amet, consetetur sadipscing elitr, sed diam nonumy eirmod tempor invidunt ut labore.<\\/h3>\",\"5\":[\"10\"],\"6\":\"Chloe\",\"4\":[\"34\"],\"8\":\"\",\"9\":\"Designer\",\"10\":\"London\",\"7\":\"Walshingam\"}}', '2017-12-13 21:16:12', '2017-12-13 21:16:12', '0764e4db-e19d-41c1-94dd-d386293fce31'),
 ('133', '17', '3', '1', 'en_gb', '17', '', '{\"typeId\":\"3\",\"authorId\":\"1\",\"title\":\"Chloe Walshingam\",\"slug\":\"chloe-walshingam\",\"postDate\":1512947460,\"expiryDate\":null,\"enabled\":1,\"parentId\":\"\",\"fields\":{\"13\":{\"85\":{\"type\":\"image\",\"enabled\":\"1\",\"fields\":{\"image\":[\"34\"],\"position\":\"full\"}},\"90\":{\"type\":\"heading\",\"enabled\":\"1\",\"fields\":{\"heading\":\"Test\"}},\"84\":{\"type\":\"text\",\"enabled\":\"1\",\"fields\":{\"text\":\"<p>Lorem ipsum dolor sit amet, consectetuer adipiscing elit. Aenean commodo ligula eget dolor. Aenean massa. Cum sociis natoque penatibus et magnis dis parturient montes, nascetur ridiculus mus. Donec quam felis, ultricies nec, pellentesque eu, pretium quis, sem. Nulla consequat massa quis enim. Donec pede justo, fringilla vel, aliquet nec, vulputate eget, arcu.<\\/p>\",\"position\":\"left\"}},\"86\":{\"type\":\"pullQuote\",\"enabled\":\"1\",\"fields\":{\"pullQuote\":\"Lorem ipsum dolor sit amet, consetetur sadipscing elitr, sed diam nonumy eirmod tempor invidunt ut labore et dolore magna aliquyam erat, sed diam voluptua. \",\"position\":\"left\"}},\"87\":{\"type\":\"image\",\"enabled\":\"1\",\"fields\":{\"image\":[\"24\"],\"position\":\"right\"}},\"88\":{\"type\":\"text\",\"enabled\":\"1\",\"fields\":{\"text\":\"<p>Phasellus viverra nulla ut metus varius laoreet. Quisque rutrum. Aenean imperdiet. Etiam ultricies nisi vel augue. Curabitur ullamcorper ultricies nisi. Nam eget dui. Etiam rhoncus. Maecenas tempus, tellus eget condimentum rhoncus, sem quam semper libero, sit amet adipiscing sem neque sed ipsum. Nam quam nunc, blandit vel, luctus pulvinar, hendrerit id, lorem. Maecenas nec odio et ante tincidunt tempus. Donec vitae sapien ut libero venenatis faucibus. Nullam quis ante. Etiam sit amet orci eget eros faucibus tincidunt. Duis leo. Sed fringilla mauris sit amet nibh. Donec sodales sagittis magna. Sed consequat, leo eget bibendum sodales, augue velit cursus nunc, quis gravida magna mi a libero. Fusce vulputate eleifend sapien. Vestibulum purus quam, scelerisque ut, mollis sed, nonummy id, metus. Nullam accumsan lorem in dui. Cras ultricies mi eu turpis hendrerit fringilla. Vestibulum ante ipsum primis in faucibus orci luctus et ultrices posuere cubilia Curae; In ac dui quis mi consectetuer lacinia. Nam pretium turpis et arcu. Duis arcu tortor, suscipit eget, imperdiet nec, imperdiet iaculis, ipsum. Sed aliquam ultrices mauris.<\\/p>\",\"position\":\"left\"}},\"89\":{\"type\":\"image\",\"enabled\":\"1\",\"fields\":{\"image\":[\"24\"],\"position\":\"full\"}}},\"1\":\"<h3>Lorem ipsum dolor sit amet, consetetur sadipscing elitr, sed diam nonumy eirmod tempor invidunt ut labore.<\\/h3>\",\"5\":[\"10\"],\"6\":\"Chloe\",\"4\":[\"34\"],\"8\":\"\",\"9\":\"Designer\",\"10\":\"London\",\"7\":\"Walshingam\"}}', '2017-12-13 21:17:38', '2017-12-13 21:17:38', 'a3884bfd-edaf-4e90-b499-b6bfbf76bfa7'),
 ('134', '17', '3', '1', 'en_gb', '18', '', '{\"typeId\":\"3\",\"authorId\":\"1\",\"title\":\"Chloe Walshingam\",\"slug\":\"chloe-walshingam\",\"postDate\":1512947460,\"expiryDate\":null,\"enabled\":1,\"parentId\":\"\",\"fields\":{\"13\":{\"90\":{\"type\":\"heading\",\"enabled\":\"1\",\"fields\":{\"heading\":\"Test\"}},\"85\":{\"type\":\"image\",\"enabled\":\"1\",\"fields\":{\"image\":[\"34\"],\"position\":\"full\"}},\"84\":{\"type\":\"text\",\"enabled\":\"1\",\"fields\":{\"text\":\"<p>Lorem ipsum dolor sit amet, consectetuer adipiscing elit. Aenean commodo ligula eget dolor. Aenean massa. Cum sociis natoque penatibus et magnis dis parturient montes, nascetur ridiculus mus. Donec quam felis, ultricies nec, pellentesque eu, pretium quis, sem. Nulla consequat massa quis enim. Donec pede justo, fringilla vel, aliquet nec, vulputate eget, arcu.<\\/p>\",\"position\":\"left\"}},\"86\":{\"type\":\"pullQuote\",\"enabled\":\"1\",\"fields\":{\"pullQuote\":\"Lorem ipsum dolor sit amet, consetetur sadipscing elitr, sed diam nonumy eirmod tempor invidunt ut labore et dolore magna aliquyam erat, sed diam voluptua. \",\"position\":\"left\"}},\"87\":{\"type\":\"image\",\"enabled\":\"1\",\"fields\":{\"image\":[\"24\"],\"position\":\"right\"}},\"88\":{\"type\":\"text\",\"enabled\":\"1\",\"fields\":{\"text\":\"<p>Phasellus viverra nulla ut metus varius laoreet. Quisque rutrum. Aenean imperdiet. Etiam ultricies nisi vel augue. Curabitur ullamcorper ultricies nisi. Nam eget dui. Etiam rhoncus. Maecenas tempus, tellus eget condimentum rhoncus, sem quam semper libero, sit amet adipiscing sem neque sed ipsum. Nam quam nunc, blandit vel, luctus pulvinar, hendrerit id, lorem. Maecenas nec odio et ante tincidunt tempus. Donec vitae sapien ut libero venenatis faucibus. Nullam quis ante. Etiam sit amet orci eget eros faucibus tincidunt. Duis leo. Sed fringilla mauris sit amet nibh. Donec sodales sagittis magna. Sed consequat, leo eget bibendum sodales, augue velit cursus nunc, quis gravida magna mi a libero. Fusce vulputate eleifend sapien. Vestibulum purus quam, scelerisque ut, mollis sed, nonummy id, metus. Nullam accumsan lorem in dui. Cras ultricies mi eu turpis hendrerit fringilla. Vestibulum ante ipsum primis in faucibus orci luctus et ultrices posuere cubilia Curae; In ac dui quis mi consectetuer lacinia. Nam pretium turpis et arcu. Duis arcu tortor, suscipit eget, imperdiet nec, imperdiet iaculis, ipsum. Sed aliquam ultrices mauris.<\\/p>\",\"position\":\"left\"}},\"89\":{\"type\":\"image\",\"enabled\":\"1\",\"fields\":{\"image\":[\"24\"],\"position\":\"full\"}}},\"1\":\"<h3>Lorem ipsum dolor sit amet, consetetur sadipscing elitr, sed diam nonumy eirmod tempor invidunt ut labore.<\\/h3>\",\"5\":[\"10\"],\"6\":\"Chloe\",\"4\":[\"34\"],\"8\":\"\",\"9\":\"Designer\",\"10\":\"London\",\"7\":\"Walshingam\"}}', '2017-12-13 21:25:01', '2017-12-13 21:25:01', '6000cd8c-1b4e-4ba7-9b6a-ff877994b73f'),
 ('135', '17', '3', '1', 'en_gb', '19', '', '{\"typeId\":\"3\",\"authorId\":\"1\",\"title\":\"Chloe Walshingam\",\"slug\":\"chloe-walshingam\",\"postDate\":1512947460,\"expiryDate\":null,\"enabled\":1,\"parentId\":\"\",\"fields\":{\"13\":{\"90\":{\"type\":\"heading\",\"enabled\":\"1\",\"fields\":{\"heading\":\"Test\"}},\"85\":{\"type\":\"image\",\"enabled\":\"1\",\"fields\":{\"image\":[\"34\"],\"position\":\"full\"}},\"84\":{\"type\":\"text\",\"enabled\":\"1\",\"fields\":{\"text\":\"<p>Lorem ipsum dolor sit amet, consectetuer adipiscing elit. Aenean commodo ligula eget dolor. Aenean massa. Cum sociis natoque penatibus et magnis dis parturient montes, nascetur ridiculus mus. Donec quam felis, ultricies nec, pellentesque eu, pretium quis, sem. Nulla consequat massa quis enim. Donec pede justo, fringilla vel, aliquet nec, vulputate eget, arcu.<\\/p>\",\"position\":\"left\"}},\"86\":{\"type\":\"pullQuote\",\"enabled\":\"1\",\"fields\":{\"pullQuote\":\"Lorem ipsum dolor sit amet, consetetur sadipscing elitr, sed diam nonumy eirmod tempor invidunt ut labore et dolore magna aliquyam erat, sed diam voluptua. \",\"position\":\"left\"}},\"87\":{\"type\":\"image\",\"enabled\":\"1\",\"fields\":{\"image\":[\"24\"],\"position\":\"right\"}},\"88\":{\"type\":\"text\",\"enabled\":\"1\",\"fields\":{\"text\":\"<p>Phasellus viverra nulla ut metus varius laoreet. Quisque rutrum. Aenean imperdiet. Etiam ultricies nisi vel augue. Curabitur ullamcorper ultricies nisi. Nam eget dui. Etiam rhoncus. Maecenas tempus, tellus eget condimentum rhoncus, sem quam semper libero, sit amet adipiscing sem neque sed ipsum. Nam quam nunc, blandit vel, luctus pulvinar, hendrerit id, lorem. Maecenas nec odio et ante tincidunt tempus. Donec vitae sapien ut libero venenatis faucibus. Nullam quis ante. Etiam sit amet orci eget eros faucibus tincidunt. Duis leo. Sed fringilla mauris sit amet nibh. Donec sodales sagittis magna. Sed consequat, leo eget bibendum sodales, augue velit cursus nunc, quis gravida magna mi a libero. Fusce vulputate eleifend sapien. Vestibulum purus quam, scelerisque ut, mollis sed, nonummy id, metus. Nullam accumsan lorem in dui. Cras ultricies mi eu turpis hendrerit fringilla. Vestibulum ante ipsum primis in faucibus orci luctus et ultrices posuere cubilia Curae; In ac dui quis mi consectetuer lacinia. Nam pretium turpis et arcu. Duis arcu tortor, suscipit eget, imperdiet nec, imperdiet iaculis, ipsum. Sed aliquam ultrices mauris.<\\/p>\",\"position\":\"left\"}},\"89\":{\"type\":\"image\",\"enabled\":\"1\",\"fields\":{\"image\":[\"24\"],\"position\":\"left\"}}},\"1\":\"<h3>Lorem ipsum dolor sit amet, consetetur sadipscing elitr, sed diam nonumy eirmod tempor invidunt ut labore.<\\/h3>\",\"5\":[\"10\"],\"6\":\"Chloe\",\"4\":[\"34\"],\"8\":\"\",\"9\":\"Designer\",\"10\":\"London\",\"7\":\"Walshingam\"}}', '2017-12-13 22:05:55', '2017-12-13 22:05:55', '8c1e1e4e-86f5-481b-af43-3c41576d891a'),
 ('136', '17', '3', '1', 'en_gb', '20', '', '{\"typeId\":\"3\",\"authorId\":\"1\",\"title\":\"Chloe Walshingam\",\"slug\":\"chloe-walshingam\",\"postDate\":1512947460,\"expiryDate\":null,\"enabled\":1,\"parentId\":\"\",\"fields\":{\"13\":{\"90\":{\"type\":\"heading\",\"enabled\":\"1\",\"fields\":{\"heading\":\"Test\"}},\"85\":{\"type\":\"image\",\"enabled\":\"1\",\"fields\":{\"image\":[\"34\"],\"position\":\"full\"}},\"84\":{\"type\":\"text\",\"enabled\":\"1\",\"fields\":{\"text\":\"<p>Lorem ipsum dolor sit amet, consectetuer adipiscing elit. Aenean commodo ligula eget dolor. Aenean massa. Cum sociis natoque penatibus et magnis dis parturient montes, nascetur ridiculus mus. Donec quam felis, ultricies nec, pellentesque eu, pretium quis, sem. Nulla consequat massa quis enim. Donec pede justo, fringilla vel, aliquet nec, vulputate eget, arcu.<\\/p>\",\"position\":\"left\"}},\"86\":{\"type\":\"pullQuote\",\"enabled\":\"1\",\"fields\":{\"pullQuote\":\"Lorem ipsum dolor sit amet, consetetur sadipscing elitr, sed diam nonumy eirmod tempor invidunt ut labore et dolore magna aliquyam erat, sed diam voluptua. \",\"position\":\"left\"}},\"87\":{\"type\":\"image\",\"enabled\":\"1\",\"fields\":{\"image\":[\"24\"],\"position\":\"left\"}},\"88\":{\"type\":\"text\",\"enabled\":\"1\",\"fields\":{\"text\":\"<p>Phasellus viverra nulla ut metus varius laoreet. Quisque rutrum. Aenean imperdiet. Etiam ultricies nisi vel augue. Curabitur ullamcorper ultricies nisi. Nam eget dui. Etiam rhoncus. Maecenas tempus, tellus eget condimentum rhoncus, sem quam semper libero, sit amet adipiscing sem neque sed ipsum. Nam quam nunc, blandit vel, luctus pulvinar, hendrerit id, lorem. Maecenas nec odio et ante tincidunt tempus. Donec vitae sapien ut libero venenatis faucibus. Nullam quis ante. Etiam sit amet orci eget eros faucibus tincidunt. Duis leo. Sed fringilla mauris sit amet nibh. Donec sodales sagittis magna. Sed consequat, leo eget bibendum sodales, augue velit cursus nunc, quis gravida magna mi a libero. Fusce vulputate eleifend sapien. Vestibulum purus quam, scelerisque ut, mollis sed, nonummy id, metus. Nullam accumsan lorem in dui. Cras ultricies mi eu turpis hendrerit fringilla. Vestibulum ante ipsum primis in faucibus orci luctus et ultrices posuere cubilia Curae; In ac dui quis mi consectetuer lacinia. Nam pretium turpis et arcu. Duis arcu tortor, suscipit eget, imperdiet nec, imperdiet iaculis, ipsum. Sed aliquam ultrices mauris.<\\/p>\",\"position\":\"left\"}},\"89\":{\"type\":\"image\",\"enabled\":\"1\",\"fields\":{\"image\":[\"24\"],\"position\":\"left\"}}},\"1\":\"<h3>Lorem ipsum dolor sit amet, consetetur sadipscing elitr, sed diam nonumy eirmod tempor invidunt ut labore.<\\/h3>\",\"5\":[\"10\"],\"6\":\"Chloe\",\"4\":[\"34\"],\"8\":\"\",\"9\":\"Designer\",\"10\":\"London\",\"7\":\"Walshingam\"}}', '2017-12-13 22:21:18', '2017-12-13 22:21:18', '46fd97b3-d85e-4616-9a34-5f83aa646ab8'),
 ('137', '17', '3', '1', 'en_gb', '21', '', '{\"typeId\":\"3\",\"authorId\":\"1\",\"title\":\"Chloe Walshingam\",\"slug\":\"chloe-walshingam\",\"postDate\":1512947460,\"expiryDate\":null,\"enabled\":1,\"parentId\":\"\",\"fields\":{\"13\":{\"90\":{\"type\":\"heading\",\"enabled\":\"1\",\"fields\":{\"heading\":\"Test\"}},\"85\":{\"type\":\"image\",\"enabled\":\"1\",\"fields\":{\"image\":[\"34\"],\"position\":\"full\"}},\"84\":{\"type\":\"text\",\"enabled\":\"1\",\"fields\":{\"text\":\"<p>Lorem ipsum dolor sit amet, consectetuer adipiscing elit. Aenean commodo ligula eget dolor. Aenean massa. Cum sociis natoque penatibus et magnis dis parturient montes, nascetur ridiculus mus. Donec quam felis, ultricies nec, pellentesque eu, pretium quis, sem. Nulla consequat massa quis enim. Donec pede justo, fringilla vel, aliquet nec, vulputate eget, arcu.<\\/p>\",\"position\":\"left\"}},\"86\":{\"type\":\"pullQuote\",\"enabled\":\"1\",\"fields\":{\"pullQuote\":\"Lorem ipsum dolor sit amet, consetetur sadipscing elitr, sed diam nonumy eirmod tempor invidunt ut labore et dolore magna aliquyam erat, sed diam voluptua. \",\"position\":\"left\"}},\"87\":{\"type\":\"image\",\"enabled\":\"1\",\"fields\":{\"image\":[\"24\"],\"position\":\"right\"}},\"88\":{\"type\":\"text\",\"enabled\":\"1\",\"fields\":{\"text\":\"<p>Phasellus viverra nulla ut metus varius laoreet. Quisque rutrum. Aenean imperdiet. Etiam ultricies nisi vel augue. Curabitur ullamcorper ultricies nisi. Nam eget dui. Etiam rhoncus. Maecenas tempus, tellus eget condimentum rhoncus, sem quam semper libero, sit amet adipiscing sem neque sed ipsum. Nam quam nunc, blandit vel, luctus pulvinar, hendrerit id, lorem. Maecenas nec odio et ante tincidunt tempus. Donec vitae sapien ut libero venenatis faucibus. Nullam quis ante. Etiam sit amet orci eget eros faucibus tincidunt. Duis leo. Sed fringilla mauris sit amet nibh. Donec sodales sagittis magna. Sed consequat, leo eget bibendum sodales, augue velit cursus nunc, quis gravida magna mi a libero. Fusce vulputate eleifend sapien. Vestibulum purus quam, scelerisque ut, mollis sed, nonummy id, metus. Nullam accumsan lorem in dui. Cras ultricies mi eu turpis hendrerit fringilla. Vestibulum ante ipsum primis in faucibus orci luctus et ultrices posuere cubilia Curae; In ac dui quis mi consectetuer lacinia. Nam pretium turpis et arcu. Duis arcu tortor, suscipit eget, imperdiet nec, imperdiet iaculis, ipsum. Sed aliquam ultrices mauris.<\\/p>\",\"position\":\"left\"}},\"89\":{\"type\":\"image\",\"enabled\":\"1\",\"fields\":{\"image\":[\"24\"],\"position\":\"left\"}}},\"1\":\"<h3>Lorem ipsum dolor sit amet, consetetur sadipscing elitr, sed diam nonumy eirmod tempor invidunt ut labore.<\\/h3>\",\"5\":[\"10\"],\"6\":\"Chloe\",\"4\":[\"34\"],\"8\":\"\",\"9\":\"Designer\",\"10\":\"London\",\"7\":\"Walshingam\"}}', '2017-12-13 22:23:06', '2017-12-13 22:23:06', '2094dfa0-eb98-4214-b2c7-c9630c46418f'),
 ('138', '17', '3', '1', 'en_gb', '22', '', '{\"typeId\":\"3\",\"authorId\":\"1\",\"title\":\"Chloe Walshingam\",\"slug\":\"chloe-walshingam\",\"postDate\":1512947460,\"expiryDate\":null,\"enabled\":1,\"parentId\":\"\",\"fields\":{\"13\":{\"90\":{\"type\":\"heading\",\"enabled\":\"1\",\"fields\":{\"heading\":\"Test\"}},\"85\":{\"type\":\"image\",\"enabled\":\"1\",\"fields\":{\"image\":[\"34\"],\"position\":\"left\"}},\"84\":{\"type\":\"text\",\"enabled\":\"1\",\"fields\":{\"text\":\"<p>Lorem ipsum dolor sit amet, consectetuer adipiscing elit. Aenean commodo ligula eget dolor. Aenean massa. Cum sociis natoque penatibus et magnis dis parturient montes, nascetur ridiculus mus. Donec quam felis, ultricies nec, pellentesque eu, pretium quis, sem. Nulla consequat massa quis enim. Donec pede justo, fringilla vel, aliquet nec, vulputate eget, arcu.<\\/p>\",\"position\":\"left\"}},\"86\":{\"type\":\"pullQuote\",\"enabled\":\"1\",\"fields\":{\"pullQuote\":\"Lorem ipsum dolor sit amet, consetetur sadipscing elitr, sed diam nonumy eirmod tempor invidunt ut labore et dolore magna aliquyam erat, sed diam voluptua. \",\"position\":\"left\"}},\"87\":{\"type\":\"image\",\"enabled\":\"1\",\"fields\":{\"image\":[\"24\"],\"position\":\"right\"}},\"88\":{\"type\":\"text\",\"enabled\":\"1\",\"fields\":{\"text\":\"<p>Phasellus viverra nulla ut metus varius laoreet. Quisque rutrum. Aenean imperdiet. Etiam ultricies nisi vel augue. Curabitur ullamcorper ultricies nisi. Nam eget dui. Etiam rhoncus. Maecenas tempus, tellus eget condimentum rhoncus, sem quam semper libero, sit amet adipiscing sem neque sed ipsum. Nam quam nunc, blandit vel, luctus pulvinar, hendrerit id, lorem. Maecenas nec odio et ante tincidunt tempus. Donec vitae sapien ut libero venenatis faucibus. Nullam quis ante. Etiam sit amet orci eget eros faucibus tincidunt. Duis leo. Sed fringilla mauris sit amet nibh. Donec sodales sagittis magna. Sed consequat, leo eget bibendum sodales, augue velit cursus nunc, quis gravida magna mi a libero. Fusce vulputate eleifend sapien. Vestibulum purus quam, scelerisque ut, mollis sed, nonummy id, metus. Nullam accumsan lorem in dui. Cras ultricies mi eu turpis hendrerit fringilla. Vestibulum ante ipsum primis in faucibus orci luctus et ultrices posuere cubilia Curae; In ac dui quis mi consectetuer lacinia. Nam pretium turpis et arcu. Duis arcu tortor, suscipit eget, imperdiet nec, imperdiet iaculis, ipsum. Sed aliquam ultrices mauris.<\\/p>\",\"position\":\"left\"}},\"89\":{\"type\":\"image\",\"enabled\":\"1\",\"fields\":{\"image\":[\"24\"],\"position\":\"left\"}}},\"1\":\"<h3>Lorem ipsum dolor sit amet, consetetur sadipscing elitr, sed diam nonumy eirmod tempor invidunt ut labore.<\\/h3>\",\"5\":[\"10\"],\"6\":\"Chloe\",\"4\":[\"34\"],\"8\":\"\",\"9\":\"Designer\",\"10\":\"London\",\"7\":\"Walshingam\"}}', '2017-12-13 22:34:37', '2017-12-13 22:34:37', '8fac050a-3ab4-45eb-86a7-d5a231a45469'),
 ('139', '17', '3', '1', 'en_gb', '23', '', '{\"typeId\":\"3\",\"authorId\":\"1\",\"title\":\"Chloe Walshingam\",\"slug\":\"chloe-walshingam\",\"postDate\":1512947460,\"expiryDate\":null,\"enabled\":1,\"parentId\":\"\",\"fields\":{\"13\":{\"90\":{\"type\":\"heading\",\"enabled\":\"1\",\"fields\":{\"heading\":\"Test\"}},\"85\":{\"type\":\"image\",\"enabled\":\"1\",\"fields\":{\"image\":[\"34\"],\"position\":\"left\"}},\"84\":{\"type\":\"text\",\"enabled\":\"1\",\"fields\":{\"text\":\"<p>Lorem ipsum dolor sit amet, consectetuer adipiscing elit. Aenean commodo ligula eget dolor. Aenean massa. Cum sociis natoque penatibus et magnis dis parturient montes, nascetur ridiculus mus. Donec quam felis, ultricies nec, pellentesque eu, pretium quis, sem. Nulla consequat massa quis enim. Donec pede justo, fringilla vel, aliquet nec, vulputate eget, arcu.<\\/p>\",\"position\":\"left\"}},\"86\":{\"type\":\"pullQuote\",\"enabled\":\"1\",\"fields\":{\"pullQuote\":\"Lorem ipsum dolor sit amet, consetetur sadipscing elitr, sed diam nonumy eirmod tempor invidunt ut labore et dolore magna aliquyam erat, sed diam voluptua. \",\"position\":\"full\"}},\"87\":{\"type\":\"image\",\"enabled\":\"1\",\"fields\":{\"image\":[\"24\"],\"position\":\"right\"}},\"88\":{\"type\":\"text\",\"enabled\":\"1\",\"fields\":{\"text\":\"<p>Phasellus viverra nulla ut metus varius laoreet. Quisque rutrum. Aenean imperdiet. Etiam ultricies nisi vel augue. Curabitur ullamcorper ultricies nisi. Nam eget dui. Etiam rhoncus. Maecenas tempus, tellus eget condimentum rhoncus, sem quam semper libero, sit amet adipiscing sem neque sed ipsum. Nam quam nunc, blandit vel, luctus pulvinar, hendrerit id, lorem. Maecenas nec odio et ante tincidunt tempus. Donec vitae sapien ut libero venenatis faucibus. Nullam quis ante. Etiam sit amet orci eget eros faucibus tincidunt. Duis leo. Sed fringilla mauris sit amet nibh. Donec sodales sagittis magna. Sed consequat, leo eget bibendum sodales, augue velit cursus nunc, quis gravida magna mi a libero. Fusce vulputate eleifend sapien. Vestibulum purus quam, scelerisque ut, mollis sed, nonummy id, metus. Nullam accumsan lorem in dui. Cras ultricies mi eu turpis hendrerit fringilla. Vestibulum ante ipsum primis in faucibus orci luctus et ultrices posuere cubilia Curae; In ac dui quis mi consectetuer lacinia. Nam pretium turpis et arcu. Duis arcu tortor, suscipit eget, imperdiet nec, imperdiet iaculis, ipsum. Sed aliquam ultrices mauris.<\\/p>\",\"position\":\"left\"}},\"89\":{\"type\":\"image\",\"enabled\":\"1\",\"fields\":{\"image\":[\"24\"],\"position\":\"left\"}}},\"1\":\"<h3>Lorem ipsum dolor sit amet, consetetur sadipscing elitr, sed diam nonumy eirmod tempor invidunt ut labore.<\\/h3>\",\"5\":[\"10\"],\"6\":\"Chloe\",\"4\":[\"34\"],\"8\":\"\",\"9\":\"Designer\",\"10\":\"London\",\"7\":\"Walshingam\"}}', '2017-12-13 22:36:57', '2017-12-13 22:36:57', '731bca69-76a4-4029-8b32-7e620311d4b4'),
 ('140', '17', '3', '1', 'en_gb', '24', '', '{\"typeId\":\"3\",\"authorId\":\"1\",\"title\":\"Chloe Walshingam\",\"slug\":\"chloe-walshingam\",\"postDate\":1512947460,\"expiryDate\":null,\"enabled\":1,\"parentId\":\"\",\"fields\":{\"13\":{\"90\":{\"type\":\"heading\",\"enabled\":\"1\",\"fields\":{\"heading\":\"Test\"}},\"85\":{\"type\":\"image\",\"enabled\":\"1\",\"fields\":{\"image\":[\"34\"],\"position\":\"left\"}},\"84\":{\"type\":\"text\",\"enabled\":\"1\",\"fields\":{\"text\":\"<p>Lorem ipsum dolor sit amet, consectetuer adipiscing elit. Aenean commodo ligula eget dolor. Aenean massa. Cum sociis natoque penatibus et magnis dis parturient montes, nascetur ridiculus mus. Donec quam felis, ultricies nec, pellentesque eu, pretium quis, sem. Nulla consequat massa quis enim. Donec pede justo, fringilla vel, aliquet nec, vulputate eget, arcu.<\\/p>\",\"position\":\"left\"}},\"86\":{\"type\":\"pullQuote\",\"enabled\":\"1\",\"fields\":{\"pullQuote\":\"Lorem ipsum dolor sit amet, consetetur sadipscing elitr, sed diam nonumy eirmod tempor invidunt ut labore et dolore magna aliquyam erat, sed diam voluptua. \",\"position\":\"right\"}},\"87\":{\"type\":\"image\",\"enabled\":\"1\",\"fields\":{\"image\":[\"24\"],\"position\":\"right\"}},\"88\":{\"type\":\"text\",\"enabled\":\"1\",\"fields\":{\"text\":\"<p>Phasellus viverra nulla ut metus varius laoreet. Quisque rutrum. Aenean imperdiet. Etiam ultricies nisi vel augue. Curabitur ullamcorper ultricies nisi. Nam eget dui. Etiam rhoncus. Maecenas tempus, tellus eget condimentum rhoncus, sem quam semper libero, sit amet adipiscing sem neque sed ipsum. Nam quam nunc, blandit vel, luctus pulvinar, hendrerit id, lorem. Maecenas nec odio et ante tincidunt tempus. Donec vitae sapien ut libero venenatis faucibus. Nullam quis ante. Etiam sit amet orci eget eros faucibus tincidunt. Duis leo. Sed fringilla mauris sit amet nibh. Donec sodales sagittis magna. Sed consequat, leo eget bibendum sodales, augue velit cursus nunc, quis gravida magna mi a libero. Fusce vulputate eleifend sapien. Vestibulum purus quam, scelerisque ut, mollis sed, nonummy id, metus. Nullam accumsan lorem in dui. Cras ultricies mi eu turpis hendrerit fringilla. Vestibulum ante ipsum primis in faucibus orci luctus et ultrices posuere cubilia Curae; In ac dui quis mi consectetuer lacinia. Nam pretium turpis et arcu. Duis arcu tortor, suscipit eget, imperdiet nec, imperdiet iaculis, ipsum. Sed aliquam ultrices mauris.<\\/p>\",\"position\":\"left\"}},\"89\":{\"type\":\"image\",\"enabled\":\"1\",\"fields\":{\"image\":[\"24\"],\"position\":\"left\"}}},\"1\":\"<h3>Lorem ipsum dolor sit amet, consetetur sadipscing elitr, sed diam nonumy eirmod tempor invidunt ut labore.<\\/h3>\",\"5\":[\"10\"],\"6\":\"Chloe\",\"4\":[\"34\"],\"8\":\"\",\"9\":\"Designer\",\"10\":\"London\",\"7\":\"Walshingam\"}}', '2017-12-13 22:45:22', '2017-12-13 22:45:22', '86755f42-7d89-4549-98db-5c6444e2ce03'),
 ('141', '17', '3', '1', 'en_gb', '25', '', '{\"typeId\":\"3\",\"authorId\":\"1\",\"title\":\"Chloe Walshingam\",\"slug\":\"chloe-walshingam\",\"postDate\":1512947460,\"expiryDate\":null,\"enabled\":1,\"parentId\":\"\",\"fields\":{\"13\":{\"90\":{\"type\":\"heading\",\"enabled\":\"1\",\"fields\":{\"heading\":\"Test\"}},\"85\":{\"type\":\"image\",\"enabled\":\"1\",\"fields\":{\"image\":[\"34\"],\"position\":\"left\"}},\"84\":{\"type\":\"text\",\"enabled\":\"1\",\"fields\":{\"text\":\"<p>Lorem ipsum dolor sit amet, consectetuer adipiscing elit. Aenean commodo ligula eget dolor. Aenean massa. Cum sociis natoque penatibus et magnis dis parturient montes, nascetur ridiculus mus. Donec quam felis, ultricies nec, pellentesque eu, pretium quis, sem. Nulla consequat massa quis enim. Donec pede justo, fringilla vel, aliquet nec, vulputate eget, arcu.<\\/p>\",\"position\":\"left\"}},\"86\":{\"type\":\"pullQuote\",\"enabled\":\"1\",\"fields\":{\"pullQuote\":\"Lorem ipsum dolor sit amet, consetetur sadipscing elitr, sed diam nonumy eirmod tempor invidunt ut labore et dolore magna aliquyam erat, sed diam voluptua. \",\"position\":\"right\"}},\"87\":{\"type\":\"image\",\"enabled\":\"1\",\"fields\":{\"image\":[\"24\"],\"position\":\"right\"}},\"88\":{\"type\":\"text\",\"enabled\":\"1\",\"fields\":{\"text\":\"<p>Phasellus viverra nulla ut metus varius laoreet. Quisque rutrum. Aenean imperdiet. Etiam ultricies nisi vel augue. Curabitur ullamcorper ultricies nisi. Nam eget dui. Etiam rhoncus. Maecenas tempus, tellus eget condimentum rhoncus, sem quam semper libero, sit amet adipiscing sem neque sed ipsum. Nam quam nunc, blandit vel, luctus pulvinar, hendrerit id, lorem. Maecenas nec odio et ante tincidunt tempus. Donec vitae sapien ut libero venenatis faucibus. Nullam quis ante. Etiam sit amet orci eget eros faucibus tincidunt. Duis leo. Sed fringilla mauris sit amet nibh. Donec sodales sagittis magna. Sed consequat, leo eget bibendum sodales, augue velit cursus nunc, quis gravida magna mi a libero. Fusce vulputate eleifend sapien. Vestibulum purus quam, scelerisque ut, mollis sed, nonummy id, metus. Nullam accumsan lorem in dui. Cras ultricies mi eu turpis hendrerit fringilla. Vestibulum ante ipsum primis in faucibus orci luctus et ultrices posuere cubilia Curae; In ac dui quis mi consectetuer lacinia. Nam pretium turpis et arcu. Duis arcu tortor, suscipit eget, imperdiet nec, imperdiet iaculis, ipsum. Sed aliquam ultrices mauris.<\\/p>\",\"position\":\"left\"}},\"89\":{\"type\":\"image\",\"enabled\":\"1\",\"fields\":{\"image\":[\"24\"],\"position\":\"center\"}}},\"1\":\"<h3>Lorem ipsum dolor sit amet, consetetur sadipscing elitr, sed diam nonumy eirmod tempor invidunt ut labore.<\\/h3>\",\"5\":[\"10\"],\"6\":\"Chloe\",\"4\":[\"34\"],\"8\":\"\",\"9\":\"Designer\",\"10\":\"London\",\"7\":\"Walshingam\"}}', '2017-12-13 22:47:57', '2017-12-13 22:47:57', '0be8380e-c639-46ff-9084-7a77fe7caa26'),
 ('142', '2', '1', '1', 'en_gb', '11', '', '{\"typeId\":null,\"authorId\":null,\"title\":\"Home\",\"slug\":\"homepage\",\"postDate\":1512944719,\"expiryDate\":null,\"enabled\":1,\"parentId\":null,\"fields\":{\"1\":\"<h4>Lorem ipsum dolor sit amet, consetetur sadipscing elitr, sed diam nonumy eirmod tempor invidunt ut labore.<\\/h4>\",\"4\":[\"4\"]}}', '2017-12-13 22:49:31', '2017-12-13 22:49:31', '78e26a39-f845-4ba6-a624-2a96cefe998a'),
 ('143', '17', '3', '1', 'en_gb', '26', '', '{\"typeId\":\"3\",\"authorId\":\"1\",\"title\":\"Chloe Walshingam\",\"slug\":\"chloe-walshingam\",\"postDate\":1512947460,\"expiryDate\":null,\"enabled\":1,\"parentId\":\"\",\"fields\":{\"13\":{\"90\":{\"type\":\"heading\",\"enabled\":\"1\",\"fields\":{\"heading\":\"Test\"}},\"85\":{\"type\":\"image\",\"enabled\":\"1\",\"fields\":{\"image\":[\"34\"],\"position\":\"left\"}},\"84\":{\"type\":\"text\",\"enabled\":\"1\",\"fields\":{\"text\":\"<p>Lorem ipsum dolor sit amet, consectetuer adipiscing elit. Aenean commodo ligula eget dolor. Aenean massa. Cum sociis natoque penatibus et magnis dis parturient montes, nascetur ridiculus mus. Donec quam felis, ultricies nec, pellentesque eu, pretium quis, sem. Nulla consequat massa quis enim. Donec pede justo, fringilla vel, aliquet nec, vulputate eget, arcu.<\\/p>\",\"position\":\"right\"}},\"86\":{\"type\":\"pullQuote\",\"enabled\":\"1\",\"fields\":{\"pullQuote\":\"Lorem ipsum dolor sit amet, consetetur sadipscing elitr, sed diam nonumy eirmod tempor invidunt ut labore et dolore magna aliquyam erat, sed diam voluptua. \",\"position\":\"right\"}},\"87\":{\"type\":\"image\",\"enabled\":\"1\",\"fields\":{\"image\":[\"24\"],\"position\":\"right\"}},\"88\":{\"type\":\"text\",\"enabled\":\"1\",\"fields\":{\"text\":\"<p>Phasellus viverra nulla ut metus varius laoreet. Quisque rutrum. Aenean imperdiet. Etiam ultricies nisi vel augue. Curabitur ullamcorper ultricies nisi. Nam eget dui. Etiam rhoncus. Maecenas tempus, tellus eget condimentum rhoncus, sem quam semper libero, sit amet adipiscing sem neque sed ipsum. Nam quam nunc, blandit vel, luctus pulvinar, hendrerit id, lorem. Maecenas nec odio et ante tincidunt tempus. Donec vitae sapien ut libero venenatis faucibus. Nullam quis ante. Etiam sit amet orci eget eros faucibus tincidunt. Duis leo. Sed fringilla mauris sit amet nibh. Donec sodales sagittis magna. Sed consequat, leo eget bibendum sodales, augue velit cursus nunc, quis gravida magna mi a libero. Fusce vulputate eleifend sapien. Vestibulum purus quam, scelerisque ut, mollis sed, nonummy id, metus. Nullam accumsan lorem in dui. Cras ultricies mi eu turpis hendrerit fringilla. Vestibulum ante ipsum primis in faucibus orci luctus et ultrices posuere cubilia Curae; In ac dui quis mi consectetuer lacinia. Nam pretium turpis et arcu. Duis arcu tortor, suscipit eget, imperdiet nec, imperdiet iaculis, ipsum. Sed aliquam ultrices mauris.<\\/p>\",\"position\":\"left\"}},\"89\":{\"type\":\"image\",\"enabled\":\"1\",\"fields\":{\"image\":[\"24\"],\"position\":\"center\"}}},\"1\":\"<h3>Lorem ipsum dolor sit amet, consetetur sadipscing elitr, sed diam nonumy eirmod tempor invidunt ut labore.<\\/h3>\",\"5\":[\"10\"],\"6\":\"Chloe\",\"4\":[\"34\"],\"8\":\"\",\"9\":\"Designer\",\"10\":\"London\",\"7\":\"Walshingam\"}}', '2017-12-13 23:02:23', '2017-12-13 23:02:23', '9f0c90f6-2ede-43ba-b051-af2ddfbbbdc6'),
 ('144', '17', '3', '1', 'en_gb', '27', '', '{\"typeId\":\"3\",\"authorId\":\"1\",\"title\":\"Chloe Walshingam\",\"slug\":\"chloe-walshingam\",\"postDate\":1512947460,\"expiryDate\":null,\"enabled\":1,\"parentId\":\"\",\"fields\":{\"13\":{\"90\":{\"type\":\"heading\",\"enabled\":\"1\",\"fields\":{\"heading\":\"Test\"}},\"85\":{\"type\":\"image\",\"enabled\":\"1\",\"fields\":{\"image\":[\"34\"],\"position\":\"left\"}},\"84\":{\"type\":\"text\",\"enabled\":\"1\",\"fields\":{\"text\":\"<p>Lorem ipsum dolor sit amet, consectetuer adipiscing elit. Aenean commodo ligula eget dolor. Aenean massa. Cum sociis natoque penatibus et magnis dis parturient montes, nascetur ridiculus mus. Donec quam felis, ultricies nec, pellentesque eu, pretium quis, sem. Nulla consequat massa quis enim. Donec pede justo, fringilla vel, aliquet nec, vulputate eget, arcu.<\\/p>\",\"position\":\"center\"}},\"86\":{\"type\":\"pullQuote\",\"enabled\":\"1\",\"fields\":{\"pullQuote\":\"Lorem ipsum dolor sit amet, consetetur sadipscing elitr, sed diam nonumy eirmod tempor invidunt ut labore et dolore magna aliquyam erat, sed diam voluptua. \",\"position\":\"right\"}},\"87\":{\"type\":\"image\",\"enabled\":\"1\",\"fields\":{\"image\":[\"24\"],\"position\":\"right\"}},\"88\":{\"type\":\"text\",\"enabled\":\"1\",\"fields\":{\"text\":\"<p>Phasellus viverra nulla ut metus varius laoreet. Quisque rutrum. Aenean imperdiet. Etiam ultricies nisi vel augue. Curabitur ullamcorper ultricies nisi. Nam eget dui. Etiam rhoncus. Maecenas tempus, tellus eget condimentum rhoncus, sem quam semper libero, sit amet adipiscing sem neque sed ipsum. Nam quam nunc, blandit vel, luctus pulvinar, hendrerit id, lorem. Maecenas nec odio et ante tincidunt tempus. Donec vitae sapien ut libero venenatis faucibus. Nullam quis ante. Etiam sit amet orci eget eros faucibus tincidunt. Duis leo. Sed fringilla mauris sit amet nibh. Donec sodales sagittis magna. Sed consequat, leo eget bibendum sodales, augue velit cursus nunc, quis gravida magna mi a libero. Fusce vulputate eleifend sapien. Vestibulum purus quam, scelerisque ut, mollis sed, nonummy id, metus. Nullam accumsan lorem in dui. Cras ultricies mi eu turpis hendrerit fringilla. Vestibulum ante ipsum primis in faucibus orci luctus et ultrices posuere cubilia Curae; In ac dui quis mi consectetuer lacinia. Nam pretium turpis et arcu. Duis arcu tortor, suscipit eget, imperdiet nec, imperdiet iaculis, ipsum. Sed aliquam ultrices mauris.<\\/p>\",\"position\":\"left\"}},\"89\":{\"type\":\"image\",\"enabled\":\"1\",\"fields\":{\"image\":[\"24\"],\"position\":\"center\"}}},\"1\":\"<h3>Lorem ipsum dolor sit amet, consetetur sadipscing elitr, sed diam nonumy eirmod tempor invidunt ut labore.<\\/h3>\",\"5\":[\"10\"],\"6\":\"Chloe\",\"4\":[\"34\"],\"8\":\"\",\"9\":\"Designer\",\"10\":\"London\",\"7\":\"Walshingam\"}}', '2017-12-13 23:02:43', '2017-12-13 23:02:43', 'a4fc83a8-512a-4818-b087-709dea7883e4'),
 ('145', '2', '1', '1', 'en_gb', '12', '', '{\"typeId\":null,\"authorId\":null,\"title\":\"Home\",\"slug\":\"homepage\",\"postDate\":1512944719,\"expiryDate\":null,\"enabled\":1,\"parentId\":null,\"fields\":{\"1\":\"<h4>Lorem ipsum dolor sit amet, consetetur sadipscing elitr, sed diam nonumy eirmod tempor invidunt ut labore.<\\/h4>\",\"8\":[\"4\"]}}', '2017-12-13 23:06:55', '2017-12-13 23:06:55', '7a24305d-979f-4041-a5f3-d19ff991fdc5'),
 ('146', '72', '3', '1', 'en_gb', '4', '', '{\"typeId\":\"3\",\"authorId\":\"1\",\"title\":\"Nicki Niemi\",\"slug\":\"nicki-niemi\",\"postDate\":1513189080,\"expiryDate\":null,\"enabled\":1,\"parentId\":\"\",\"fields\":{\"13\":\"\",\"5\":[\"9\"],\"4\":[\"48\"],\"6\":\"Nicki\",\"1\":\"<h3>Lorem ipsum dolor sit amet, consetetur sadipscing elitr, sed diam nonumy eirmod tempor invidunt ut labore.<\\/h3>\",\"9\":\"Designer\",\"10\":\"Osaka\",\"7\":\"Niemi\"}}', '2017-12-13 23:31:37', '2017-12-13 23:31:37', 'd0852373-b545-4498-9e7b-0a5cd20ecc57'),
 ('147', '71', '3', '1', 'en_gb', '4', '', '{\"typeId\":\"3\",\"authorId\":\"1\",\"title\":\"Isreal Hendon\",\"slug\":\"isreal-hendon\",\"postDate\":1513189020,\"expiryDate\":null,\"enabled\":1,\"parentId\":\"\",\"fields\":{\"13\":\"\",\"5\":[\"9\"],\"4\":[\"47\"],\"6\":\"Isreal\",\"1\":\"<h3>Lorem ipsum dolor sit amet, consetetur sadipscing elitr, sed diam nonumy eirmod tempor invidunt ut labore.<\\/h3>\",\"9\":\"Developer\",\"10\":\"Berlin\",\"7\":\"Hendon\"}}', '2017-12-13 23:32:06', '2017-12-13 23:32:06', '2efcc557-42f4-4594-b5ba-e06e0891e0f8'),
 ('148', '73', '3', '1', 'en_gb', '3', '', '{\"typeId\":\"3\",\"authorId\":\"1\",\"title\":\"Mikel Keating\",\"slug\":\"mikel-keating\",\"postDate\":1513189260,\"expiryDate\":null,\"enabled\":1,\"parentId\":\"\",\"fields\":{\"13\":\"\",\"5\":[\"9\"],\"4\":[\"49\"],\"6\":\"Mikel\",\"1\":\"<h3>Lorem ipsum dolor sit amet, consetetur sadipscing elitr, sed diam nonumy eirmod tempor invidunt ut labore.<\\/h3>\",\"9\":\"Nurse\",\"10\":\"Sydney\",\"7\":\"Keating\"}}', '2017-12-13 23:32:32', '2017-12-13 23:32:32', '098564fe-4d5b-41df-bfb1-02fb01153a46'),
 ('149', '74', '3', '1', 'en_gb', '2', '', '{\"typeId\":\"3\",\"authorId\":\"1\",\"title\":\"Tammie Zerangue \",\"slug\":\"tammie-zerangue\",\"postDate\":1513189380,\"expiryDate\":null,\"enabled\":1,\"parentId\":\"\",\"fields\":{\"13\":\"\",\"5\":[\"9\"],\"4\":[\"50\"],\"6\":\"Tammie\",\"1\":\"\",\"9\":\"Artist\",\"10\":\"Wellington\",\"7\":\"Zerangue\"}}', '2017-12-13 23:32:59', '2017-12-13 23:32:59', '241afa0c-8b95-4c00-a6e2-183ec0b3ca85'),
 ('150', '75', '3', '1', 'en_gb', '3', '', '{\"typeId\":\"3\",\"authorId\":\"1\",\"title\":\"Markita Pearson\",\"slug\":\"markita-pearson\",\"postDate\":1513189440,\"expiryDate\":null,\"enabled\":1,\"parentId\":\"\",\"fields\":{\"13\":\"\",\"5\":[\"9\"],\"4\":[\"51\"],\"6\":\"Markita\",\"1\":\"\",\"9\":\"Artist\",\"10\":\"Glasgow\",\"7\":\"Pearson\"}}', '2017-12-13 23:33:18', '2017-12-13 23:33:18', '7d1d0304-c181-482d-abde-531ebe591b69'),
 ('151', '74', '3', '1', 'en_gb', '3', '', '{\"typeId\":\"3\",\"authorId\":\"1\",\"title\":\"Tammie Zerangue \",\"slug\":\"tammie-zerangue\",\"postDate\":1513189380,\"expiryDate\":null,\"enabled\":1,\"parentId\":\"\",\"fields\":{\"13\":\"\",\"5\":[\"9\"],\"4\":[\"50\"],\"6\":\"Tammie\",\"1\":\"<h3>Lorem ipsum dolor sit amet, consetetur sadipscing elitr, sed diam nonumy eirmod tempor invidunt ut labore.<\\/h3>\",\"9\":\"Artist\",\"10\":\"Wellington\",\"7\":\"Zerangue\"}}', '2017-12-13 23:33:41', '2017-12-13 23:33:41', '57d232c6-0c01-4359-afc5-0b4ee1415b4f'),
 ('152', '75', '3', '1', 'en_gb', '4', '', '{\"typeId\":\"3\",\"authorId\":\"1\",\"title\":\"Markita Pearson\",\"slug\":\"markita-pearson\",\"postDate\":1513189440,\"expiryDate\":null,\"enabled\":1,\"parentId\":\"\",\"fields\":{\"13\":\"\",\"5\":[\"9\"],\"4\":[\"51\"],\"6\":\"Markita\",\"1\":\"<h3>Lorem ipsum dolor sit amet, consetetur sadipscing elitr, sed diam nonumy eirmod tempor invidunt ut labore.<\\/h3>\",\"9\":\"Artist\",\"10\":\"Glasgow\",\"7\":\"Pearson\"}}', '2017-12-13 23:34:01', '2017-12-13 23:34:01', '79d11bd5-f808-45d8-9ec1-39f5466742f1'),
 ('153', '17', '3', '1', 'en_gb', '28', '', '{\"typeId\":\"3\",\"authorId\":\"1\",\"title\":\"Chloe Walshingam\",\"slug\":\"chloe-walshingam\",\"postDate\":1512947460,\"expiryDate\":null,\"enabled\":1,\"parentId\":\"\",\"fields\":{\"13\":{\"85\":{\"type\":\"image\",\"enabled\":\"1\",\"fields\":{\"image\":[\"34\"],\"position\":\"left\"}},\"84\":{\"type\":\"text\",\"enabled\":\"1\",\"fields\":{\"text\":\"<p>Lorem ipsum dolor sit amet, consectetuer adipiscing elit. Aenean commodo ligula eget dolor. Aenean massa. Cum sociis natoque penatibus et magnis dis parturient montes, nascetur ridiculus mus. Donec quam felis, ultricies nec, pellentesque eu, pretium quis, sem. Nulla consequat massa quis enim. Donec pede justo, fringilla vel, aliquet nec, vulputate eget, arcu.<\\/p>\",\"position\":\"center\"}},\"86\":{\"type\":\"pullQuote\",\"enabled\":\"1\",\"fields\":{\"pullQuote\":\"Lorem ipsum dolor sit amet, consetetur sadipscing elitr, sed diam nonumy eirmod tempor invidunt ut labore et dolore magna aliquyam erat, sed diam voluptua. \",\"position\":\"right\"}},\"87\":{\"type\":\"image\",\"enabled\":\"1\",\"fields\":{\"image\":[\"24\"],\"position\":\"right\"}},\"88\":{\"type\":\"text\",\"enabled\":\"1\",\"fields\":{\"text\":\"<p>Phasellus viverra nulla ut metus varius laoreet. Quisque rutrum. Aenean imperdiet. Etiam ultricies nisi vel augue. Curabitur ullamcorper ultricies nisi. Nam eget dui. Etiam rhoncus. Maecenas tempus, tellus eget condimentum rhoncus, sem quam semper libero, sit amet adipiscing sem neque sed ipsum. Nam quam nunc, blandit vel, luctus pulvinar, hendrerit id, lorem. Maecenas nec odio et ante tincidunt tempus. Donec vitae sapien ut libero venenatis faucibus. Nullam quis ante. Etiam sit amet orci eget eros faucibus tincidunt. Duis leo. Sed fringilla mauris sit amet nibh. Donec sodales sagittis magna. Sed consequat, leo eget bibendum sodales, augue velit cursus nunc, quis gravida magna mi a libero. Fusce vulputate eleifend sapien. Vestibulum purus quam, scelerisque ut, mollis sed, nonummy id, metus. Nullam accumsan lorem in dui. Cras ultricies mi eu turpis hendrerit fringilla. Vestibulum ante ipsum primis in faucibus orci luctus et ultrices posuere cubilia Curae; In ac dui quis mi consectetuer lacinia. Nam pretium turpis et arcu. Duis arcu tortor, suscipit eget, imperdiet nec, imperdiet iaculis, ipsum. Sed aliquam ultrices mauris.<\\/p>\",\"position\":\"left\"}},\"89\":{\"type\":\"image\",\"enabled\":\"1\",\"fields\":{\"image\":[\"24\"],\"position\":\"center\"}}},\"5\":[\"10\"],\"4\":[\"34\"],\"6\":\"Chloe\",\"1\":\"<h3>Lorem ipsum dolor sit amet, consetetur sadipscing elitr, sed diam nonumy eirmod tempor invidunt ut labore.<\\/h3>\",\"9\":\"Designer\",\"10\":\"London\",\"7\":\"Walshingam\"}}', '2017-12-13 23:36:41', '2017-12-13 23:36:41', '8e7bbd2c-a47f-461b-a74e-ce07ba96cde0'),
 ('154', '17', '3', '1', 'en_gb', '29', '', '{\"typeId\":\"3\",\"authorId\":\"1\",\"title\":\"Chloe Walshingam\",\"slug\":\"chloe-walshingam\",\"postDate\":1512947460,\"expiryDate\":null,\"enabled\":1,\"parentId\":\"\",\"fields\":{\"13\":{\"new1\":{\"type\":\"quote\",\"enabled\":\"1\",\"fields\":{\"quote\":\"Test Quote\"}},\"85\":{\"type\":\"image\",\"enabled\":\"1\",\"fields\":{\"image\":[\"34\"],\"position\":\"left\"}},\"84\":{\"type\":\"text\",\"enabled\":\"1\",\"fields\":{\"text\":\"<p>Lorem ipsum dolor sit amet, consectetuer adipiscing elit. Aenean commodo ligula eget dolor. Aenean massa. Cum sociis natoque penatibus et magnis dis parturient montes, nascetur ridiculus mus. Donec quam felis, ultricies nec, pellentesque eu, pretium quis, sem. Nulla consequat massa quis enim. Donec pede justo, fringilla vel, aliquet nec, vulputate eget, arcu.<\\/p>\",\"position\":\"center\"}},\"87\":{\"type\":\"image\",\"enabled\":\"1\",\"fields\":{\"image\":[\"24\"],\"position\":\"right\"}},\"88\":{\"type\":\"text\",\"enabled\":\"1\",\"fields\":{\"text\":\"<p>Phasellus viverra nulla ut metus varius laoreet. Quisque rutrum. Aenean imperdiet. Etiam ultricies nisi vel augue. Curabitur ullamcorper ultricies nisi. Nam eget dui. Etiam rhoncus. Maecenas tempus, tellus eget condimentum rhoncus, sem quam semper libero, sit amet adipiscing sem neque sed ipsum. Nam quam nunc, blandit vel, luctus pulvinar, hendrerit id, lorem. Maecenas nec odio et ante tincidunt tempus. Donec vitae sapien ut libero venenatis faucibus. Nullam quis ante. Etiam sit amet orci eget eros faucibus tincidunt. Duis leo. Sed fringilla mauris sit amet nibh. Donec sodales sagittis magna. Sed consequat, leo eget bibendum sodales, augue velit cursus nunc, quis gravida magna mi a libero. Fusce vulputate eleifend sapien. Vestibulum purus quam, scelerisque ut, mollis sed, nonummy id, metus. Nullam accumsan lorem in dui. Cras ultricies mi eu turpis hendrerit fringilla. Vestibulum ante ipsum primis in faucibus orci luctus et ultrices posuere cubilia Curae; In ac dui quis mi consectetuer lacinia. Nam pretium turpis et arcu. Duis arcu tortor, suscipit eget, imperdiet nec, imperdiet iaculis, ipsum. Sed aliquam ultrices mauris.<\\/p>\",\"position\":\"left\"}},\"89\":{\"type\":\"image\",\"enabled\":\"1\",\"fields\":{\"image\":[\"24\"],\"position\":\"center\"}}},\"5\":[\"10\"],\"4\":[\"34\"],\"6\":\"Chloe\",\"1\":\"<h3>Lorem ipsum dolor sit amet, consetetur sadipscing elitr, sed diam nonumy eirmod tempor invidunt ut labore.<\\/h3>\",\"9\":\"Designer\",\"10\":\"London\",\"7\":\"Walshingam\"}}', '2017-12-13 23:44:38', '2017-12-13 23:44:38', '676d08a4-15ee-45a5-a9b8-ea244fedc1b2'),
 ('155', '17', '3', '1', 'en_gb', '30', '', '{\"typeId\":\"3\",\"authorId\":\"1\",\"title\":\"Chloe Walshingam\",\"slug\":\"chloe-walshingam\",\"postDate\":1512947460,\"expiryDate\":null,\"enabled\":1,\"parentId\":\"\",\"fields\":{\"13\":{\"91\":{\"type\":\"quote\",\"enabled\":\"1\",\"fields\":{\"quote\":\"Test Quote\",\"position\":\"center\"}},\"85\":{\"type\":\"image\",\"enabled\":\"1\",\"fields\":{\"image\":[\"34\"],\"position\":\"left\"}},\"84\":{\"type\":\"text\",\"enabled\":\"1\",\"fields\":{\"text\":\"<p>Lorem ipsum dolor sit amet, consectetuer adipiscing elit. Aenean commodo ligula eget dolor. Aenean massa. Cum sociis natoque penatibus et magnis dis parturient montes, nascetur ridiculus mus. Donec quam felis, ultricies nec, pellentesque eu, pretium quis, sem. Nulla consequat massa quis enim. Donec pede justo, fringilla vel, aliquet nec, vulputate eget, arcu.<\\/p>\",\"position\":\"center\"}},\"87\":{\"type\":\"image\",\"enabled\":\"1\",\"fields\":{\"image\":[\"24\"],\"position\":\"right\"}},\"88\":{\"type\":\"text\",\"enabled\":\"1\",\"fields\":{\"text\":\"<p>Phasellus viverra nulla ut metus varius laoreet. Quisque rutrum. Aenean imperdiet. Etiam ultricies nisi vel augue. Curabitur ullamcorper ultricies nisi. Nam eget dui. Etiam rhoncus. Maecenas tempus, tellus eget condimentum rhoncus, sem quam semper libero, sit amet adipiscing sem neque sed ipsum. Nam quam nunc, blandit vel, luctus pulvinar, hendrerit id, lorem. Maecenas nec odio et ante tincidunt tempus. Donec vitae sapien ut libero venenatis faucibus. Nullam quis ante. Etiam sit amet orci eget eros faucibus tincidunt. Duis leo. Sed fringilla mauris sit amet nibh. Donec sodales sagittis magna. Sed consequat, leo eget bibendum sodales, augue velit cursus nunc, quis gravida magna mi a libero. Fusce vulputate eleifend sapien. Vestibulum purus quam, scelerisque ut, mollis sed, nonummy id, metus. Nullam accumsan lorem in dui. Cras ultricies mi eu turpis hendrerit fringilla. Vestibulum ante ipsum primis in faucibus orci luctus et ultrices posuere cubilia Curae; In ac dui quis mi consectetuer lacinia. Nam pretium turpis et arcu. Duis arcu tortor, suscipit eget, imperdiet nec, imperdiet iaculis, ipsum. Sed aliquam ultrices mauris.<\\/p>\",\"position\":\"left\"}},\"89\":{\"type\":\"image\",\"enabled\":\"1\",\"fields\":{\"image\":[\"24\"],\"position\":\"center\"}}},\"5\":[\"10\"],\"4\":[\"34\"],\"6\":\"Chloe\",\"1\":\"<h3>Lorem ipsum dolor sit amet, consetetur sadipscing elitr, sed diam nonumy eirmod tempor invidunt ut labore.<\\/h3>\",\"9\":\"Designer\",\"10\":\"London\",\"7\":\"Walshingam\"}}', '2017-12-13 23:45:43', '2017-12-13 23:45:43', '13d74d6a-58ff-46f4-b8fc-f73471fe7d6c'),
 ('156', '17', '3', '1', 'en_gb', '31', '', '{\"typeId\":\"3\",\"authorId\":\"1\",\"title\":\"Chloe Walshingam\",\"slug\":\"chloe-walshingam\",\"postDate\":1512947460,\"expiryDate\":null,\"enabled\":1,\"parentId\":\"\",\"fields\":{\"13\":{\"91\":{\"type\":\"quote\",\"enabled\":\"1\",\"fields\":{\"quote\":\"Test Quote\",\"position\":\"center\"}},\"85\":{\"type\":\"image\",\"enabled\":\"1\",\"fields\":{\"image\":[\"24\"],\"position\":\"left\"}},\"84\":{\"type\":\"text\",\"enabled\":\"1\",\"fields\":{\"text\":\"<p>Lorem ipsum dolor sit amet, consectetuer adipiscing elit. Aenean commodo ligula eget dolor. Aenean massa. Cum sociis natoque penatibus et magnis dis parturient montes, nascetur ridiculus mus. Donec quam felis, ultricies nec, pellentesque eu, pretium quis, sem. Nulla consequat massa quis enim. Donec pede justo, fringilla vel, aliquet nec, vulputate eget, arcu.<\\/p>\",\"position\":\"center\"}},\"87\":{\"type\":\"image\",\"enabled\":\"1\",\"fields\":{\"image\":[\"24\"],\"position\":\"right\"}},\"88\":{\"type\":\"text\",\"enabled\":\"1\",\"fields\":{\"text\":\"<p>Phasellus viverra nulla ut metus varius laoreet. Quisque rutrum. Aenean imperdiet. Etiam ultricies nisi vel augue. Curabitur ullamcorper ultricies nisi. Nam eget dui. Etiam rhoncus. Maecenas tempus, tellus eget condimentum rhoncus, sem quam semper libero, sit amet adipiscing sem neque sed ipsum. Nam quam nunc, blandit vel, luctus pulvinar, hendrerit id, lorem. Maecenas nec odio et ante tincidunt tempus. Donec vitae sapien ut libero venenatis faucibus. Nullam quis ante. Etiam sit amet orci eget eros faucibus tincidunt. Duis leo. Sed fringilla mauris sit amet nibh. Donec sodales sagittis magna. Sed consequat, leo eget bibendum sodales, augue velit cursus nunc, quis gravida magna mi a libero. Fusce vulputate eleifend sapien. Vestibulum purus quam, scelerisque ut, mollis sed, nonummy id, metus. Nullam accumsan lorem in dui. Cras ultricies mi eu turpis hendrerit fringilla. Vestibulum ante ipsum primis in faucibus orci luctus et ultrices posuere cubilia Curae; In ac dui quis mi consectetuer lacinia. Nam pretium turpis et arcu. Duis arcu tortor, suscipit eget, imperdiet nec, imperdiet iaculis, ipsum. Sed aliquam ultrices mauris.<\\/p>\",\"position\":\"left\"}},\"89\":{\"type\":\"image\",\"enabled\":\"1\",\"fields\":{\"image\":[\"24\"],\"position\":\"center\"}}},\"5\":[\"10\"],\"4\":[\"34\"],\"6\":\"Chloe\",\"1\":\"<h3>Lorem ipsum dolor sit amet, consetetur sadipscing elitr, sed diam nonumy eirmod tempor invidunt ut labore.<\\/h3>\",\"9\":\"Designer\",\"10\":\"London\",\"7\":\"Walshingam\"}}', '2017-12-13 23:47:38', '2017-12-13 23:47:38', '98443c8d-2b87-405d-b1d5-f626a47aa6b6'),
 ('157', '17', '3', '1', 'en_gb', '32', '', '{\"typeId\":\"3\",\"authorId\":\"1\",\"title\":\"Chloe Walshingam\",\"slug\":\"chloe-walshingam\",\"postDate\":1512947460,\"expiryDate\":null,\"enabled\":1,\"parentId\":\"\",\"fields\":{\"13\":{\"91\":{\"type\":\"quote\",\"enabled\":\"1\",\"fields\":{\"quote\":\"Test Quote\",\"position\":\"center\"}},\"85\":{\"type\":\"image\",\"enabled\":\"1\",\"fields\":{\"image\":[\"24\"],\"position\":\"full\"}},\"84\":{\"type\":\"text\",\"enabled\":\"1\",\"fields\":{\"text\":\"<p>Lorem ipsum dolor sit amet, consectetuer adipiscing elit. Aenean commodo ligula eget dolor. Aenean massa. Cum sociis natoque penatibus et magnis dis parturient montes, nascetur ridiculus mus. Donec quam felis, ultricies nec, pellentesque eu, pretium quis, sem. Nulla consequat massa quis enim. Donec pede justo, fringilla vel, aliquet nec, vulputate eget, arcu.<\\/p>\",\"position\":\"center\"}},\"87\":{\"type\":\"image\",\"enabled\":\"1\",\"fields\":{\"image\":[\"24\"],\"position\":\"right\"}},\"88\":{\"type\":\"text\",\"enabled\":\"1\",\"fields\":{\"text\":\"<p>Phasellus viverra nulla ut metus varius laoreet. Quisque rutrum. Aenean imperdiet. Etiam ultricies nisi vel augue. Curabitur ullamcorper ultricies nisi. Nam eget dui. Etiam rhoncus. Maecenas tempus, tellus eget condimentum rhoncus, sem quam semper libero, sit amet adipiscing sem neque sed ipsum. Nam quam nunc, blandit vel, luctus pulvinar, hendrerit id, lorem. Maecenas nec odio et ante tincidunt tempus. Donec vitae sapien ut libero venenatis faucibus. Nullam quis ante. Etiam sit amet orci eget eros faucibus tincidunt. Duis leo. Sed fringilla mauris sit amet nibh. Donec sodales sagittis magna. Sed consequat, leo eget bibendum sodales, augue velit cursus nunc, quis gravida magna mi a libero. Fusce vulputate eleifend sapien. Vestibulum purus quam, scelerisque ut, mollis sed, nonummy id, metus. Nullam accumsan lorem in dui. Cras ultricies mi eu turpis hendrerit fringilla. Vestibulum ante ipsum primis in faucibus orci luctus et ultrices posuere cubilia Curae; In ac dui quis mi consectetuer lacinia. Nam pretium turpis et arcu. Duis arcu tortor, suscipit eget, imperdiet nec, imperdiet iaculis, ipsum. Sed aliquam ultrices mauris.<\\/p>\",\"position\":\"left\"}},\"89\":{\"type\":\"image\",\"enabled\":\"1\",\"fields\":{\"image\":[\"24\"],\"position\":\"center\"}}},\"5\":[\"10\"],\"4\":[\"34\"],\"6\":\"Chloe\",\"1\":\"<h3>Lorem ipsum dolor sit amet, consetetur sadipscing elitr, sed diam nonumy eirmod tempor invidunt ut labore.<\\/h3>\",\"9\":\"Designer\",\"10\":\"London\",\"7\":\"Walshingam\"}}', '2017-12-13 23:47:49', '2017-12-13 23:47:49', 'e9f29d19-fcb4-4224-bbfa-67940c78b173'),
 ('158', '17', '3', '1', 'en_gb', '33', '', '{\"typeId\":\"3\",\"authorId\":\"1\",\"title\":\"Chloe Walshingam\",\"slug\":\"chloe-walshingam\",\"postDate\":1512947460,\"expiryDate\":null,\"enabled\":1,\"parentId\":\"\",\"fields\":{\"13\":{\"91\":{\"type\":\"quote\",\"enabled\":\"1\",\"fields\":{\"quote\":\"Test Quote\",\"position\":\"center\"}},\"85\":{\"type\":\"image\",\"enabled\":\"1\",\"fields\":{\"image\":[\"24\"],\"position\":\"full\"}},\"84\":{\"type\":\"text\",\"enabled\":\"1\",\"fields\":{\"text\":\"<p>Lorem ipsum dolor sit amet, consectetuer adipiscing elit. Aenean commodo ligula eget dolor. Aenean massa. Cum sociis natoque penatibus et magnis dis parturient montes, nascetur ridiculus mus. Donec quam felis, ultricies nec, pellentesque eu, pretium quis, sem. Nulla consequat massa quis enim. Donec pede justo, fringilla vel, aliquet nec, vulputate eget, arcu.<\\/p>\",\"position\":\"center\"}},\"87\":{\"type\":\"image\",\"enabled\":\"1\",\"fields\":{\"image\":[\"24\"],\"position\":\"right\"}},\"88\":{\"type\":\"text\",\"enabled\":\"1\",\"fields\":{\"text\":\"<p>Phasellus viverra nulla ut metus varius laoreet. Quisque rutrum. Aenean imperdiet. Etiam ultricies nisi vel augue. Curabitur ullamcorper ultricies nisi. Nam eget dui. Etiam rhoncus. Maecenas tempus, tellus eget condimentum rhoncus, sem quam semper libero, sit amet adipiscing sem neque sed ipsum. Nam quam nunc, blandit vel, luctus pulvinar, hendrerit id, lorem. Maecenas nec odio et ante tincidunt tempus. Donec vitae sapien ut libero venenatis faucibus. Nullam quis ante. Etiam sit amet orci eget eros faucibus tincidunt. Duis leo. Sed fringilla mauris sit amet nibh. Donec sodales sagittis magna. Sed consequat, leo eget bibendum sodales, augue velit cursus nunc, quis gravida magna mi a libero. Fusce vulputate eleifend sapien. Vestibulum purus quam, scelerisque ut, mollis sed, nonummy id, metus. Nullam accumsan lorem in dui. Cras ultricies mi eu turpis hendrerit fringilla. Vestibulum ante ipsum primis in faucibus orci luctus et ultrices posuere cubilia Curae; In ac dui quis mi consectetuer lacinia. Nam pretium turpis et arcu. Duis arcu tortor, suscipit eget, imperdiet nec, imperdiet iaculis, ipsum. Sed aliquam ultrices mauris.<\\/p>\",\"position\":\"left\"}},\"89\":{\"type\":\"image\",\"enabled\":\"1\",\"fields\":{\"image\":[\"24\"],\"position\":\"center\"}},\"new1\":{\"type\":\"image\",\"enabled\":\"1\",\"fields\":{\"image\":[\"14\"],\"position\":\"left\"}}},\"5\":[\"10\"],\"4\":[\"34\"],\"6\":\"Chloe\",\"1\":\"<h3>Lorem ipsum dolor sit amet, consetetur sadipscing elitr, sed diam nonumy eirmod tempor invidunt ut labore.<\\/h3>\",\"9\":\"Designer\",\"10\":\"London\",\"7\":\"Walshingam\"}}', '2017-12-13 23:55:11', '2017-12-13 23:55:11', '02809091-c275-49fe-b61d-146b1d6ede23'),
 ('159', '17', '3', '1', 'en_gb', '34', '', '{\"typeId\":\"3\",\"authorId\":\"1\",\"title\":\"Chloe Walshingam\",\"slug\":\"chloe-walshingam\",\"postDate\":1512947460,\"expiryDate\":null,\"enabled\":1,\"parentId\":\"\",\"fields\":{\"13\":{\"91\":{\"type\":\"quote\",\"enabled\":\"1\",\"fields\":{\"quote\":\"Test Quote\",\"position\":\"center\"}},\"85\":{\"type\":\"image\",\"enabled\":\"1\",\"fields\":{\"image\":[\"24\"],\"position\":\"full\"}},\"84\":{\"type\":\"text\",\"enabled\":\"1\",\"fields\":{\"text\":\"<p>Lorem ipsum dolor sit amet, consectetuer adipiscing elit. Aenean commodo ligula eget dolor. Aenean massa. Cum sociis natoque penatibus et magnis dis parturient montes, nascetur ridiculus mus. Donec quam felis, ultricies nec, pellentesque eu, pretium quis, sem. Nulla consequat massa quis enim. Donec pede justo, fringilla vel, aliquet nec, vulputate eget, arcu.<\\/p>\",\"position\":\"center\"}},\"87\":{\"type\":\"image\",\"enabled\":\"1\",\"fields\":{\"image\":[\"24\"],\"position\":\"right\"}},\"88\":{\"type\":\"text\",\"enabled\":\"1\",\"fields\":{\"text\":\"<p>Phasellus viverra nulla ut metus varius laoreet. Quisque rutrum. Aenean imperdiet. Etiam ultricies nisi vel augue. Curabitur ullamcorper ultricies nisi. Nam eget dui. Etiam rhoncus. Maecenas tempus, tellus eget condimentum rhoncus, sem quam semper libero, sit amet adipiscing sem neque sed ipsum. Nam quam nunc, blandit vel, luctus pulvinar, hendrerit id, lorem. Maecenas nec odio et ante tincidunt tempus. Donec vitae sapien ut libero venenatis faucibus. Nullam quis ante. Etiam sit amet orci eget eros faucibus tincidunt. Duis leo. Sed fringilla mauris sit amet nibh. Donec sodales sagittis magna. Sed consequat, leo eget bibendum sodales, augue velit cursus nunc, quis gravida magna mi a libero. Fusce vulputate eleifend sapien. Vestibulum purus quam, scelerisque ut, mollis sed, nonummy id, metus. Nullam accumsan lorem in dui. Cras ultricies mi eu turpis hendrerit fringilla. Vestibulum ante ipsum primis in faucibus orci luctus et ultrices posuere cubilia Curae; In ac dui quis mi consectetuer lacinia. Nam pretium turpis et arcu. Duis arcu tortor, suscipit eget, imperdiet nec, imperdiet iaculis, ipsum. Sed aliquam ultrices mauris.<\\/p>\",\"position\":\"left\"}},\"89\":{\"type\":\"image\",\"enabled\":\"1\",\"fields\":{\"image\":[\"24\"],\"position\":\"center\"}},\"92\":{\"type\":\"image\",\"enabled\":\"1\",\"fields\":{\"image\":[\"24\"],\"position\":\"left\"}}},\"5\":[\"10\"],\"4\":[\"34\"],\"6\":\"Chloe\",\"1\":\"<h3>Lorem ipsum dolor sit amet, consetetur sadipscing elitr, sed diam nonumy eirmod tempor invidunt ut labore.<\\/h3>\",\"9\":\"Designer\",\"10\":\"London\",\"7\":\"Walshingam\"}}', '2017-12-13 23:55:41', '2017-12-13 23:55:41', 'e54cce40-1796-4c43-ab20-9a1fedf4ff43'),
 ('160', '17', '3', '1', 'en_gb', '35', '', '{\"typeId\":\"3\",\"authorId\":\"1\",\"title\":\"Chloe Walshingam\",\"slug\":\"chloe-walshingam\",\"postDate\":1512947460,\"expiryDate\":null,\"enabled\":1,\"parentId\":\"\",\"fields\":{\"13\":{\"91\":{\"type\":\"quote\",\"enabled\":\"1\",\"fields\":{\"quote\":\"Test Quote\",\"position\":\"center\"}},\"85\":{\"type\":\"image\",\"enabled\":\"1\",\"fields\":{\"image\":[\"24\"],\"position\":\"full\"}},\"84\":{\"type\":\"text\",\"enabled\":\"1\",\"fields\":{\"text\":\"<p>Lorem ipsum dolor sit amet, consectetuer adipiscing elit. Aenean commodo ligula eget dolor. Aenean massa. Cum sociis natoque penatibus et magnis dis parturient montes, nascetur ridiculus mus. Donec quam felis, ultricies nec, pellentesque eu, pretium quis, sem. Nulla consequat massa quis enim. Donec pede justo, fringilla vel, aliquet nec, vulputate eget, arcu.<\\/p>\",\"position\":\"center\"}},\"87\":{\"type\":\"image\",\"enabled\":\"1\",\"fields\":{\"image\":[\"24\"],\"position\":\"right\"}},\"88\":{\"type\":\"text\",\"enabled\":\"1\",\"fields\":{\"text\":\"<p>Phasellus viverra nulla ut metus varius laoreet. Quisque rutrum. Aenean imperdiet. Etiam ultricies nisi vel augue. Curabitur ullamcorper ultricies nisi. Nam eget dui. Etiam rhoncus. Maecenas tempus, tellus eget condimentum rhoncus, sem quam semper libero, sit amet adipiscing sem neque sed ipsum. Nam quam nunc, blandit vel, luctus pulvinar, hendrerit id, lorem. Maecenas nec odio et ante tincidunt tempus. Donec vitae sapien ut libero venenatis faucibus. Nullam quis ante. Etiam sit amet orci eget eros faucibus tincidunt. Duis leo. Sed fringilla mauris sit amet nibh. Donec sodales sagittis magna. Sed consequat, leo eget bibendum sodales, augue velit cursus nunc, quis gravida magna mi a libero. Fusce vulputate eleifend sapien. Vestibulum purus quam, scelerisque ut, mollis sed, nonummy id, metus. Nullam accumsan lorem in dui. Cras ultricies mi eu turpis hendrerit fringilla. Vestibulum ante ipsum primis in faucibus orci luctus et ultrices posuere cubilia Curae; In ac dui quis mi consectetuer lacinia. Nam pretium turpis et arcu. Duis arcu tortor, suscipit eget, imperdiet nec, imperdiet iaculis, ipsum. Sed aliquam ultrices mauris.<\\/p>\",\"position\":\"left\"}},\"89\":{\"type\":\"image\",\"enabled\":\"1\",\"fields\":{\"image\":[\"24\"],\"position\":\"center\"}},\"new1\":{\"type\":\"text\",\"enabled\":\"1\",\"fields\":{\"text\":\"<p>Nullam quis risus eget urna mollis ornare vel eu leo. Aenean lacinia bibendum nulla sed consectetur. Donec sed odio dui. Donec sed odio dui. Morbi leo risus, porta ac consectetur ac, vestibulum at eros. Cras justo odio, dapibus ac facilisis in, egestas eget quam.<\\/p>\",\"position\":\"right\"}},\"92\":{\"type\":\"image\",\"enabled\":\"1\",\"fields\":{\"image\":[\"24\"],\"position\":\"left\"}}},\"5\":[\"10\"],\"4\":[\"34\"],\"6\":\"Chloe\",\"1\":\"<h3>Lorem ipsum dolor sit amet, consetetur sadipscing elitr, sed diam nonumy eirmod tempor invidunt ut labore.<\\/h3>\",\"9\":\"Designer\",\"10\":\"London\",\"7\":\"Walshingam\"}}', '2017-12-13 23:56:06', '2017-12-13 23:56:06', '299d0de6-e1e8-4f63-a0fc-df0534059f8c');



DROP TABLE IF EXISTS `craft_fieldgroups`;


--
-- Schema for table `craft_fieldgroups`
--
CREATE TABLE `craft_fieldgroups` (
  `id` int(11) NOT NULL AUTO_INCREMENT,
  `name` varchar(255) COLLATE utf8_unicode_ci NOT NULL,
  `dateCreated` datetime NOT NULL,
  `dateUpdated` datetime NOT NULL,
  `uid` char(36) COLLATE utf8_unicode_ci NOT NULL DEFAULT '0',
  PRIMARY KEY (`id`),
  UNIQUE KEY `craft_fieldgroups_name_unq_idx` (`name`)
) ENGINE=InnoDB AUTO_INCREMENT=2 DEFAULT CHARSET=utf8 COLLATE=utf8_unicode_ci;

--
-- Data for table `craft_fieldgroups`
--

INSERT INTO `craft_fieldgroups` (`id`, `name`, `dateCreated`, `dateUpdated`, `uid`) VALUES
 ('1', 'Default', '2017-12-10 22:25:19', '2017-12-10 22:25:19', 'fe947e49-bfbd-4828-a6c0-147b006bfc59');



DROP TABLE IF EXISTS `craft_fieldlayoutfields`;


--
-- Schema for table `craft_fieldlayoutfields`
--
CREATE TABLE `craft_fieldlayoutfields` (
  `id` int(11) NOT NULL AUTO_INCREMENT,
  `layoutId` int(11) NOT NULL,
  `tabId` int(11) NOT NULL,
  `fieldId` int(11) NOT NULL,
  `required` tinyint(1) unsigned NOT NULL DEFAULT '0',
  `sortOrder` smallint(6) unsigned DEFAULT NULL,
  `dateCreated` datetime NOT NULL,
  `dateUpdated` datetime NOT NULL,
  `uid` char(36) COLLATE utf8_unicode_ci NOT NULL DEFAULT '0',
  PRIMARY KEY (`id`),
  UNIQUE KEY `craft_fieldlayoutfields_layoutId_fieldId_unq_idx` (`layoutId`,`fieldId`),
  KEY `craft_fieldlayoutfields_sortOrder_idx` (`sortOrder`),
  KEY `craft_fieldlayoutfields_tabId_fk` (`tabId`),
  KEY `craft_fieldlayoutfields_fieldId_fk` (`fieldId`)
) ENGINE=InnoDB AUTO_INCREMENT=114 DEFAULT CHARSET=utf8 COLLATE=utf8_unicode_ci;

--
-- Data for table `craft_fieldlayoutfields`
--

INSERT INTO `craft_fieldlayoutfields` (`id`, `layoutId`, `tabId`, `fieldId`, `required`, `sortOrder`, `dateCreated`, `dateUpdated`, `uid`) VALUES
 ('20', '15', '9', '4', '0', '1', '2017-12-12 17:38:30', '2017-12-12 17:38:30', '50b5010c-8b2b-4eac-8062-233d60c550fb'),
 ('21', '15', '9', '8', '0', '2', '2017-12-12 17:38:30', '2017-12-12 17:38:30', '1edcdc06-d7c3-49d3-a25d-b5e3cae72fe3'),
 ('22', '15', '9', '1', '0', '3', '2017-12-12 17:38:30', '2017-12-12 17:38:30', '0012c734-cae6-42b1-99ed-922748d8ab8c'),
 ('75', '37', '31', '8', '1', '1', '2017-12-13 23:06:45', '2017-12-13 23:06:45', '3a794af4-4633-40c3-a0ce-49af30c86eb9'),
 ('76', '37', '31', '1', '1', '2', '2017-12-13 23:06:45', '2017-12-13 23:06:45', 'e228efe0-cc22-4821-a76c-6afe940e0f70'),
 ('93', '40', '36', '6', '0', '1', '2017-12-13 23:40:39', '2017-12-13 23:40:39', '919aced4-d6ad-47fd-962e-1d88d59b7cb4'),
 ('94', '40', '36', '7', '0', '2', '2017-12-13 23:40:39', '2017-12-13 23:40:39', '7f1edcc9-a83e-4451-b4e0-36263af16813'),
 ('95', '40', '36', '5', '0', '3', '2017-12-13 23:40:39', '2017-12-13 23:40:39', '37707e52-153d-4f4d-94c2-4ea4ebe4a3b0'),
 ('96', '40', '36', '9', '0', '4', '2017-12-13 23:40:39', '2017-12-13 23:40:39', 'e93f16d0-c348-4e3f-87d6-17b7ad24c7c7'),
 ('97', '40', '36', '10', '0', '5', '2017-12-13 23:40:39', '2017-12-13 23:40:39', '737b480b-b4cb-4f8d-9b77-b3ae9c182753'),
 ('98', '40', '36', '4', '0', '6', '2017-12-13 23:40:39', '2017-12-13 23:40:39', 'a8a7a0af-0704-4f6f-8656-3f4546e79ae7'),
 ('99', '40', '37', '1', '0', '1', '2017-12-13 23:40:39', '2017-12-13 23:40:39', 'bf7259f3-9b01-44af-b155-9f07c6829354'),
 ('100', '40', '37', '13', '0', '2', '2017-12-13 23:40:39', '2017-12-13 23:40:39', '0c250c71-1255-4a2d-8ade-b4d6e076bcf6'),
 ('107', '45', '42', '14', '0', '1', '2017-12-13 23:45:23', '2017-12-13 23:45:23', '81557337-4d01-4626-9c8b-6afed788c9d6'),
 ('108', '46', '43', '15', '0', '1', '2017-12-13 23:45:23', '2017-12-13 23:45:23', '558382d1-fe49-41b9-9076-2cc56677775c'),
 ('109', '46', '43', '19', '0', '2', '2017-12-13 23:45:23', '2017-12-13 23:45:23', 'd8ed20fa-669a-4a40-a165-89d2956bbcf1'),
 ('110', '47', '44', '18', '0', '1', '2017-12-13 23:45:23', '2017-12-13 23:45:23', 'e861b8bb-7124-4f3b-95c2-0a78ef5fdd91'),
 ('111', '47', '44', '21', '0', '2', '2017-12-13 23:45:23', '2017-12-13 23:45:23', 'f06918e3-b2a2-45e5-bc12-38d7ffb221ca'),
 ('112', '48', '45', '20', '0', '1', '2017-12-13 23:45:23', '2017-12-13 23:45:23', '141c3b2f-d225-462c-8653-0f1f43304d5e'),
 ('113', '48', '45', '22', '0', '2', '2017-12-13 23:45:23', '2017-12-13 23:45:23', 'c4bea24a-8aa5-4960-9600-160adb597dde');



DROP TABLE IF EXISTS `craft_fieldlayouts`;


--
-- Schema for table `craft_fieldlayouts`
--
CREATE TABLE `craft_fieldlayouts` (
  `id` int(11) NOT NULL AUTO_INCREMENT,
  `type` varchar(150) COLLATE utf8_unicode_ci NOT NULL,
  `dateCreated` datetime NOT NULL,
  `dateUpdated` datetime NOT NULL,
  `uid` char(36) COLLATE utf8_unicode_ci NOT NULL DEFAULT '0',
  PRIMARY KEY (`id`),
  KEY `craft_fieldlayouts_type_idx` (`type`)
) ENGINE=InnoDB AUTO_INCREMENT=49 DEFAULT CHARSET=utf8 COLLATE=utf8_unicode_ci;

--
-- Data for table `craft_fieldlayouts`
--

INSERT INTO `craft_fieldlayouts` (`id`, `type`, `dateCreated`, `dateUpdated`, `uid`) VALUES
 ('1', 'Tag', '2017-12-10 22:25:19', '2017-12-10 22:25:19', 'e13dd61f-2e16-4275-8513-ae839ac639d4'),
 ('6', 'Asset', '2017-12-10 22:29:23', '2017-12-10 22:29:23', 'f1b41db4-03d2-44a1-a618-990603a416bd'),
 ('15', 'Category', '2017-12-12 17:38:30', '2017-12-12 17:38:30', 'df8ec9ac-3b45-4cee-acd8-e134e9618a45'),
 ('37', 'Entry', '2017-12-13 23:06:45', '2017-12-13 23:06:45', 'd2802c16-b054-443c-a35e-1ad3e0b7717e'),
 ('40', 'Entry', '2017-12-13 23:40:39', '2017-12-13 23:40:39', '122cd32d-f0b0-4731-ba1c-f0822d8ae337'),
 ('45', 'MatrixBlock', '2017-12-13 23:45:23', '2017-12-13 23:45:23', 'ce40ad4f-4ed6-4644-9297-44eb348a9f53'),
 ('46', 'MatrixBlock', '2017-12-13 23:45:23', '2017-12-13 23:45:23', '7f0fd282-04e7-4fa5-b0ee-fa85df050f05'),
 ('47', 'MatrixBlock', '2017-12-13 23:45:23', '2017-12-13 23:45:23', 'd8ef22f7-e1e4-4d11-ae4f-de458993ddcc'),
 ('48', 'MatrixBlock', '2017-12-13 23:45:23', '2017-12-13 23:45:23', '6bd3350d-f7f2-4753-92f6-6b376818b03a');



DROP TABLE IF EXISTS `craft_fieldlayouttabs`;


--
-- Schema for table `craft_fieldlayouttabs`
--
CREATE TABLE `craft_fieldlayouttabs` (
  `id` int(11) NOT NULL AUTO_INCREMENT,
  `layoutId` int(11) NOT NULL,
  `name` varchar(255) COLLATE utf8_unicode_ci NOT NULL,
  `sortOrder` smallint(6) unsigned DEFAULT NULL,
  `dateCreated` datetime NOT NULL,
  `dateUpdated` datetime NOT NULL,
  `uid` char(36) COLLATE utf8_unicode_ci NOT NULL DEFAULT '0',
  PRIMARY KEY (`id`),
  KEY `craft_fieldlayouttabs_sortOrder_idx` (`sortOrder`),
  KEY `craft_fieldlayouttabs_layoutId_fk` (`layoutId`)
) ENGINE=InnoDB AUTO_INCREMENT=46 DEFAULT CHARSET=utf8 COLLATE=utf8_unicode_ci;

--
-- Data for table `craft_fieldlayouttabs`
--

INSERT INTO `craft_fieldlayouttabs` (`id`, `layoutId`, `name`, `sortOrder`, `dateCreated`, `dateUpdated`, `uid`) VALUES
 ('9', '15', 'Layout', '1', '2017-12-12 17:38:30', '2017-12-12 17:38:30', '6e1d4aaf-b116-42a6-a5f4-84401e635c4f'),
 ('31', '37', 'Content', '1', '2017-12-13 23:06:45', '2017-12-13 23:06:45', '02e60fa2-4593-4442-81c8-ec5b81f496d3'),
 ('36', '40', 'Main', '1', '2017-12-13 23:40:39', '2017-12-13 23:40:39', 'f892775b-b929-4cd9-ab6b-70b46275a69d'),
 ('37', '40', 'Article', '2', '2017-12-13 23:40:39', '2017-12-13 23:40:39', '77b0ffdf-5b35-440e-a523-7ec8b4972d7b'),
 ('42', '45', 'Content', '1', '2017-12-13 23:45:23', '2017-12-13 23:45:23', '7672dd30-8fc6-4411-9d37-017ddbd29ef4'),
 ('43', '46', 'Content', '1', '2017-12-13 23:45:23', '2017-12-13 23:45:23', 'fa1bc174-41bc-433c-b553-87b6c9ab93e0'),
 ('44', '47', 'Content', '1', '2017-12-13 23:45:23', '2017-12-13 23:45:23', 'eaa59ad8-cfda-41f2-900c-ca76a709c071'),
 ('45', '48', 'Content', '1', '2017-12-13 23:45:23', '2017-12-13 23:45:23', 'a00ee1b5-88ff-4e7c-a762-a2e3b9fc1f9b');



DROP TABLE IF EXISTS `craft_fields`;


--
-- Schema for table `craft_fields`
--
CREATE TABLE `craft_fields` (
  `id` int(11) NOT NULL AUTO_INCREMENT,
  `groupId` int(11) DEFAULT NULL,
  `name` varchar(255) COLLATE utf8_unicode_ci NOT NULL,
  `handle` varchar(58) COLLATE utf8_unicode_ci NOT NULL,
  `context` varchar(255) COLLATE utf8_unicode_ci NOT NULL DEFAULT 'global',
  `instructions` text COLLATE utf8_unicode_ci,
  `translatable` tinyint(1) unsigned NOT NULL DEFAULT '0',
  `type` varchar(150) COLLATE utf8_unicode_ci NOT NULL,
  `settings` text COLLATE utf8_unicode_ci,
  `dateCreated` datetime NOT NULL,
  `dateUpdated` datetime NOT NULL,
  `uid` char(36) COLLATE utf8_unicode_ci NOT NULL DEFAULT '0',
  PRIMARY KEY (`id`),
  UNIQUE KEY `craft_fields_handle_context_unq_idx` (`handle`,`context`),
  KEY `craft_fields_context_idx` (`context`),
  KEY `craft_fields_groupId_fk` (`groupId`)
) ENGINE=InnoDB AUTO_INCREMENT=23 DEFAULT CHARSET=utf8 COLLATE=utf8_unicode_ci;

--
-- Data for table `craft_fields`
--

INSERT INTO `craft_fields` (`id`, `groupId`, `name`, `handle`, `context`, `instructions`, `translatable`, `type`, `settings`, `dateCreated`, `dateUpdated`, `uid`) VALUES
 ('1', '1', 'Hero Text', 'heroText', 'global', '', '0', 'RichText', '{\"configFile\":\"Standard.json\",\"availableAssetSources\":\"*\",\"availableTransforms\":\"*\",\"cleanupHtml\":\"1\",\"purifyHtml\":\"1\",\"purifierConfig\":\"\",\"columnType\":\"text\"}', '2017-12-10 22:25:19', '2017-12-13 23:19:21', 'a61d9864-d0f4-42bc-bc12-50bb4100f1cc'),
 ('2', '1', 'Tags', 'tags', 'global', NULL, '0', 'Tags', '{\"source\":\"taggroup:1\"}', '2017-12-10 22:25:19', '2017-12-10 22:25:19', '992e48a5-1d7f-49b1-aa6f-9a4855a6a8bb'),
 ('4', '1', 'Feature Image', 'featureImage', 'global', '', '0', 'Assets', '{\"useSingleFolder\":\"\",\"sources\":[\"folder:1\"],\"defaultUploadLocationSource\":\"1\",\"defaultUploadLocationSubpath\":\"\",\"singleUploadLocationSource\":\"1\",\"singleUploadLocationSubpath\":\"\",\"restrictFiles\":\"\",\"limit\":\"1\",\"viewMode\":\"large\",\"selectionLabel\":\"\"}', '2017-12-10 22:36:36', '2017-12-13 23:04:05', '79bc9b20-55eb-4380-ab8c-b9f380ada7f7'),
 ('5', '1', 'Class', 'class', 'global', '', '0', 'Categories', '{\"source\":\"group:1\",\"limit\":\"1\",\"selectionLabel\":\"Add a Class\"}', '2017-12-10 23:07:53', '2017-12-10 23:08:14', '255a95d0-1723-4c9a-b244-11745d6c203e'),
 ('6', '1', 'Forename', 'forename', 'global', '', '0', 'PlainText', '{\"placeholder\":\"\",\"maxLength\":\"\",\"multiline\":\"\",\"initialRows\":\"4\"}', '2017-12-12 17:25:25', '2017-12-12 17:25:25', '5dc99797-1bb0-4bf9-bbb2-ccacb108304e'),
 ('7', '1', 'Surname', 'surname', 'global', '', '0', 'PlainText', '{\"placeholder\":\"\",\"maxLength\":\"\",\"multiline\":\"\",\"initialRows\":\"4\"}', '2017-12-12 17:25:34', '2017-12-13 17:53:07', 'c27f4a2d-7aaf-484a-b4b1-88618d31e774'),
 ('8', '1', 'Hero Image', 'heroImage', 'global', '', '0', 'Assets', '{\"useSingleFolder\":\"\",\"sources\":[\"folder:1\"],\"defaultUploadLocationSource\":\"1\",\"defaultUploadLocationSubpath\":\"\",\"singleUploadLocationSource\":\"1\",\"singleUploadLocationSubpath\":\"\",\"restrictFiles\":\"\",\"limit\":\"\",\"viewMode\":\"large\",\"selectionLabel\":\"\"}', '2017-12-12 17:37:35', '2017-12-13 23:05:33', '9c7c75e8-4ad4-468f-98ab-934af0418927'),
 ('9', '1', 'Job', 'job', 'global', '', '0', 'PlainText', '{\"placeholder\":\"Job\",\"maxLength\":\"\",\"multiline\":\"\",\"initialRows\":\"4\"}', '2017-12-13 18:36:59', '2017-12-13 18:36:59', '32f102e0-945e-4eca-a041-6ca62cf914d6'),
 ('10', '1', 'Location', 'location', 'global', '', '0', 'PlainText', '{\"placeholder\":\"Location\",\"maxLength\":\"\",\"multiline\":\"\",\"initialRows\":\"4\"}', '2017-12-13 18:40:26', '2017-12-13 18:40:26', '0182a195-fc82-4715-b059-74d0a23c02c7'),
 ('11', '1', 'Image', 'image', 'global', '', '0', 'Assets', '{\"useSingleFolder\":\"\",\"sources\":[\"folder:1\"],\"defaultUploadLocationSource\":\"1\",\"defaultUploadLocationSubpath\":\"\",\"singleUploadLocationSource\":\"1\",\"singleUploadLocationSubpath\":\"\",\"restrictFiles\":\"1\",\"allowedKinds\":[\"image\"],\"limit\":\"\",\"viewMode\":\"large\",\"selectionLabel\":\"\"}', '2017-12-13 20:10:27', '2017-12-13 20:10:27', '7d13e287-c339-47e8-a331-b8f85aafacf5'),
 ('12', '1', 'Quote', 'quote', 'global', '', '0', 'PlainText', '{\"placeholder\":\"\",\"maxLength\":\"\",\"multiline\":\"\",\"initialRows\":\"4\"}', '2017-12-13 20:11:58', '2017-12-13 23:41:41', '92d6fcb6-a69b-4652-815b-de5bc4930303'),
 ('13', '1', 'Article Body', 'articleBody', 'global', '', '0', 'Matrix', '{\"maxBlocks\":null}', '2017-12-13 20:18:46', '2017-12-13 23:45:23', '45888927-4470-4520-9f9f-3c2633673a51'),
 ('14', NULL, '__blank__', 'heading', 'matrixBlockType:1', '', '0', 'PlainText', '{\"placeholder\":\"\",\"maxLength\":\"\",\"multiline\":\"\",\"initialRows\":\"4\"}', '2017-12-13 20:18:46', '2017-12-13 23:45:23', 'd3a73cc7-b2d5-4f89-a162-9912c9843b86'),
 ('15', NULL, '__blank__', 'text', 'matrixBlockType:2', '', '0', 'RichText', '{\"configFile\":\"\",\"availableAssetSources\":\"*\",\"availableTransforms\":\"*\",\"cleanupHtml\":\"1\",\"purifyHtml\":\"1\",\"purifierConfig\":\"\",\"columnType\":\"text\"}', '2017-12-13 20:18:47', '2017-12-13 23:45:23', 'c25f2b3f-c7d1-4c02-8628-311236ea332f'),
 ('18', NULL, '__blank__', 'image', 'matrixBlockType:4', '', '0', 'Assets', '{\"useSingleFolder\":\"\",\"sources\":\"*\",\"defaultUploadLocationSource\":\"1\",\"defaultUploadLocationSubpath\":\"articles\",\"singleUploadLocationSource\":\"1\",\"singleUploadLocationSubpath\":\"\",\"restrictFiles\":\"1\",\"allowedKinds\":[\"image\"],\"limit\":\"\",\"viewMode\":\"large\",\"selectionLabel\":\"\"}', '2017-12-13 20:21:03', '2017-12-13 23:45:23', '3d5275ab-78b6-4f73-a349-e3af752c8e42'),
 ('19', NULL, '__blank__', 'position', 'matrixBlockType:2', '', '0', 'PositionSelect', '{\"options\":[\"left\",\"center\",\"right\",\"full\"]}', '2017-12-13 20:22:28', '2017-12-13 23:45:23', '142d6e3f-1499-40e5-aae0-35d7a650d53c'),
 ('20', NULL, '__blank__', 'quote', 'matrixBlockType:5', '', '0', 'PlainText', '{\"placeholder\":\"\",\"maxLength\":\"\",\"multiline\":\"\",\"initialRows\":\"4\"}', '2017-12-13 20:22:28', '2017-12-13 23:45:23', 'fea8049c-cd42-4795-9118-8f4c7c5593ca'),
 ('21', NULL, 'position', 'position', 'matrixBlockType:4', '', '0', 'PositionSelect', '{\"options\":[\"left\",\"center\",\"right\",\"full\"]}', '2017-12-13 20:25:59', '2017-12-13 23:45:23', '5edd3c5f-ca16-4f69-b851-f78d15bff2b2'),
 ('22', NULL, 'Position', 'position', 'matrixBlockType:5', '', '0', 'PositionSelect', '{\"options\":[\"left\",\"center\",\"right\",\"full\"]}', '2017-12-13 23:45:23', '2017-12-13 23:45:23', '3fe350dd-076a-4e48-b7ee-5d3d356af5ff');



DROP TABLE IF EXISTS `craft_globalsets`;


--
-- Schema for table `craft_globalsets`
--
CREATE TABLE `craft_globalsets` (
  `id` int(11) NOT NULL,
  `name` varchar(255) COLLATE utf8_unicode_ci NOT NULL,
  `handle` varchar(255) COLLATE utf8_unicode_ci NOT NULL,
  `fieldLayoutId` int(10) DEFAULT NULL,
  `dateCreated` datetime NOT NULL,
  `dateUpdated` datetime NOT NULL,
  `uid` char(36) COLLATE utf8_unicode_ci NOT NULL DEFAULT '0',
  PRIMARY KEY (`id`),
  UNIQUE KEY `craft_globalsets_name_unq_idx` (`name`),
  UNIQUE KEY `craft_globalsets_handle_unq_idx` (`handle`),
  KEY `craft_globalsets_fieldLayoutId_fk` (`fieldLayoutId`)
) ENGINE=InnoDB DEFAULT CHARSET=utf8 COLLATE=utf8_unicode_ci;

DROP TABLE IF EXISTS `craft_info`;


--
-- Schema for table `craft_info`
--
CREATE TABLE `craft_info` (
  `id` int(11) NOT NULL AUTO_INCREMENT,
  `version` varchar(50) COLLATE utf8_unicode_ci NOT NULL,
  `schemaVersion` varchar(15) COLLATE utf8_unicode_ci NOT NULL,
  `edition` tinyint(1) unsigned NOT NULL DEFAULT '0',
  `siteName` varchar(100) COLLATE utf8_unicode_ci NOT NULL,
  `siteUrl` varchar(255) COLLATE utf8_unicode_ci NOT NULL,
  `timezone` varchar(30) COLLATE utf8_unicode_ci DEFAULT NULL,
  `on` tinyint(1) unsigned NOT NULL DEFAULT '0',
  `maintenance` tinyint(1) unsigned NOT NULL DEFAULT '0',
  `dateCreated` datetime NOT NULL,
  `dateUpdated` datetime NOT NULL,
  `uid` char(36) COLLATE utf8_unicode_ci NOT NULL DEFAULT '0',
  PRIMARY KEY (`id`)
) ENGINE=InnoDB AUTO_INCREMENT=2 DEFAULT CHARSET=utf8 COLLATE=utf8_unicode_ci;

--
-- Data for table `craft_info`
--

INSERT INTO `craft_info` (`id`, `version`, `schemaVersion`, `edition`, `siteName`, `siteUrl`, `timezone`, `on`, `maintenance`, `dateCreated`, `dateUpdated`, `uid`) VALUES
 ('1', '2.6.3000', '2.6.13', '0', 'Class of 2018', 'http://gareths-imac.local:5757', 'UTC', '1', '0', '2017-12-10 22:25:14', '2017-12-10 22:25:14', 'f9f6adc3-15c1-4e8d-a195-1294f36daa14');



DROP TABLE IF EXISTS `craft_locales`;


--
-- Schema for table `craft_locales`
--
CREATE TABLE `craft_locales` (
  `locale` char(12) COLLATE utf8_unicode_ci NOT NULL,
  `sortOrder` smallint(6) unsigned DEFAULT NULL,
  `dateCreated` datetime NOT NULL,
  `dateUpdated` datetime NOT NULL,
  `uid` char(36) COLLATE utf8_unicode_ci NOT NULL DEFAULT '0',
  PRIMARY KEY (`locale`),
  KEY `craft_locales_sortOrder_idx` (`sortOrder`)
) ENGINE=InnoDB DEFAULT CHARSET=utf8 COLLATE=utf8_unicode_ci;

--
-- Data for table `craft_locales`
--

INSERT INTO `craft_locales` (`locale`, `sortOrder`, `dateCreated`, `dateUpdated`, `uid`) VALUES
 ('en_gb', '1', '2017-12-10 22:25:15', '2017-12-10 22:25:15', 'a221d221-da96-45e1-a349-73f4f0d5d2c1');



DROP TABLE IF EXISTS `craft_matrixblocks`;


--
-- Schema for table `craft_matrixblocks`
--
CREATE TABLE `craft_matrixblocks` (
  `id` int(11) NOT NULL,
  `ownerId` int(11) NOT NULL,
  `fieldId` int(11) NOT NULL,
  `typeId` int(11) DEFAULT NULL,
  `sortOrder` smallint(6) unsigned DEFAULT NULL,
  `ownerLocale` char(12) COLLATE utf8_unicode_ci DEFAULT NULL,
  `dateCreated` datetime NOT NULL,
  `dateUpdated` datetime NOT NULL,
  `uid` char(36) COLLATE utf8_unicode_ci NOT NULL DEFAULT '0',
  PRIMARY KEY (`id`),
  KEY `craft_matrixblocks_ownerId_idx` (`ownerId`),
  KEY `craft_matrixblocks_fieldId_idx` (`fieldId`),
  KEY `craft_matrixblocks_typeId_idx` (`typeId`),
  KEY `craft_matrixblocks_sortOrder_idx` (`sortOrder`),
  KEY `craft_matrixblocks_ownerLocale_fk` (`ownerLocale`)
) ENGINE=InnoDB DEFAULT CHARSET=utf8 COLLATE=utf8_unicode_ci;

--
-- Data for table `craft_matrixblocks`
--

INSERT INTO `craft_matrixblocks` (`id`, `ownerId`, `fieldId`, `typeId`, `sortOrder`, `ownerLocale`, `dateCreated`, `dateUpdated`, `uid`) VALUES
 ('84', '17', '13', '2', '3', NULL, '2017-12-13 20:25:34', '2017-12-13 23:56:06', '2bfbfb31-720b-4fdb-ae7e-8c0db5c57ee3'),
 ('85', '17', '13', '4', '2', NULL, '2017-12-13 20:38:07', '2017-12-13 23:56:06', '659db4bf-c424-449c-9072-1cde0c6a7b3b'),
 ('87', '17', '13', '4', '4', NULL, '2017-12-13 20:38:07', '2017-12-13 23:56:06', '015fa8bc-c4a4-4db5-8e47-28f4ce2528d0'),
 ('88', '17', '13', '2', '5', NULL, '2017-12-13 20:38:07', '2017-12-13 23:56:06', '100c63ac-2cba-4190-b36b-3949ea55588f'),
 ('89', '17', '13', '4', '6', NULL, '2017-12-13 20:38:07', '2017-12-13 23:56:06', '7fad1a9a-1e07-456f-b4de-c41e1058afd6'),
 ('91', '17', '13', '5', '1', NULL, '2017-12-13 23:44:38', '2017-12-13 23:56:06', '71f98ce0-63f4-4586-990a-ceb30cfcf594'),
 ('92', '17', '13', '4', '8', NULL, '2017-12-13 23:55:11', '2017-12-13 23:56:06', 'e7d9c7c2-8e8a-43b6-9a91-2f8793160a34'),
 ('93', '17', '13', '2', '7', NULL, '2017-12-13 23:56:06', '2017-12-13 23:56:06', 'aafb92f7-0413-4a65-9802-bfb7819bb450');



DROP TABLE IF EXISTS `craft_matrixblocktypes`;


--
-- Schema for table `craft_matrixblocktypes`
--
CREATE TABLE `craft_matrixblocktypes` (
  `id` int(11) NOT NULL AUTO_INCREMENT,
  `fieldId` int(11) NOT NULL,
  `fieldLayoutId` int(11) DEFAULT NULL,
  `name` varchar(255) COLLATE utf8_unicode_ci NOT NULL,
  `handle` varchar(255) COLLATE utf8_unicode_ci NOT NULL,
  `sortOrder` smallint(6) unsigned DEFAULT NULL,
  `dateCreated` datetime NOT NULL,
  `dateUpdated` datetime NOT NULL,
  `uid` char(36) COLLATE utf8_unicode_ci NOT NULL DEFAULT '0',
  PRIMARY KEY (`id`),
  UNIQUE KEY `craft_matrixblocktypes_name_fieldId_unq_idx` (`name`,`fieldId`),
  UNIQUE KEY `craft_matrixblocktypes_handle_fieldId_unq_idx` (`handle`,`fieldId`),
  KEY `craft_matrixblocktypes_fieldId_fk` (`fieldId`),
  KEY `craft_matrixblocktypes_fieldLayoutId_fk` (`fieldLayoutId`)
) ENGINE=InnoDB AUTO_INCREMENT=6 DEFAULT CHARSET=utf8 COLLATE=utf8_unicode_ci;

--
-- Data for table `craft_matrixblocktypes`
--

INSERT INTO `craft_matrixblocktypes` (`id`, `fieldId`, `fieldLayoutId`, `name`, `handle`, `sortOrder`, `dateCreated`, `dateUpdated`, `uid`) VALUES
 ('1', '13', '45', 'Heading', 'heading', '1', '2017-12-13 20:18:46', '2017-12-13 23:45:23', 'f9e82eab-9aae-4c2d-923c-3dd832bf0e51'),
 ('2', '13', '46', 'Text', 'text', '2', '2017-12-13 20:18:47', '2017-12-13 23:45:23', '608b08fa-a4a6-4e59-bb4d-60dfd34f56a2'),
 ('4', '13', '47', 'Image', 'image', '3', '2017-12-13 20:21:03', '2017-12-13 23:45:23', '35c03833-fc7f-48b2-92d9-5cce32ff2629'),
 ('5', '13', '48', 'Quote', 'quote', '4', '2017-12-13 20:22:28', '2017-12-13 23:45:23', '089a3757-a45c-4332-85a1-50dcc5916a51');



DROP TABLE IF EXISTS `craft_matrixcontent_articlebody`;


--
-- Schema for table `craft_matrixcontent_articlebody`
--
CREATE TABLE `craft_matrixcontent_articlebody` (
  `id` int(11) NOT NULL AUTO_INCREMENT,
  `elementId` int(11) NOT NULL,
  `locale` char(12) COLLATE utf8_unicode_ci NOT NULL,
  `field_heading_heading` text COLLATE utf8_unicode_ci,
  `field_text_text` text COLLATE utf8_unicode_ci,
  `field_text_position` varchar(255) COLLATE utf8_unicode_ci DEFAULT NULL,
  `field_quote_quote` text COLLATE utf8_unicode_ci,
  `field_image_position` varchar(255) COLLATE utf8_unicode_ci DEFAULT NULL,
  `field_quote_position` varchar(255) COLLATE utf8_unicode_ci DEFAULT NULL,
  `dateCreated` datetime NOT NULL,
  `dateUpdated` datetime NOT NULL,
  `uid` char(36) COLLATE utf8_unicode_ci NOT NULL DEFAULT '0',
  PRIMARY KEY (`id`),
  UNIQUE KEY `craft_matrixcontent_articlebody_elementId_locale_unq_idx` (`elementId`,`locale`),
  KEY `craft_matrixcontent_articlebody_locale_fk` (`locale`)
) ENGINE=InnoDB AUTO_INCREMENT=11 DEFAULT CHARSET=utf8 COLLATE=utf8_unicode_ci;

--
-- Data for table `craft_matrixcontent_articlebody`
--

INSERT INTO `craft_matrixcontent_articlebody` (`id`, `elementId`, `locale`, `field_heading_heading`, `field_text_text`, `field_text_position`, `field_quote_quote`, `field_image_position`, `field_quote_position`, `dateCreated`, `dateUpdated`, `uid`) VALUES
 ('1', '84', 'en_gb', NULL, '<p>Lorem ipsum dolor sit amet, consectetuer adipiscing elit. Aenean commodo ligula eget dolor. Aenean massa. Cum sociis natoque penatibus et magnis dis parturient montes, nascetur ridiculus mus. Donec quam felis, ultricies nec, pellentesque eu, pretium quis, sem. Nulla consequat massa quis enim. Donec pede justo, fringilla vel, aliquet nec, vulputate eget, arcu.</p>', 'center', NULL, NULL, NULL, '2017-12-13 20:25:34', '2017-12-13 23:56:06', '653b8f43-b2ad-48dc-9dc5-0aeeaa8e2aa1'),
 ('2', '85', 'en_gb', NULL, NULL, NULL, NULL, 'full', NULL, '2017-12-13 20:38:07', '2017-12-13 23:56:06', 'd4442ecf-4562-42ed-bf3c-2c9ab027ce04'),
 ('4', '87', 'en_gb', NULL, NULL, NULL, NULL, 'right', NULL, '2017-12-13 20:38:07', '2017-12-13 23:56:06', '86afe2f0-ac0e-4316-8395-1631a5425fcb'),
 ('5', '88', 'en_gb', NULL, '<p>Phasellus viverra nulla ut metus varius laoreet. Quisque rutrum. Aenean imperdiet. Etiam ultricies nisi vel augue. Curabitur ullamcorper ultricies nisi. Nam eget dui. Etiam rhoncus. Maecenas tempus, tellus eget condimentum rhoncus, sem quam semper libero, sit amet adipiscing sem neque sed ipsum. Nam quam nunc, blandit vel, luctus pulvinar, hendrerit id, lorem. Maecenas nec odio et ante tincidunt tempus. Donec vitae sapien ut libero venenatis faucibus. Nullam quis ante. Etiam sit amet orci eget eros faucibus tincidunt. Duis leo. Sed fringilla mauris sit amet nibh. Donec sodales sagittis magna. Sed consequat, leo eget bibendum sodales, augue velit cursus nunc, quis gravida magna mi a libero. Fusce vulputate eleifend sapien. Vestibulum purus quam, scelerisque ut, mollis sed, nonummy id, metus. Nullam accumsan lorem in dui. Cras ultricies mi eu turpis hendrerit fringilla. Vestibulum ante ipsum primis in faucibus orci luctus et ultrices posuere cubilia Curae; In ac dui quis mi consectetuer lacinia. Nam pretium turpis et arcu. Duis arcu tortor, suscipit eget, imperdiet nec, imperdiet iaculis, ipsum. Sed aliquam ultrices mauris.</p>', 'left', NULL, NULL, NULL, '2017-12-13 20:38:07', '2017-12-13 23:56:06', '18ebe152-2963-4e18-a97c-34183b18236a'),
 ('6', '89', 'en_gb', NULL, NULL, NULL, NULL, 'center', NULL, '2017-12-13 20:38:07', '2017-12-13 23:56:06', '2d1b1ffa-885b-4073-93f4-b33abbb117e7'),
 ('8', '91', 'en_gb', NULL, NULL, NULL, 'Test Quote', NULL, 'center', '2017-12-13 23:44:38', '2017-12-13 23:56:06', '4c071f1b-c692-4c82-a32f-302c64e5dff1'),
 ('9', '92', 'en_gb', NULL, NULL, NULL, NULL, 'left', NULL, '2017-12-13 23:55:11', '2017-12-13 23:56:06', 'c6ad8293-0ebf-4750-a09e-4dcfc01819a8'),
 ('10', '93', 'en_gb', NULL, '<p>Nullam quis risus eget urna mollis ornare vel eu leo. Aenean lacinia bibendum nulla sed consectetur. Donec sed odio dui. Donec sed odio dui. Morbi leo risus, porta ac consectetur ac, vestibulum at eros. Cras justo odio, dapibus ac facilisis in, egestas eget quam.</p>', 'right', NULL, NULL, NULL, '2017-12-13 23:56:06', '2017-12-13 23:56:06', 'ab67681f-d291-4b13-a7cf-34b165fbe0e8');



DROP TABLE IF EXISTS `craft_migrations`;


--
-- Schema for table `craft_migrations`
--
CREATE TABLE `craft_migrations` (
  `id` int(11) NOT NULL AUTO_INCREMENT,
  `pluginId` int(11) DEFAULT NULL,
  `version` varchar(255) COLLATE utf8_unicode_ci NOT NULL,
  `applyTime` datetime NOT NULL,
  `dateCreated` datetime NOT NULL,
  `dateUpdated` datetime NOT NULL,
  `uid` char(36) COLLATE utf8_unicode_ci NOT NULL DEFAULT '0',
  PRIMARY KEY (`id`),
  UNIQUE KEY `craft_migrations_version_unq_idx` (`version`),
  KEY `craft_migrations_pluginId_fk` (`pluginId`)
) ENGINE=InnoDB AUTO_INCREMENT=43 DEFAULT CHARSET=utf8 COLLATE=utf8_unicode_ci;

--
-- Data for table `craft_migrations`
--

INSERT INTO `craft_migrations` (`id`, `pluginId`, `version`, `applyTime`, `dateCreated`, `dateUpdated`, `uid`) VALUES
 ('1', NULL, 'm000000_000000_base', '2017-12-10 22:25:14', '2017-12-10 22:25:14', '2017-12-10 22:25:14', '23128267-4883-418d-9ad2-80e511d20698'),
 ('2', NULL, 'm140730_000001_add_filename_and_format_to_transformindex', '2017-12-10 22:25:14', '2017-12-10 22:25:14', '2017-12-10 22:25:14', '84bab061-721c-435c-8d82-b5201c58030e'),
 ('3', NULL, 'm140815_000001_add_format_to_transforms', '2017-12-10 22:25:14', '2017-12-10 22:25:14', '2017-12-10 22:25:14', '89b2777d-15dc-4cd8-b964-e38aba5a44d2'),
 ('4', NULL, 'm140822_000001_allow_more_than_128_items_per_field', '2017-12-10 22:25:14', '2017-12-10 22:25:14', '2017-12-10 22:25:14', '6136db55-f341-4039-9362-3e289f03c1b2'),
 ('5', NULL, 'm140829_000001_single_title_formats', '2017-12-10 22:25:14', '2017-12-10 22:25:14', '2017-12-10 22:25:14', 'ed5f4bac-760e-4340-9637-7bc053278806'),
 ('6', NULL, 'm140831_000001_extended_cache_keys', '2017-12-10 22:25:14', '2017-12-10 22:25:14', '2017-12-10 22:25:14', 'fd1a34b0-820b-46e4-a9d1-fec61f1190e8'),
 ('7', NULL, 'm140922_000001_delete_orphaned_matrix_blocks', '2017-12-10 22:25:14', '2017-12-10 22:25:14', '2017-12-10 22:25:14', '0f33f06c-652f-47ce-85bf-87c52211a3a2'),
 ('8', NULL, 'm141008_000001_elements_index_tune', '2017-12-10 22:25:14', '2017-12-10 22:25:14', '2017-12-10 22:25:14', '51995919-dc23-4581-af2a-9e02e76857b4'),
 ('9', NULL, 'm141009_000001_assets_source_handle', '2017-12-10 22:25:14', '2017-12-10 22:25:14', '2017-12-10 22:25:14', 'da5f749a-2d94-499b-8ef6-c6b2185da850'),
 ('10', NULL, 'm141024_000001_field_layout_tabs', '2017-12-10 22:25:14', '2017-12-10 22:25:14', '2017-12-10 22:25:14', 'add7a914-9939-47f9-9e57-b6b4f8bdc34c'),
 ('11', NULL, 'm141030_000000_plugin_schema_versions', '2017-12-10 22:25:14', '2017-12-10 22:25:14', '2017-12-10 22:25:14', '1dd281ad-8a4b-4e27-8574-11864fba0801'),
 ('12', NULL, 'm141030_000001_drop_structure_move_permission', '2017-12-10 22:25:14', '2017-12-10 22:25:14', '2017-12-10 22:25:14', '52cb7bf1-9580-4f0d-867a-dedf9999daca'),
 ('13', NULL, 'm141103_000001_tag_titles', '2017-12-10 22:25:14', '2017-12-10 22:25:14', '2017-12-10 22:25:14', '89075cc5-5d3e-4f39-9949-0f278bc5c23f'),
 ('14', NULL, 'm141109_000001_user_status_shuffle', '2017-12-10 22:25:14', '2017-12-10 22:25:14', '2017-12-10 22:25:14', 'b1924683-a4a0-440b-accc-6c4ea95f17a9'),
 ('15', NULL, 'm141126_000001_user_week_start_day', '2017-12-10 22:25:14', '2017-12-10 22:25:14', '2017-12-10 22:25:14', '0a7b0661-1d43-4a50-ad4e-87e2311b79af'),
 ('16', NULL, 'm150210_000001_adjust_user_photo_size', '2017-12-10 22:25:14', '2017-12-10 22:25:14', '2017-12-10 22:25:14', 'c57db7cc-7477-458b-b51b-69ef0f5f13c0'),
 ('17', NULL, 'm150724_000001_adjust_quality_settings', '2017-12-10 22:25:14', '2017-12-10 22:25:14', '2017-12-10 22:25:14', '9660d986-f397-4d09-9c88-a573d8df81e1'),
 ('18', NULL, 'm150827_000000_element_index_settings', '2017-12-10 22:25:14', '2017-12-10 22:25:14', '2017-12-10 22:25:14', '83f6d0a8-06aa-46ff-aa98-30e4a048e354'),
 ('19', NULL, 'm150918_000001_add_colspan_to_widgets', '2017-12-10 22:25:14', '2017-12-10 22:25:14', '2017-12-10 22:25:14', '1e696f95-7091-41da-8924-c10fd7599bf4'),
 ('20', NULL, 'm151007_000000_clear_asset_caches', '2017-12-10 22:25:14', '2017-12-10 22:25:14', '2017-12-10 22:25:14', 'fa361f6d-4255-482a-8513-6db825ea3757'),
 ('21', NULL, 'm151109_000000_text_url_formats', '2017-12-10 22:25:14', '2017-12-10 22:25:14', '2017-12-10 22:25:14', '5d2ea703-7faa-4516-baf7-c272a138ac38'),
 ('22', NULL, 'm151110_000000_move_logo', '2017-12-10 22:25:14', '2017-12-10 22:25:14', '2017-12-10 22:25:14', '5c6622c3-5e81-4b94-9c25-0934d2a7282d'),
 ('23', NULL, 'm151117_000000_adjust_image_widthheight', '2017-12-10 22:25:14', '2017-12-10 22:25:14', '2017-12-10 22:25:14', 'a8bb78f1-dd1a-4682-9385-8b66804af750'),
 ('24', NULL, 'm151127_000000_clear_license_key_status', '2017-12-10 22:25:14', '2017-12-10 22:25:14', '2017-12-10 22:25:14', '5ce90a4e-7b75-417b-920c-a1a4c7f7a849'),
 ('25', NULL, 'm151127_000000_plugin_license_keys', '2017-12-10 22:25:14', '2017-12-10 22:25:14', '2017-12-10 22:25:14', '607e7302-8474-40a5-a943-be1e59e611c4'),
 ('26', NULL, 'm151130_000000_update_pt_widget_feeds', '2017-12-10 22:25:14', '2017-12-10 22:25:14', '2017-12-10 22:25:14', 'cfa921cc-7e68-4a04-a784-0b0afe284697'),
 ('27', NULL, 'm160114_000000_asset_sources_public_url_default_true', '2017-12-10 22:25:14', '2017-12-10 22:25:14', '2017-12-10 22:25:14', 'cec3d9a8-f233-482f-9e95-8f62f4dc5540'),
 ('28', NULL, 'm160223_000000_sortorder_to_smallint', '2017-12-10 22:25:14', '2017-12-10 22:25:14', '2017-12-10 22:25:14', '8fb8955c-8092-445c-ab86-e9dac0d1c7bc'),
 ('29', NULL, 'm160229_000000_set_default_entry_statuses', '2017-12-10 22:25:14', '2017-12-10 22:25:14', '2017-12-10 22:25:14', 'bed5749c-f816-4a3e-8749-f92813156556'),
 ('30', NULL, 'm160304_000000_client_permissions', '2017-12-10 22:25:14', '2017-12-10 22:25:14', '2017-12-10 22:25:14', '63df42fe-51a8-4786-88f8-d6c4f4708b7a'),
 ('31', NULL, 'm160322_000000_asset_filesize', '2017-12-10 22:25:14', '2017-12-10 22:25:14', '2017-12-10 22:25:14', 'd410b0c6-278d-4591-b5b8-cf90bb03423b'),
 ('32', NULL, 'm160503_000000_orphaned_fieldlayouts', '2017-12-10 22:25:14', '2017-12-10 22:25:14', '2017-12-10 22:25:14', '63093af8-26b8-4a0a-8cb6-bbfc401fcd93'),
 ('33', NULL, 'm160510_000000_tasksettings', '2017-12-10 22:25:14', '2017-12-10 22:25:14', '2017-12-10 22:25:14', '02b4b7b5-f608-416a-bd87-4f53ac68512b'),
 ('34', NULL, 'm160829_000000_pending_user_content_cleanup', '2017-12-10 22:25:14', '2017-12-10 22:25:14', '2017-12-10 22:25:14', 'e21b4607-27a9-4ab3-8437-2860171549b2'),
 ('35', NULL, 'm160830_000000_asset_index_uri_increase', '2017-12-10 22:25:14', '2017-12-10 22:25:14', '2017-12-10 22:25:14', '6e8daac4-0d4d-485c-97ed-b6bbfe41559e'),
 ('36', NULL, 'm160919_000000_usergroup_handle_title_unique', '2017-12-10 22:25:14', '2017-12-10 22:25:14', '2017-12-10 22:25:14', '98d2f2e1-a6a9-4fe6-b784-14a47634f7e7'),
 ('37', NULL, 'm161108_000000_new_version_format', '2017-12-10 22:25:14', '2017-12-10 22:25:14', '2017-12-10 22:25:14', 'f6f21ee0-04a0-4640-940f-380309062902'),
 ('38', NULL, 'm161109_000000_index_shuffle', '2017-12-10 22:25:14', '2017-12-10 22:25:14', '2017-12-10 22:25:14', '2aeb0835-fd70-43e7-8b7d-8ccfc90d5774'),
 ('39', NULL, 'm170612_000000_route_index_shuffle', '2017-12-10 22:25:14', '2017-12-10 22:25:14', '2017-12-10 22:25:14', '9ade6c74-58d4-45b9-aff5-8fd33c24ac34'),
 ('40', NULL, 'm171107_000000_assign_group_permissions', '2017-12-10 22:25:14', '2017-12-10 22:25:14', '2017-12-10 22:25:14', 'be98094d-456c-4fb3-aa98-ebe73c13faf0'),
 ('41', NULL, 'm171117_000001_templatecache_index_tune', '2017-12-10 22:25:14', '2017-12-10 22:25:14', '2017-12-10 22:25:14', '4fcf721d-4c16-49c4-8148-684c95964271'),
 ('42', NULL, 'm171204_000001_templatecache_index_tune_deux', '2017-12-10 22:25:14', '2017-12-10 22:25:14', '2017-12-10 22:25:14', '228ea2fa-9170-4e63-8213-6a22458163fa');



DROP TABLE IF EXISTS `craft_plugins`;


--
-- Schema for table `craft_plugins`
--
CREATE TABLE `craft_plugins` (
  `id` int(11) NOT NULL AUTO_INCREMENT,
  `class` varchar(150) COLLATE utf8_unicode_ci NOT NULL,
  `version` varchar(15) COLLATE utf8_unicode_ci NOT NULL,
  `schemaVersion` varchar(15) COLLATE utf8_unicode_ci DEFAULT NULL,
  `licenseKey` char(24) COLLATE utf8_unicode_ci DEFAULT NULL,
  `licenseKeyStatus` enum('valid','invalid','mismatched','unknown') COLLATE utf8_unicode_ci NOT NULL DEFAULT 'unknown',
  `enabled` tinyint(1) unsigned NOT NULL DEFAULT '0',
  `settings` text COLLATE utf8_unicode_ci,
  `installDate` datetime NOT NULL,
  `dateCreated` datetime NOT NULL,
  `dateUpdated` datetime NOT NULL,
  `uid` char(36) COLLATE utf8_unicode_ci NOT NULL DEFAULT '0',
  PRIMARY KEY (`id`)
) ENGINE=InnoDB DEFAULT CHARSET=utf8 COLLATE=utf8_unicode_ci;

DROP TABLE IF EXISTS `craft_rackspaceaccess`;


--
-- Schema for table `craft_rackspaceaccess`
--
CREATE TABLE `craft_rackspaceaccess` (
  `id` int(11) NOT NULL AUTO_INCREMENT,
  `connectionKey` varchar(255) COLLATE utf8_unicode_ci NOT NULL,
  `token` varchar(255) COLLATE utf8_unicode_ci NOT NULL,
  `storageUrl` varchar(255) COLLATE utf8_unicode_ci NOT NULL,
  `cdnUrl` varchar(255) COLLATE utf8_unicode_ci NOT NULL,
  `dateCreated` datetime NOT NULL,
  `dateUpdated` datetime NOT NULL,
  `uid` char(36) COLLATE utf8_unicode_ci NOT NULL DEFAULT '0',
  PRIMARY KEY (`id`),
  UNIQUE KEY `craft_rackspaceaccess_connectionKey_unq_idx` (`connectionKey`)
) ENGINE=InnoDB DEFAULT CHARSET=utf8 COLLATE=utf8_unicode_ci;

DROP TABLE IF EXISTS `craft_relations`;


--
-- Schema for table `craft_relations`
--
CREATE TABLE `craft_relations` (
  `id` int(11) NOT NULL AUTO_INCREMENT,
  `fieldId` int(11) NOT NULL,
  `sourceId` int(11) NOT NULL,
  `sourceLocale` char(12) COLLATE utf8_unicode_ci DEFAULT NULL,
  `targetId` int(11) NOT NULL,
  `sortOrder` smallint(6) DEFAULT NULL,
  `dateCreated` datetime NOT NULL,
  `dateUpdated` datetime NOT NULL,
  `uid` char(36) COLLATE utf8_unicode_ci NOT NULL DEFAULT '0',
  PRIMARY KEY (`id`),
  UNIQUE KEY `craft_relations_fieldId_sourceId_sourceLocale_targetId_unq_idx` (`fieldId`,`sourceId`,`sourceLocale`,`targetId`),
  KEY `craft_relations_sourceId_fk` (`sourceId`),
  KEY `craft_relations_sourceLocale_fk` (`sourceLocale`),
  KEY `craft_relations_targetId_fk` (`targetId`)
) ENGINE=InnoDB AUTO_INCREMENT=379 DEFAULT CHARSET=utf8 COLLATE=utf8_unicode_ci;

--
-- Data for table `craft_relations`
--

INSERT INTO `craft_relations` (`id`, `fieldId`, `sourceId`, `sourceLocale`, `targetId`, `sortOrder`, `dateCreated`, `dateUpdated`, `uid`) VALUES
 ('56', '4', '6', NULL, '13', '1', '2017-12-12 18:30:49', '2017-12-12 18:30:49', '275687d0-5dce-4741-9e10-d2a72d0bdb35'),
 ('57', '8', '6', NULL, '24', '1', '2017-12-12 18:30:49', '2017-12-12 18:30:49', '3d94dfd1-edce-415b-b8a6-60f27ba9c9c1'),
 ('58', '4', '7', NULL, '14', '1', '2017-12-12 18:31:05', '2017-12-12 18:31:05', 'dbba0914-b761-4d93-95fd-8046f841a6f8'),
 ('59', '4', '8', NULL, '15', '1', '2017-12-12 18:31:12', '2017-12-12 18:31:12', '2a5f6eae-99df-478f-af82-04ff06e5777a'),
 ('60', '4', '9', NULL, '5', '1', '2017-12-12 18:31:26', '2017-12-12 18:31:26', '3be7112c-dea8-4247-a8f3-3baebecab259'),
 ('61', '4', '10', NULL, '12', '1', '2017-12-12 18:31:37', '2017-12-12 18:31:37', '3b0f4ab2-addc-4769-8e97-e303a9ff0433'),
 ('126', '5', '76', NULL, '8', '1', '2017-12-13 18:26:46', '2017-12-13 18:26:46', '0fba16c9-59a2-47f9-9d90-d853f74e440e'),
 ('127', '4', '76', NULL, '52', '1', '2017-12-13 18:26:46', '2017-12-13 18:26:46', 'd23abf66-e577-43fb-9bb7-95589471c0fa'),
 ('128', '5', '77', NULL, '8', '1', '2017-12-13 18:27:42', '2017-12-13 18:27:42', '2b5e0c7f-6b26-432b-b1a3-71343f73afad'),
 ('129', '4', '77', NULL, '53', '1', '2017-12-13 18:27:42', '2017-12-13 18:27:42', '62548ba5-f9f2-4c74-807c-fb2854494c98'),
 ('130', '5', '78', NULL, '8', '1', '2017-12-13 18:28:10', '2017-12-13 18:28:10', '379c892f-6b2e-4103-834e-59eff337e735'),
 ('131', '4', '78', NULL, '54', '1', '2017-12-13 18:28:11', '2017-12-13 18:28:11', '55b0f6e4-8d5d-45db-9919-55b4b316d564'),
 ('132', '5', '79', NULL, '8', '1', '2017-12-13 18:28:47', '2017-12-13 18:28:47', '1cfe0c0c-4d95-43b7-98b9-beea26199e66'),
 ('133', '4', '79', NULL, '55', '1', '2017-12-13 18:28:48', '2017-12-13 18:28:48', '341c162f-a468-4479-b2b8-f4b24c34d4ce'),
 ('134', '5', '80', NULL, '8', '1', '2017-12-13 18:29:43', '2017-12-13 18:29:43', '85ebdd41-2251-4adb-9994-9e2bee9ba70b'),
 ('135', '4', '80', NULL, '57', '1', '2017-12-13 18:29:43', '2017-12-13 18:29:43', '169587b4-0624-4e0e-8517-8b3e38ca5a8d'),
 ('136', '5', '81', NULL, '8', '1', '2017-12-13 18:30:18', '2017-12-13 18:30:18', '2a5359f9-e5c8-48c8-984c-d49a82b5aace'),
 ('137', '4', '81', NULL, '56', '1', '2017-12-13 18:30:18', '2017-12-13 18:30:18', '54b7792d-3126-4317-bdaf-05ac6ae47b67'),
 ('194', '5', '59', NULL, '10', '1', '2017-12-13 19:36:15', '2017-12-13 19:36:15', '9eabe698-a03d-4812-bbe2-1dd2133de4d3'),
 ('195', '4', '59', NULL, '35', '1', '2017-12-13 19:36:15', '2017-12-13 19:36:15', '76c38eb1-4a4f-4511-a398-dcbc7b8cefcc'),
 ('196', '5', '60', NULL, '10', '1', '2017-12-13 19:36:20', '2017-12-13 19:36:20', '17b71440-fc90-416d-ba6d-c8e2ff3677d8'),
 ('197', '4', '60', NULL, '36', '1', '2017-12-13 19:36:20', '2017-12-13 19:36:20', '69f28cbf-c348-4cdc-9020-db3b82941a73'),
 ('198', '5', '61', NULL, '10', '1', '2017-12-13 19:36:25', '2017-12-13 19:36:25', '37a1e564-1080-4e23-a376-2c3577c5f7e6'),
 ('199', '4', '61', NULL, '37', '1', '2017-12-13 19:36:25', '2017-12-13 19:36:25', 'e6b0a526-1fad-42d8-97fe-a04ffeea02bf'),
 ('200', '5', '62', NULL, '10', '1', '2017-12-13 19:36:30', '2017-12-13 19:36:30', '03918274-0dc0-4a60-966e-952f0e231b8e'),
 ('201', '4', '62', NULL, '38', '1', '2017-12-13 19:36:30', '2017-12-13 19:36:30', '6896a1b0-a4e5-4b82-8b20-1ade7e28bb89'),
 ('202', '5', '63', NULL, '10', '1', '2017-12-13 19:36:35', '2017-12-13 19:36:35', '7508545e-399b-44f8-9e5b-a4b20b85dab2'),
 ('203', '4', '63', NULL, '39', '1', '2017-12-13 19:36:35', '2017-12-13 19:36:35', '7476081c-2c09-47be-bfa7-ae5ff9b6d62d'),
 ('204', '5', '64', NULL, '7', '1', '2017-12-13 19:36:45', '2017-12-13 19:36:45', 'a608d118-bfd1-496f-9aa4-96b995e98060'),
 ('205', '4', '64', NULL, '40', '1', '2017-12-13 19:36:45', '2017-12-13 19:36:45', '05b08ad3-7a23-42b0-b525-f152f6d5fb26'),
 ('206', '5', '65', NULL, '7', '1', '2017-12-13 19:36:50', '2017-12-13 19:36:50', '05c1f9e3-e8d1-4ba6-91c8-6b6a4941d2d4'),
 ('207', '4', '65', NULL, '41', '1', '2017-12-13 19:36:50', '2017-12-13 19:36:50', '54d7ce07-1968-4e9c-bd7a-8d3d71710164'),
 ('208', '5', '66', NULL, '7', '1', '2017-12-13 19:36:55', '2017-12-13 19:36:55', 'b7968f72-3fd8-4de6-888a-e8f30c2131b3'),
 ('209', '4', '66', NULL, '42', '1', '2017-12-13 19:36:55', '2017-12-13 19:36:55', '7254f159-cc09-4b1c-a9f0-d6f50bf35f42'),
 ('210', '5', '67', NULL, '7', '1', '2017-12-13 19:37:00', '2017-12-13 19:37:00', '68bc0f7d-575a-4e5f-b648-dbcfddf56dca'),
 ('211', '4', '67', NULL, '43', '1', '2017-12-13 19:37:00', '2017-12-13 19:37:00', '9f31b222-4f08-4155-a632-f0f2f9d1e3fd'),
 ('212', '5', '68', NULL, '7', '1', '2017-12-13 19:37:12', '2017-12-13 19:37:12', 'b022aaa9-23ab-4dc0-9ffb-95d800c2ae19'),
 ('213', '4', '68', NULL, '44', '1', '2017-12-13 19:37:12', '2017-12-13 19:37:12', '596e1d0b-af6e-475f-a67a-400dc534187e'),
 ('214', '5', '69', NULL, '7', '1', '2017-12-13 19:37:17', '2017-12-13 19:37:17', 'b92cf649-2875-4c7d-95a8-f69e42110364'),
 ('215', '4', '69', NULL, '45', '1', '2017-12-13 19:37:17', '2017-12-13 19:37:17', '7f476695-8ce5-4269-b6df-e3044a910454'),
 ('216', '5', '20', NULL, '6', '1', '2017-12-13 19:37:21', '2017-12-13 19:37:21', 'a3407eec-1336-430c-bbd3-ee757a04f02c'),
 ('217', '4', '20', NULL, '28', '1', '2017-12-13 19:37:21', '2017-12-13 19:37:21', 'b1f1f0c1-6371-4190-94a0-c6b2a84e32c3'),
 ('220', '5', '19', NULL, '6', '1', '2017-12-13 19:37:32', '2017-12-13 19:37:32', '4d4db06b-477c-4328-a316-924d25b16fc9'),
 ('221', '4', '19', NULL, '30', '1', '2017-12-13 19:37:32', '2017-12-13 19:37:32', '6644238d-613a-42a4-a025-524c18634684'),
 ('222', '5', '21', NULL, '6', '1', '2017-12-13 19:37:37', '2017-12-13 19:37:37', '3b70096d-9e14-448f-b99a-abe883b8bbba'),
 ('223', '4', '21', NULL, '31', '1', '2017-12-13 19:37:37', '2017-12-13 19:37:37', '60f5af89-20b2-4183-a79f-675e0e2b7d4b'),
 ('224', '5', '22', NULL, '6', '1', '2017-12-13 19:37:42', '2017-12-13 19:37:42', '2c24867d-06af-4ade-a0ef-c3cae803b1e7'),
 ('225', '4', '22', NULL, '32', '1', '2017-12-13 19:37:42', '2017-12-13 19:37:42', '978165e1-9bef-464a-ae2d-d81bf57ab292'),
 ('226', '5', '23', NULL, '6', '1', '2017-12-13 19:37:46', '2017-12-13 19:37:46', '0cd415b5-2a7a-4477-8365-301fe87f8912'),
 ('227', '4', '23', NULL, '33', '1', '2017-12-13 19:37:46', '2017-12-13 19:37:46', '92a560cb-4efd-4251-82f4-a702ed6213fa'),
 ('228', '5', '70', NULL, '9', '1', '2017-12-13 19:37:51', '2017-12-13 19:37:51', '24db5847-fd3a-4617-9829-a3f2532a6b93'),
 ('229', '4', '70', NULL, '46', '1', '2017-12-13 19:37:51', '2017-12-13 19:37:51', 'b398b06f-8c48-425c-b39b-08d1866ee260'),
 ('236', '5', '16', NULL, '6', '1', '2017-12-13 20:02:11', '2017-12-13 20:02:11', 'af898756-a413-4109-b6ba-b7e5b31a68ca'),
 ('237', '4', '16', NULL, '29', '1', '2017-12-13 20:02:11', '2017-12-13 20:02:11', '62dd1e95-1b0c-42aa-9c47-1b145fb447fb'),
 ('310', '4', '2', NULL, '4', '1', '2017-12-13 22:49:31', '2017-12-13 22:49:31', '83b52570-d47a-45d4-9e05-3169e0db7baa'),
 ('321', '8', '2', NULL, '4', '1', '2017-12-13 23:06:55', '2017-12-13 23:06:55', '0b354ef2-cc17-4bd2-8acc-b22f13962811'),
 ('322', '5', '72', NULL, '9', '1', '2017-12-13 23:31:37', '2017-12-13 23:31:37', '0bdb6e18-3981-42ee-881b-d358e8b1da06'),
 ('323', '4', '72', NULL, '48', '1', '2017-12-13 23:31:37', '2017-12-13 23:31:37', 'd870cd8d-2b70-4e8c-ab84-c5066d3f59a6'),
 ('324', '5', '71', NULL, '9', '1', '2017-12-13 23:32:06', '2017-12-13 23:32:06', '69047284-5699-4b5f-817b-b94de625f816'),
 ('325', '4', '71', NULL, '47', '1', '2017-12-13 23:32:06', '2017-12-13 23:32:06', 'c674d1c4-890a-4c20-b64c-af6a77d9b1ed'),
 ('326', '5', '73', NULL, '9', '1', '2017-12-13 23:32:32', '2017-12-13 23:32:32', 'f2131199-7c56-40eb-8f41-7fc90c87f4e4'),
 ('327', '4', '73', NULL, '49', '1', '2017-12-13 23:32:32', '2017-12-13 23:32:32', 'a921863c-e737-499c-8964-1a6662de3b7b'),
 ('332', '5', '74', NULL, '9', '1', '2017-12-13 23:33:41', '2017-12-13 23:33:41', 'b2c3846e-f71f-405d-b234-e15fff6f6dfb'),
 ('333', '4', '74', NULL, '50', '1', '2017-12-13 23:33:41', '2017-12-13 23:33:41', '5ac38f5c-bc3d-4c92-b4db-868afce8c3aa'),
 ('334', '5', '75', NULL, '9', '1', '2017-12-13 23:34:01', '2017-12-13 23:34:01', 'a63275a4-452d-4cd4-891d-07bd27f4e80b'),
 ('335', '4', '75', NULL, '51', '1', '2017-12-13 23:34:01', '2017-12-13 23:34:01', '64583dbc-4ad5-4650-b4b2-28136780c79a'),
 ('373', '5', '17', NULL, '10', '1', '2017-12-13 23:56:06', '2017-12-13 23:56:06', 'cea8f8bc-5bfe-4d30-9316-88fa587e1a2f'),
 ('374', '4', '17', NULL, '34', '1', '2017-12-13 23:56:06', '2017-12-13 23:56:06', 'b1761776-7686-41d7-a539-7210c0893b70'),
 ('375', '18', '85', NULL, '24', '1', '2017-12-13 23:56:06', '2017-12-13 23:56:06', '57b45fde-f281-4993-80b9-ef79f79f2881'),
 ('376', '18', '87', NULL, '24', '1', '2017-12-13 23:56:06', '2017-12-13 23:56:06', 'fc43d76c-98d7-44a1-9c53-f2f496a66305'),
 ('377', '18', '89', NULL, '24', '1', '2017-12-13 23:56:06', '2017-12-13 23:56:06', 'e36f881e-93fd-4a09-a214-0d9364c9a683'),
 ('378', '18', '92', NULL, '24', '1', '2017-12-13 23:56:06', '2017-12-13 23:56:06', 'f9a27b82-2ac7-44bb-a498-403508bd73d2');



DROP TABLE IF EXISTS `craft_routes`;


--
-- Schema for table `craft_routes`
--
CREATE TABLE `craft_routes` (
  `id` int(11) NOT NULL AUTO_INCREMENT,
  `locale` char(12) COLLATE utf8_unicode_ci DEFAULT NULL,
  `urlParts` varchar(255) COLLATE utf8_unicode_ci NOT NULL,
  `urlPattern` varchar(255) COLLATE utf8_unicode_ci NOT NULL,
  `template` varchar(255) COLLATE utf8_unicode_ci NOT NULL,
  `sortOrder` smallint(6) unsigned DEFAULT NULL,
  `dateCreated` datetime NOT NULL,
  `dateUpdated` datetime NOT NULL,
  `uid` char(36) COLLATE utf8_unicode_ci NOT NULL DEFAULT '0',
  PRIMARY KEY (`id`),
  KEY `craft_routes_locale_idx` (`locale`),
  KEY `craft_routes_urlPattern_idx` (`urlPattern`)
) ENGINE=InnoDB DEFAULT CHARSET=utf8 COLLATE=utf8_unicode_ci;

DROP TABLE IF EXISTS `craft_searchindex`;


--
-- Schema for table `craft_searchindex`
--
CREATE TABLE `craft_searchindex` (
  `elementId` int(11) NOT NULL,
  `attribute` varchar(25) COLLATE utf8_unicode_ci NOT NULL,
  `fieldId` int(11) NOT NULL,
  `locale` char(12) COLLATE utf8_unicode_ci NOT NULL,
  `keywords` text COLLATE utf8_unicode_ci NOT NULL,
  PRIMARY KEY (`elementId`,`attribute`,`fieldId`,`locale`),
  FULLTEXT KEY `craft_searchindex_keywords_idx` (`keywords`)
) ENGINE=MyISAM DEFAULT CHARSET=utf8 COLLATE=utf8_unicode_ci;

--
-- Data for table `craft_searchindex`
--

INSERT INTO `craft_searchindex` (`elementId`, `attribute`, `fieldId`, `locale`, `keywords`) VALUES
 ('4', 'filename', '0', 'en_gb', ' index hero test jpg '),
 ('4', 'extension', '0', 'en_gb', ' jpg '),
 ('4', 'kind', '0', 'en_gb', ' image '),
 ('4', 'slug', '0', 'en_gb', ' index hero test '),
 ('4', 'title', '0', 'en_gb', ' index hero test '),
 ('5', 'filename', '0', 'en_gb', ' creators hero jpg '),
 ('5', 'extension', '0', 'en_gb', ' jpg '),
 ('5', 'kind', '0', 'en_gb', ' image '),
 ('5', 'slug', '0', 'en_gb', ' creators hero '),
 ('5', 'title', '0', 'en_gb', ' creators hero '),
 ('7', 'slug', '0', 'en_gb', ' noisey '),
 ('7', 'title', '0', 'en_gb', ' noisey '),
 ('7', 'field', '4', 'en_gb', ' noisey hero '),
 ('7', 'field', '1', 'en_gb', ' donec ullamcorper nulla non metus auctor fringilla aenean eu leo quam pellentesque ornare sem lacinia quam venenatis vestibulum curabitur blandit tempus porttitor etiam porta sem malesuada magna mollis euismod '),
 ('6', 'slug', '0', 'en_gb', ' munchies '),
 ('6', 'title', '0', 'en_gb', ' munchies '),
 ('6', 'field', '4', 'en_gb', ' munchies hero '),
 ('6', 'field', '1', 'en_gb', ' donec ullamcorper nulla non metus auctor fringilla aenean eu leo quam pellentesque ornare sem lacinia quam venenatis vestibulum curabitur blandit tempus porttitor etiam porta sem malesuada magna mollis euismod '),
 ('8', 'slug', '0', 'en_gb', ' thump '),
 ('8', 'title', '0', 'en_gb', ' thump '),
 ('8', 'field', '4', 'en_gb', ' thump hero '),
 ('8', 'field', '1', 'en_gb', ' donec ullamcorper nulla non metus auctor fringilla aenean eu leo quam pellentesque ornare sem lacinia quam venenatis vestibulum curabitur blandit tempus porttitor etiam porta sem malesuada magna mollis euismod '),
 ('9', 'slug', '0', 'en_gb', ' creators '),
 ('9', 'title', '0', 'en_gb', ' creators '),
 ('9', 'field', '4', 'en_gb', ' creators hero '),
 ('9', 'field', '1', 'en_gb', ' donec ullamcorper nulla non metus auctor fringilla aenean eu leo quam pellentesque ornare sem lacinia quam venenatis vestibulum curabitur blandit tempus porttitor etiam porta sem malesuada magna mollis euismod '),
 ('10', 'slug', '0', 'en_gb', ' i d '),
 ('10', 'title', '0', 'en_gb', ' i d '),
 ('10', 'field', '4', 'en_gb', ' i d hero '),
 ('10', 'field', '1', 'en_gb', ' donec ullamcorper nulla non metus auctor fringilla aenean eu leo quam pellentesque ornare sem lacinia quam venenatis vestibulum curabitur blandit tempus porttitor etiam porta sem malesuada magna mollis euismod '),
 ('2', 'slug', '0', 'en_gb', ' homepage '),
 ('2', 'title', '0', 'en_gb', ' home '),
 ('2', 'field', '4', 'en_gb', ' index hero test '),
 ('2', 'field', '1', 'en_gb', ' lorem ipsum dolor sit amet consetetur sadipscing elitr sed diam nonumy eirmod tempor invidunt ut labore '),
 ('2', 'field', '8', 'en_gb', ' index hero test '),
 ('72', 'field', '13', 'en_gb', ''),
 ('71', 'field', '13', 'en_gb', ''),
 ('73', 'field', '13', 'en_gb', ''),
 ('1', 'username', '0', 'en_gb', ' admin '),
 ('1', 'firstname', '0', 'en_gb', ''),
 ('1', 'lastname', '0', 'en_gb', ''),
 ('1', 'fullname', '0', 'en_gb', ''),
 ('1', 'email', '0', 'en_gb', ' info garethjohnsdesign com '),
 ('1', 'slug', '0', 'en_gb', ''),
 ('17', 'field', '5', 'en_gb', ' i d '),
 ('17', 'field', '1', 'en_gb', ' lorem ipsum dolor sit amet consetetur sadipscing elitr sed diam nonumy eirmod tempor invidunt ut labore '),
 ('12', 'filename', '0', 'en_gb', ' i d hero jpg '),
 ('12', 'extension', '0', 'en_gb', ' jpg '),
 ('12', 'kind', '0', 'en_gb', ' image '),
 ('12', 'slug', '0', 'en_gb', ' i d hero '),
 ('12', 'title', '0', 'en_gb', ' i d hero '),
 ('13', 'filename', '0', 'en_gb', ' munchies hero jpg '),
 ('13', 'extension', '0', 'en_gb', ' jpg '),
 ('13', 'kind', '0', 'en_gb', ' image '),
 ('13', 'slug', '0', 'en_gb', ' munchies hero '),
 ('13', 'title', '0', 'en_gb', ' munchies hero '),
 ('14', 'filename', '0', 'en_gb', ' noisey hero jpg '),
 ('14', 'extension', '0', 'en_gb', ' jpg '),
 ('14', 'kind', '0', 'en_gb', ' image '),
 ('14', 'slug', '0', 'en_gb', ' noisey hero '),
 ('14', 'title', '0', 'en_gb', ' noisey hero '),
 ('15', 'filename', '0', 'en_gb', ' thump hero jpg '),
 ('15', 'extension', '0', 'en_gb', ' jpg '),
 ('15', 'kind', '0', 'en_gb', ' image '),
 ('15', 'slug', '0', 'en_gb', ' thump hero '),
 ('15', 'title', '0', 'en_gb', ' thump hero '),
 ('16', 'slug', '0', 'en_gb', ' gareth johns '),
 ('16', 'title', '0', 'en_gb', ' gareth johns '),
 ('16', 'field', '5', 'en_gb', ' munchies '),
 ('16', 'field', '1', 'en_gb', ' lorem ipsum dolor sit amet consetetur sadipscing elitr sed diam nonumy eirmod tempor invidunt ut labore '),
 ('16', 'field', '4', 'en_gb', ' test member 002 '),
 ('75', 'field', '10', 'en_gb', ' glasgow '),
 ('75', 'field', '13', 'en_gb', ''),
 ('17', 'field', '4', 'en_gb', ' test member 007 '),
 ('17', 'slug', '0', 'en_gb', ' chloe walshingam '),
 ('17', 'title', '0', 'en_gb', ' chloe walshingam '),
 ('18', 'filename', '0', 'en_gb', ' placeholder jpg '),
 ('18', 'extension', '0', 'en_gb', ' jpg '),
 ('18', 'kind', '0', 'en_gb', ' image '),
 ('18', 'slug', '0', 'en_gb', ' placeholder '),
 ('18', 'title', '0', 'en_gb', ' placeholder '),
 ('19', 'field', '5', 'en_gb', ' munchies '),
 ('19', 'field', '1', 'en_gb', ' lorem ipsum dolor sit amet consetetur sadipscing elitr sed diam nonumy eirmod tempor invidunt ut labore '),
 ('84', 'slug', '0', 'en_gb', ''),
 ('19', 'field', '4', 'en_gb', ' test member 003 '),
 ('19', 'slug', '0', 'en_gb', ' olivia smaghe '),
 ('19', 'title', '0', 'en_gb', ' olivia smaghe '),
 ('20', 'field', '5', 'en_gb', ' munchies '),
 ('20', 'field', '1', 'en_gb', ' lorem ipsum dolor sit amet consetetur sadipscing elitr sed diam nonumy eirmod tempor invidunt ut labore '),
 ('16', 'field', '9', 'en_gb', ' cool guy '),
 ('16', 'field', '10', 'en_gb', ' london '),
 ('19', 'field', '9', 'en_gb', ' producer '),
 ('19', 'field', '10', 'en_gb', ' london '),
 ('21', 'field', '9', 'en_gb', ' marketing '),
 ('21', 'field', '10', 'en_gb', ' london '),
 ('20', 'field', '4', 'en_gb', ' test member 001 '),
 ('20', 'slug', '0', 'en_gb', ' felix papalardi '),
 ('20', 'title', '0', 'en_gb', ' felix papalardi '),
 ('21', 'field', '5', 'en_gb', ' munchies '),
 ('21', 'field', '1', 'en_gb', ' lorem ipsum dolor sit amet consetetur sadipscing elitr sed diam nonumy eirmod tempor invidunt ut labore ');
INSERT INTO `craft_searchindex` (`elementId`, `attribute`, `fieldId`, `locale`, `keywords`) VALUES
 ('84', 'field', '19', 'en_gb', ' center '),
 ('22', 'field', '9', 'en_gb', ' guitarist '),
 ('22', 'field', '10', 'en_gb', ' slough '),
 ('93', 'field', '15', 'en_gb', ' nullam quis risus eget urna mollis ornare vel eu leo aenean lacinia bibendum nulla sed consectetur donec sed odio dui donec sed odio dui morbi leo risus porta ac consectetur ac vestibulum at eros cras justo odio dapibus ac facilisis in egestas eget quam '),
 ('21', 'field', '4', 'en_gb', ' test member 004 '),
 ('21', 'slug', '0', 'en_gb', ' jenna clapton '),
 ('21', 'title', '0', 'en_gb', ' jenna clapton '),
 ('22', 'field', '5', 'en_gb', ' munchies '),
 ('22', 'field', '1', 'en_gb', ' lorem ipsum dolor sit amet consetetur sadipscing elitr sed diam nonumy eirmod tempor invidunt ut labore '),
 ('84', 'field', '15', 'en_gb', ' lorem ipsum dolor sit amet consectetuer adipiscing elit aenean commodo ligula eget dolor aenean massa cum sociis natoque penatibus et magnis dis parturient montes nascetur ridiculus mus donec quam felis ultricies nec pellentesque eu pretium quis sem nulla consequat massa quis enim donec pede justo fringilla vel aliquet nec vulputate eget arcu '),
 ('23', 'field', '9', 'en_gb', ' developer '),
 ('23', 'field', '10', 'en_gb', ' new york '),
 ('71', 'field', '9', 'en_gb', ' developer '),
 ('71', 'field', '10', 'en_gb', ' berlin '),
 ('72', 'field', '9', 'en_gb', ' designer '),
 ('72', 'field', '10', 'en_gb', ' osaka '),
 ('22', 'field', '4', 'en_gb', ' test member 005 '),
 ('22', 'slug', '0', 'en_gb', ' jaykee the magician '),
 ('22', 'title', '0', 'en_gb', ' jaykee magician '),
 ('23', 'field', '5', 'en_gb', ' munchies '),
 ('23', 'field', '1', 'en_gb', ' lorem ipsum dolor sit amet consetetur sadipscing elitr sed diam nonumy eirmod tempor invidunt ut labore '),
 ('17', 'field', '13', 'en_gb', ' test quote center noisey hero landscape full lorem ipsum dolor sit amet consectetuer adipiscing elit aenean commodo ligula eget dolor aenean massa cum sociis natoque penatibus et magnis dis parturient montes nascetur ridiculus mus donec quam felis ultricies nec pellentesque eu pretium quis sem nulla consequat massa quis enim donec pede justo fringilla vel aliquet nec vulputate eget arcu center noisey hero landscape right phasellus viverra nulla ut metus varius laoreet quisque rutrum aenean imperdiet etiam ultricies nisi vel augue curabitur ullamcorper ultricies nisi nam eget dui etiam rhoncus maecenas tempus tellus eget condimentum rhoncus sem quam semper libero sit amet adipiscing sem neque sed ipsum nam quam nunc blandit vel luctus pulvinar hendrerit id lorem maecenas nec odio et ante tincidunt tempus donec vitae sapien ut libero venenatis faucibus nullam quis ante etiam sit amet orci eget eros faucibus tincidunt duis leo sed fringilla mauris sit amet nibh donec sodales sagittis magna sed consequat leo eget bibendum sodales augue velit cursus nunc quis gravida magna mi a libero fusce vulputate eleifend sapien vestibulum purus quam scelerisque ut mollis sed nonummy id metus nullam accumsan lorem in dui cras ultricies mi eu turpis hendrerit fringilla vestibulum ante ipsum primis in faucibus orci luctus et ultrices posuere cubilia curae in ac dui quis mi consectetuer lacinia nam pretium turpis et arcu duis arcu tortor suscipit eget imperdiet nec imperdiet iaculis ipsum sed aliquam ultrices mauris left noisey hero landscape center nullam quis risus eget urna mollis ornare vel eu leo aenean lacinia bibendum nulla sed consectetur donec sed odio dui donec sed odio dui morbi leo risus porta ac consectetur ac vestibulum at eros cras justo odio dapibus ac facilisis in egestas eget quam right noisey hero landscape left '),
 ('70', 'field', '9', 'en_gb', ' dancer '),
 ('70', 'field', '10', 'en_gb', ' la '),
 ('73', 'field', '9', 'en_gb', ' nurse '),
 ('73', 'field', '10', 'en_gb', ' sydney '),
 ('23', 'field', '4', 'en_gb', ' test member 006 '),
 ('23', 'slug', '0', 'en_gb', ' micheal vonck '),
 ('23', 'title', '0', 'en_gb', ' micheal vonck '),
 ('21', 'field', '6', 'en_gb', ' jenna '),
 ('21', 'field', '7', 'en_gb', ' clapton '),
 ('22', 'field', '6', 'en_gb', ' jaykee '),
 ('22', 'field', '7', 'en_gb', ' magician '),
 ('23', 'field', '6', 'en_gb', ' micheal '),
 ('23', 'field', '7', 'en_gb', ' vonck '),
 ('20', 'field', '6', 'en_gb', ' felix '),
 ('20', 'field', '7', 'en_gb', ' papalardi '),
 ('17', 'field', '6', 'en_gb', ' chloe '),
 ('17', 'field', '7', 'en_gb', ' walshingam '),
 ('16', 'field', '6', 'en_gb', ' gareth '),
 ('16', 'field', '7', 'en_gb', ' johns '),
 ('19', 'field', '6', 'en_gb', ' olivia '),
 ('19', 'field', '7', 'en_gb', ' smaghe '),
 ('24', 'filename', '0', 'en_gb', ' noisey hero landscape jpg '),
 ('24', 'extension', '0', 'en_gb', ' jpg '),
 ('24', 'kind', '0', 'en_gb', ' image '),
 ('24', 'slug', '0', 'en_gb', ' noisey hero landscape '),
 ('24', 'title', '0', 'en_gb', ' noisey hero landscape '),
 ('6', 'field', '8', 'en_gb', ' noisey hero landscape '),
 ('7', 'field', '8', 'en_gb', ''),
 ('8', 'field', '8', 'en_gb', ''),
 ('9', 'field', '8', 'en_gb', ''),
 ('10', 'field', '8', 'en_gb', ''),
 ('28', 'title', '0', 'en_gb', ' test member 001 '),
 ('28', 'slug', '0', 'en_gb', ' test member 001 '),
 ('28', 'kind', '0', 'en_gb', ' image '),
 ('28', 'extension', '0', 'en_gb', ' jpg '),
 ('28', 'filename', '0', 'en_gb', ' test member 001 jpg '),
 ('16', 'field', '8', 'en_gb', ''),
 ('17', 'field', '8', 'en_gb', ''),
 ('19', 'field', '8', 'en_gb', ''),
 ('20', 'field', '8', 'en_gb', ''),
 ('21', 'field', '8', 'en_gb', ''),
 ('22', 'field', '8', 'en_gb', ''),
 ('23', 'field', '8', 'en_gb', ''),
 ('29', 'filename', '0', 'en_gb', ' test member 002 jpg '),
 ('29', 'extension', '0', 'en_gb', ' jpg '),
 ('29', 'kind', '0', 'en_gb', ' image '),
 ('29', 'slug', '0', 'en_gb', ' test member 002 '),
 ('29', 'title', '0', 'en_gb', ' test member 002 '),
 ('30', 'filename', '0', 'en_gb', ' test member 003 jpg '),
 ('30', 'extension', '0', 'en_gb', ' jpg '),
 ('30', 'kind', '0', 'en_gb', ' image '),
 ('30', 'slug', '0', 'en_gb', ' test member 003 '),
 ('30', 'title', '0', 'en_gb', ' test member 003 '),
 ('31', 'filename', '0', 'en_gb', ' test member 004 jpg '),
 ('31', 'extension', '0', 'en_gb', ' jpg '),
 ('31', 'kind', '0', 'en_gb', ' image '),
 ('31', 'slug', '0', 'en_gb', ' test member 004 '),
 ('31', 'title', '0', 'en_gb', ' test member 004 '),
 ('32', 'filename', '0', 'en_gb', ' test member 005 jpg '),
 ('32', 'extension', '0', 'en_gb', ' jpg '),
 ('32', 'kind', '0', 'en_gb', ' image '),
 ('32', 'slug', '0', 'en_gb', ' test member 005 '),
 ('32', 'title', '0', 'en_gb', ' test member 005 '),
 ('33', 'filename', '0', 'en_gb', ' test member 006 jpg '),
 ('33', 'extension', '0', 'en_gb', ' jpg '),
 ('33', 'kind', '0', 'en_gb', ' image '),
 ('33', 'slug', '0', 'en_gb', ' test member 006 '),
 ('33', 'title', '0', 'en_gb', ' test member 006 '),
 ('34', 'filename', '0', 'en_gb', ' test member 007 jpg '),
 ('34', 'extension', '0', 'en_gb', ' jpg '),
 ('34', 'kind', '0', 'en_gb', ' image '),
 ('34', 'slug', '0', 'en_gb', ' test member 007 '),
 ('34', 'title', '0', 'en_gb', ' test member 007 '),
 ('35', 'filename', '0', 'en_gb', ' test member 008 jpg '),
 ('35', 'extension', '0', 'en_gb', ' jpg '),
 ('35', 'kind', '0', 'en_gb', ' image '),
 ('35', 'slug', '0', 'en_gb', ' test member 008 '),
 ('35', 'title', '0', 'en_gb', ' test member 008 ');
INSERT INTO `craft_searchindex` (`elementId`, `attribute`, `fieldId`, `locale`, `keywords`) VALUES
 ('36', 'filename', '0', 'en_gb', ' test member 009 jpg '),
 ('36', 'extension', '0', 'en_gb', ' jpg '),
 ('36', 'kind', '0', 'en_gb', ' image '),
 ('36', 'slug', '0', 'en_gb', ' test member 009 '),
 ('36', 'title', '0', 'en_gb', ' test member 009 '),
 ('37', 'filename', '0', 'en_gb', ' test member 010 jpg '),
 ('37', 'extension', '0', 'en_gb', ' jpg '),
 ('37', 'kind', '0', 'en_gb', ' image '),
 ('37', 'slug', '0', 'en_gb', ' test member 010 '),
 ('37', 'title', '0', 'en_gb', ' test member 010 '),
 ('38', 'filename', '0', 'en_gb', ' test member 011 jpg '),
 ('38', 'extension', '0', 'en_gb', ' jpg '),
 ('38', 'kind', '0', 'en_gb', ' image '),
 ('38', 'slug', '0', 'en_gb', ' test member 011 '),
 ('38', 'title', '0', 'en_gb', ' test member 011 '),
 ('39', 'filename', '0', 'en_gb', ' test member 012 jpg '),
 ('39', 'extension', '0', 'en_gb', ' jpg '),
 ('39', 'kind', '0', 'en_gb', ' image '),
 ('39', 'slug', '0', 'en_gb', ' test member 012 '),
 ('39', 'title', '0', 'en_gb', ' test member 012 '),
 ('40', 'filename', '0', 'en_gb', ' test member 013 jpg '),
 ('40', 'extension', '0', 'en_gb', ' jpg '),
 ('40', 'kind', '0', 'en_gb', ' image '),
 ('40', 'slug', '0', 'en_gb', ' test member 013 '),
 ('40', 'title', '0', 'en_gb', ' test member 013 '),
 ('41', 'filename', '0', 'en_gb', ' test member 014 jpg '),
 ('41', 'extension', '0', 'en_gb', ' jpg '),
 ('41', 'kind', '0', 'en_gb', ' image '),
 ('41', 'slug', '0', 'en_gb', ' test member 014 '),
 ('41', 'title', '0', 'en_gb', ' test member 014 '),
 ('42', 'filename', '0', 'en_gb', ' test member 015 jpg '),
 ('42', 'extension', '0', 'en_gb', ' jpg '),
 ('42', 'kind', '0', 'en_gb', ' image '),
 ('42', 'slug', '0', 'en_gb', ' test member 015 '),
 ('42', 'title', '0', 'en_gb', ' test member 015 '),
 ('43', 'filename', '0', 'en_gb', ' test member 016 jpg '),
 ('43', 'extension', '0', 'en_gb', ' jpg '),
 ('43', 'kind', '0', 'en_gb', ' image '),
 ('43', 'slug', '0', 'en_gb', ' test member 016 '),
 ('43', 'title', '0', 'en_gb', ' test member 016 '),
 ('44', 'filename', '0', 'en_gb', ' test member 017 jpg '),
 ('44', 'extension', '0', 'en_gb', ' jpg '),
 ('44', 'kind', '0', 'en_gb', ' image '),
 ('44', 'slug', '0', 'en_gb', ' test member 017 '),
 ('44', 'title', '0', 'en_gb', ' test member 017 '),
 ('45', 'filename', '0', 'en_gb', ' test member 018 jpg '),
 ('45', 'extension', '0', 'en_gb', ' jpg '),
 ('45', 'kind', '0', 'en_gb', ' image '),
 ('45', 'slug', '0', 'en_gb', ' test member 018 '),
 ('45', 'title', '0', 'en_gb', ' test member 018 '),
 ('46', 'filename', '0', 'en_gb', ' test member 019 jpg '),
 ('46', 'extension', '0', 'en_gb', ' jpg '),
 ('46', 'kind', '0', 'en_gb', ' image '),
 ('46', 'slug', '0', 'en_gb', ' test member 019 '),
 ('46', 'title', '0', 'en_gb', ' test member 019 '),
 ('47', 'filename', '0', 'en_gb', ' test member 020 jpg '),
 ('47', 'extension', '0', 'en_gb', ' jpg '),
 ('47', 'kind', '0', 'en_gb', ' image '),
 ('47', 'slug', '0', 'en_gb', ' test member 020 '),
 ('47', 'title', '0', 'en_gb', ' test member 020 '),
 ('48', 'filename', '0', 'en_gb', ' test member 021 jpg '),
 ('48', 'extension', '0', 'en_gb', ' jpg '),
 ('48', 'kind', '0', 'en_gb', ' image '),
 ('48', 'slug', '0', 'en_gb', ' test member 021 '),
 ('48', 'title', '0', 'en_gb', ' test member 021 '),
 ('49', 'filename', '0', 'en_gb', ' test member 022 jpg '),
 ('49', 'extension', '0', 'en_gb', ' jpg '),
 ('49', 'kind', '0', 'en_gb', ' image '),
 ('49', 'slug', '0', 'en_gb', ' test member 022 '),
 ('49', 'title', '0', 'en_gb', ' test member 022 '),
 ('50', 'filename', '0', 'en_gb', ' test member 023 jpg '),
 ('50', 'extension', '0', 'en_gb', ' jpg '),
 ('50', 'kind', '0', 'en_gb', ' image '),
 ('50', 'slug', '0', 'en_gb', ' test member 023 '),
 ('50', 'title', '0', 'en_gb', ' test member 023 '),
 ('51', 'filename', '0', 'en_gb', ' test member 024 jpg '),
 ('51', 'extension', '0', 'en_gb', ' jpg '),
 ('51', 'kind', '0', 'en_gb', ' image '),
 ('51', 'slug', '0', 'en_gb', ' test member 024 '),
 ('51', 'title', '0', 'en_gb', ' test member 024 '),
 ('52', 'filename', '0', 'en_gb', ' test member 025 jpg '),
 ('52', 'extension', '0', 'en_gb', ' jpg '),
 ('52', 'kind', '0', 'en_gb', ' image '),
 ('52', 'slug', '0', 'en_gb', ' test member 025 '),
 ('52', 'title', '0', 'en_gb', ' test member 025 '),
 ('53', 'filename', '0', 'en_gb', ' test member 026 jpg '),
 ('53', 'extension', '0', 'en_gb', ' jpg '),
 ('53', 'kind', '0', 'en_gb', ' image '),
 ('53', 'slug', '0', 'en_gb', ' test member 026 '),
 ('53', 'title', '0', 'en_gb', ' test member 026 '),
 ('54', 'filename', '0', 'en_gb', ' test member 027 jpg '),
 ('54', 'extension', '0', 'en_gb', ' jpg '),
 ('54', 'kind', '0', 'en_gb', ' image '),
 ('54', 'slug', '0', 'en_gb', ' test member 027 '),
 ('54', 'title', '0', 'en_gb', ' test member 027 '),
 ('55', 'filename', '0', 'en_gb', ' test member 028 jpg '),
 ('55', 'extension', '0', 'en_gb', ' jpg '),
 ('55', 'kind', '0', 'en_gb', ' image '),
 ('55', 'slug', '0', 'en_gb', ' test member 028 '),
 ('55', 'title', '0', 'en_gb', ' test member 028 ');
INSERT INTO `craft_searchindex` (`elementId`, `attribute`, `fieldId`, `locale`, `keywords`) VALUES
 ('56', 'filename', '0', 'en_gb', ' test member 029 jpg '),
 ('56', 'extension', '0', 'en_gb', ' jpg '),
 ('56', 'kind', '0', 'en_gb', ' image '),
 ('56', 'slug', '0', 'en_gb', ' test member 029 '),
 ('56', 'title', '0', 'en_gb', ' test member 029 '),
 ('57', 'filename', '0', 'en_gb', ' test member 030 jpg '),
 ('57', 'extension', '0', 'en_gb', ' jpg '),
 ('57', 'kind', '0', 'en_gb', ' image '),
 ('57', 'slug', '0', 'en_gb', ' test member 030 '),
 ('57', 'title', '0', 'en_gb', ' test member 030 '),
 ('58', 'filename', '0', 'en_gb', ' test member 031 jpg '),
 ('58', 'extension', '0', 'en_gb', ' jpg '),
 ('58', 'kind', '0', 'en_gb', ' image '),
 ('58', 'slug', '0', 'en_gb', ' test member 031 '),
 ('58', 'title', '0', 'en_gb', ' test member 031 '),
 ('59', 'field', '6', 'en_gb', ' joaquin '),
 ('59', 'field', '7', 'en_gb', ' hoop '),
 ('59', 'field', '5', 'en_gb', ' i d '),
 ('59', 'field', '1', 'en_gb', ' lorem ipsum dolor sit amet consetetur sadipscing elitr sed diam nonumy eirmod tempor invidunt ut labore '),
 ('59', 'field', '4', 'en_gb', ' test member 008 '),
 ('59', 'field', '8', 'en_gb', ''),
 ('59', 'slug', '0', 'en_gb', ' joaquin hoop '),
 ('59', 'title', '0', 'en_gb', ' joaquin hoop '),
 ('60', 'field', '6', 'en_gb', ' jeraldine '),
 ('60', 'field', '7', 'en_gb', ' mathers '),
 ('60', 'field', '5', 'en_gb', ' i d '),
 ('60', 'field', '1', 'en_gb', ' lorem ipsum dolor sit amet consetetur sadipscing elitr sed diam nonumy eirmod tempor invidunt ut labore '),
 ('60', 'field', '4', 'en_gb', ' test member 009 '),
 ('60', 'field', '8', 'en_gb', ''),
 ('60', 'slug', '0', 'en_gb', ' jeraldine mathers '),
 ('60', 'title', '0', 'en_gb', ' jeraldine mathers '),
 ('61', 'field', '6', 'en_gb', ' georgene '),
 ('61', 'field', '7', 'en_gb', ' goodspeed '),
 ('61', 'field', '5', 'en_gb', ' i d '),
 ('61', 'field', '1', 'en_gb', ' lorem ipsum dolor sit amet consetetur sadipscing elitr sed diam nonumy eirmod tempor invidunt ut labore '),
 ('61', 'field', '4', 'en_gb', ' test member 010 '),
 ('61', 'field', '8', 'en_gb', ''),
 ('61', 'slug', '0', 'en_gb', ' georgene goodspeed '),
 ('61', 'title', '0', 'en_gb', ' georgene goodspeed '),
 ('62', 'field', '6', 'en_gb', ' charolette '),
 ('62', 'field', '7', 'en_gb', ' wrede '),
 ('62', 'field', '5', 'en_gb', ' i d '),
 ('62', 'field', '1', 'en_gb', ' lorem ipsum dolor sit amet consetetur sadipscing elitr sed diam nonumy eirmod tempor invidunt ut labore '),
 ('62', 'field', '4', 'en_gb', ' test member 011 '),
 ('62', 'field', '8', 'en_gb', ''),
 ('62', 'slug', '0', 'en_gb', ' charolette wrede '),
 ('62', 'title', '0', 'en_gb', ' charolette wrede '),
 ('63', 'field', '6', 'en_gb', ' jaimie  '),
 ('63', 'field', '7', 'en_gb', ' rafael '),
 ('63', 'field', '5', 'en_gb', ' i d '),
 ('63', 'field', '1', 'en_gb', ' lorem ipsum dolor sit amet consetetur sadipscing elitr sed diam nonumy eirmod tempor invidunt ut labore '),
 ('63', 'field', '4', 'en_gb', ' test member 012 '),
 ('63', 'field', '8', 'en_gb', ''),
 ('63', 'slug', '0', 'en_gb', ' jaimie rafael '),
 ('63', 'title', '0', 'en_gb', ' jaimie rafael '),
 ('64', 'field', '6', 'en_gb', ' stephen '),
 ('64', 'field', '7', 'en_gb', ' carnley '),
 ('64', 'field', '5', 'en_gb', ' noisey '),
 ('64', 'field', '1', 'en_gb', ' lorem ipsum dolor sit amet consetetur sadipscing elitr sed diam nonumy eirmod tempor invidunt ut labore '),
 ('64', 'field', '4', 'en_gb', ' test member 013 '),
 ('64', 'field', '8', 'en_gb', ''),
 ('64', 'slug', '0', 'en_gb', ' stephen carnley '),
 ('64', 'title', '0', 'en_gb', ' stephen carnley '),
 ('65', 'field', '6', 'en_gb', ' janice '),
 ('65', 'field', '7', 'en_gb', ' decamp '),
 ('65', 'field', '5', 'en_gb', ' noisey '),
 ('65', 'field', '1', 'en_gb', ' lorem ipsum dolor sit amet consetetur sadipscing elitr sed diam nonumy eirmod tempor invidunt ut labore '),
 ('65', 'field', '4', 'en_gb', ' test member 014 '),
 ('65', 'field', '8', 'en_gb', ''),
 ('65', 'slug', '0', 'en_gb', ' janice decamp '),
 ('65', 'title', '0', 'en_gb', ' janice decamp '),
 ('66', 'field', '6', 'en_gb', ' moises '),
 ('66', 'field', '7', 'en_gb', ' ickes '),
 ('66', 'field', '5', 'en_gb', ' noisey '),
 ('66', 'field', '1', 'en_gb', ' lorem ipsum dolor sit amet consetetur sadipscing elitr sed diam nonumy eirmod tempor invidunt ut labore '),
 ('66', 'field', '4', 'en_gb', ' test member 015 '),
 ('66', 'field', '8', 'en_gb', ''),
 ('66', 'slug', '0', 'en_gb', ' moises ickes '),
 ('66', 'title', '0', 'en_gb', ' moises ickes '),
 ('67', 'field', '6', 'en_gb', ' debi '),
 ('67', 'field', '7', 'en_gb', ' wohlers '),
 ('67', 'field', '5', 'en_gb', ' noisey '),
 ('67', 'field', '1', 'en_gb', ' lorem ipsum dolor sit amet consetetur sadipscing elitr sed diam nonumy eirmod tempor invidunt ut labore '),
 ('67', 'field', '4', 'en_gb', ' test member 016 '),
 ('67', 'field', '8', 'en_gb', ''),
 ('67', 'slug', '0', 'en_gb', ' debi wohlers '),
 ('67', 'title', '0', 'en_gb', ' debi wohlers '),
 ('68', 'field', '6', 'en_gb', ' jimmie '),
 ('68', 'field', '7', 'en_gb', ' schor '),
 ('68', 'field', '5', 'en_gb', ' noisey '),
 ('68', 'field', '1', 'en_gb', ' lorem ipsum dolor sit amet consetetur sadipscing elitr sed diam nonumy eirmod tempor invidunt ut labore '),
 ('68', 'field', '4', 'en_gb', ' test member 017 '),
 ('68', 'field', '8', 'en_gb', ''),
 ('68', 'slug', '0', 'en_gb', ' jimmie schor '),
 ('68', 'title', '0', 'en_gb', ' jimmie schor '),
 ('69', 'field', '6', 'en_gb', ' hanna '),
 ('69', 'field', '7', 'en_gb', ' harari '),
 ('69', 'field', '5', 'en_gb', ' noisey '),
 ('69', 'field', '1', 'en_gb', ' lorem ipsum dolor sit amet consetetur sadipscing elitr sed diam nonumy eirmod tempor invidunt ut labore '),
 ('69', 'field', '4', 'en_gb', ' test member 018 ');
INSERT INTO `craft_searchindex` (`elementId`, `attribute`, `fieldId`, `locale`, `keywords`) VALUES
 ('69', 'field', '8', 'en_gb', ''),
 ('69', 'slug', '0', 'en_gb', ' hanna harari '),
 ('69', 'title', '0', 'en_gb', ' hanna harari '),
 ('70', 'field', '6', 'en_gb', ' bernardine '),
 ('70', 'field', '7', 'en_gb', ' mynatt '),
 ('70', 'field', '5', 'en_gb', ' creators '),
 ('70', 'field', '1', 'en_gb', ' lorem ipsum dolor sit amet consetetur sadipscing elitr sed diam nonumy eirmod tempor invidunt ut labore '),
 ('70', 'field', '4', 'en_gb', ' test member 019 '),
 ('70', 'field', '8', 'en_gb', ''),
 ('70', 'slug', '0', 'en_gb', ' bernardine mynatt '),
 ('70', 'title', '0', 'en_gb', ' bernardine mynatt '),
 ('71', 'field', '6', 'en_gb', ' isreal '),
 ('71', 'field', '7', 'en_gb', ' hendon '),
 ('71', 'field', '5', 'en_gb', ' creators '),
 ('71', 'field', '1', 'en_gb', ' lorem ipsum dolor sit amet consetetur sadipscing elitr sed diam nonumy eirmod tempor invidunt ut labore '),
 ('71', 'field', '4', 'en_gb', ' test member 020 '),
 ('71', 'field', '8', 'en_gb', ''),
 ('71', 'slug', '0', 'en_gb', ' isreal hendon '),
 ('71', 'title', '0', 'en_gb', ' isreal hendon '),
 ('72', 'field', '6', 'en_gb', ' nicki '),
 ('72', 'field', '7', 'en_gb', ' niemi '),
 ('72', 'field', '5', 'en_gb', ' creators '),
 ('72', 'field', '1', 'en_gb', ' lorem ipsum dolor sit amet consetetur sadipscing elitr sed diam nonumy eirmod tempor invidunt ut labore '),
 ('72', 'field', '4', 'en_gb', ' test member 021 '),
 ('72', 'field', '8', 'en_gb', ''),
 ('72', 'slug', '0', 'en_gb', ' nicki niemi '),
 ('72', 'title', '0', 'en_gb', ' nicki niemi '),
 ('73', 'field', '6', 'en_gb', ' mikel '),
 ('73', 'field', '7', 'en_gb', ' keating '),
 ('73', 'field', '5', 'en_gb', ' creators '),
 ('73', 'field', '1', 'en_gb', ' lorem ipsum dolor sit amet consetetur sadipscing elitr sed diam nonumy eirmod tempor invidunt ut labore '),
 ('73', 'field', '4', 'en_gb', ' test member 022 '),
 ('73', 'field', '8', 'en_gb', ''),
 ('73', 'slug', '0', 'en_gb', ' mikel keating '),
 ('73', 'title', '0', 'en_gb', ' mikel keating '),
 ('74', 'field', '6', 'en_gb', ' tammie '),
 ('74', 'field', '7', 'en_gb', ' zerangue '),
 ('74', 'field', '5', 'en_gb', ' creators '),
 ('74', 'field', '1', 'en_gb', ' lorem ipsum dolor sit amet consetetur sadipscing elitr sed diam nonumy eirmod tempor invidunt ut labore '),
 ('74', 'field', '4', 'en_gb', ' test member 023 '),
 ('74', 'field', '8', 'en_gb', ''),
 ('74', 'slug', '0', 'en_gb', ' tammie zerangue '),
 ('74', 'title', '0', 'en_gb', ' tammie zerangue '),
 ('75', 'field', '6', 'en_gb', ' markita '),
 ('75', 'field', '7', 'en_gb', ' pearson '),
 ('75', 'field', '5', 'en_gb', ' creators '),
 ('75', 'field', '1', 'en_gb', ' lorem ipsum dolor sit amet consetetur sadipscing elitr sed diam nonumy eirmod tempor invidunt ut labore '),
 ('75', 'field', '4', 'en_gb', ' test member 024 '),
 ('75', 'field', '8', 'en_gb', ''),
 ('75', 'slug', '0', 'en_gb', ' markita pearson '),
 ('75', 'title', '0', 'en_gb', ' markita pearson '),
 ('76', 'field', '6', 'en_gb', ' young '),
 ('76', 'field', '7', 'en_gb', ' besecker '),
 ('76', 'field', '5', 'en_gb', ' thump '),
 ('76', 'field', '1', 'en_gb', ''),
 ('76', 'field', '4', 'en_gb', ' test member 025 '),
 ('76', 'field', '8', 'en_gb', ''),
 ('76', 'slug', '0', 'en_gb', ' young besecker '),
 ('76', 'title', '0', 'en_gb', ' young besecker '),
 ('77', 'field', '6', 'en_gb', ' yang '),
 ('77', 'field', '7', 'en_gb', ' mcalexander '),
 ('77', 'field', '5', 'en_gb', ' thump '),
 ('77', 'field', '1', 'en_gb', ''),
 ('77', 'field', '4', 'en_gb', ' test member 026 '),
 ('77', 'field', '8', 'en_gb', ''),
 ('77', 'slug', '0', 'en_gb', ' yang '),
 ('77', 'title', '0', 'en_gb', ' yang '),
 ('78', 'field', '6', 'en_gb', ' valene '),
 ('78', 'field', '7', 'en_gb', ' askey '),
 ('78', 'field', '5', 'en_gb', ' thump '),
 ('78', 'field', '1', 'en_gb', ''),
 ('78', 'field', '4', 'en_gb', ' test member 027 '),
 ('78', 'field', '8', 'en_gb', ''),
 ('78', 'slug', '0', 'en_gb', ' valene askey '),
 ('78', 'title', '0', 'en_gb', ' valene askey '),
 ('79', 'field', '6', 'en_gb', ' jeanette '),
 ('79', 'field', '7', 'en_gb', ' granda '),
 ('79', 'field', '5', 'en_gb', ' thump '),
 ('79', 'field', '1', 'en_gb', ''),
 ('79', 'field', '4', 'en_gb', ' test member 028 '),
 ('79', 'field', '8', 'en_gb', ''),
 ('79', 'slug', '0', 'en_gb', ' jeanette granda '),
 ('79', 'title', '0', 'en_gb', ' jeanette granda '),
 ('80', 'field', '6', 'en_gb', ' joe '),
 ('80', 'field', '7', 'en_gb', ' eklund '),
 ('80', 'field', '5', 'en_gb', ' thump '),
 ('80', 'field', '1', 'en_gb', ''),
 ('80', 'field', '4', 'en_gb', ' test member 030 '),
 ('80', 'field', '8', 'en_gb', ''),
 ('80', 'slug', '0', 'en_gb', ' joe eklund '),
 ('80', 'title', '0', 'en_gb', ' joe eklund '),
 ('81', 'field', '6', 'en_gb', ' tanisha '),
 ('81', 'field', '7', 'en_gb', ' pietrzak '),
 ('81', 'field', '5', 'en_gb', ' thump '),
 ('81', 'field', '1', 'en_gb', ''),
 ('81', 'field', '4', 'en_gb', ' test member 029 '),
 ('81', 'field', '8', 'en_gb', ''),
 ('81', 'slug', '0', 'en_gb', ' tanisha pietrzak '),
 ('81', 'title', '0', 'en_gb', ' tanisha pietrzak '),
 ('17', 'field', '9', 'en_gb', ' designer ');
INSERT INTO `craft_searchindex` (`elementId`, `attribute`, `fieldId`, `locale`, `keywords`) VALUES
 ('17', 'field', '10', 'en_gb', ' london '),
 ('59', 'field', '9', 'en_gb', ' brewmaster '),
 ('59', 'field', '10', 'en_gb', ' dublin '),
 ('60', 'field', '9', 'en_gb', ' interior designer '),
 ('60', 'field', '10', 'en_gb', ' japan '),
 ('83', 'kind', '0', 'en_gb', ' image '),
 ('83', 'slug', '0', 'en_gb', ' oly testwow stage '),
 ('83', 'extension', '0', 'en_gb', ' jpg '),
 ('83', 'filename', '0', 'en_gb', ' oly_testwow_stage jpg '),
 ('83', 'title', '0', 'en_gb', ' oly testwow stage '),
 ('74', 'field', '9', 'en_gb', ' artist '),
 ('74', 'field', '10', 'en_gb', ' wellington '),
 ('74', 'field', '13', 'en_gb', ''),
 ('75', 'field', '9', 'en_gb', ' artist '),
 ('88', 'field', '19', 'en_gb', ' left '),
 ('88', 'slug', '0', 'en_gb', ''),
 ('89', 'field', '18', 'en_gb', ' noisey hero landscape '),
 ('89', 'field', '21', 'en_gb', ' center '),
 ('89', 'slug', '0', 'en_gb', ''),
 ('61', 'field', '9', 'en_gb', ' director '),
 ('61', 'field', '10', 'en_gb', ' lisbon '),
 ('62', 'field', '9', 'en_gb', ' game designer '),
 ('62', 'field', '10', 'en_gb', ' paris '),
 ('63', 'field', '9', 'en_gb', ' engineer '),
 ('63', 'field', '10', 'en_gb', ' melbourne '),
 ('64', 'field', '9', 'en_gb', ' writer '),
 ('64', 'field', '10', 'en_gb', ' berlin '),
 ('65', 'field', '9', 'en_gb', ' poet '),
 ('65', 'field', '10', 'en_gb', ' cork '),
 ('87', 'field', '18', 'en_gb', ' noisey hero landscape '),
 ('87', 'field', '21', 'en_gb', ' right '),
 ('87', 'slug', '0', 'en_gb', ''),
 ('88', 'field', '15', 'en_gb', ' phasellus viverra nulla ut metus varius laoreet quisque rutrum aenean imperdiet etiam ultricies nisi vel augue curabitur ullamcorper ultricies nisi nam eget dui etiam rhoncus maecenas tempus tellus eget condimentum rhoncus sem quam semper libero sit amet adipiscing sem neque sed ipsum nam quam nunc blandit vel luctus pulvinar hendrerit id lorem maecenas nec odio et ante tincidunt tempus donec vitae sapien ut libero venenatis faucibus nullam quis ante etiam sit amet orci eget eros faucibus tincidunt duis leo sed fringilla mauris sit amet nibh donec sodales sagittis magna sed consequat leo eget bibendum sodales augue velit cursus nunc quis gravida magna mi a libero fusce vulputate eleifend sapien vestibulum purus quam scelerisque ut mollis sed nonummy id metus nullam accumsan lorem in dui cras ultricies mi eu turpis hendrerit fringilla vestibulum ante ipsum primis in faucibus orci luctus et ultrices posuere cubilia curae in ac dui quis mi consectetuer lacinia nam pretium turpis et arcu duis arcu tortor suscipit eget imperdiet nec imperdiet iaculis ipsum sed aliquam ultrices mauris '),
 ('66', 'field', '9', 'en_gb', ' drummer '),
 ('66', 'field', '10', 'en_gb', ' leeds '),
 ('85', 'slug', '0', 'en_gb', ''),
 ('92', 'field', '21', 'en_gb', ' left '),
 ('92', 'slug', '0', 'en_gb', ''),
 ('92', 'field', '18', 'en_gb', ' noisey hero landscape '),
 ('67', 'field', '9', 'en_gb', ' pr '),
 ('67', 'field', '10', 'en_gb', ' manchester '),
 ('91', 'field', '20', 'en_gb', ' test quote '),
 ('91', 'slug', '0', 'en_gb', ''),
 ('91', 'field', '22', 'en_gb', ' center '),
 ('85', 'field', '18', 'en_gb', ' noisey hero landscape '),
 ('85', 'field', '21', 'en_gb', ' full '),
 ('68', 'field', '9', 'en_gb', ' software engineer '),
 ('68', 'field', '10', 'en_gb', ' lyon '),
 ('69', 'field', '9', 'en_gb', ' student '),
 ('69', 'field', '10', 'en_gb', ' glasgow '),
 ('20', 'field', '9', 'en_gb', ' student '),
 ('20', 'field', '10', 'en_gb', ' newcastle '),
 ('93', 'field', '19', 'en_gb', ' right '),
 ('93', 'slug', '0', 'en_gb', '');



DROP TABLE IF EXISTS `craft_sections`;


--
-- Schema for table `craft_sections`
--
CREATE TABLE `craft_sections` (
  `id` int(11) NOT NULL AUTO_INCREMENT,
  `structureId` int(11) DEFAULT NULL,
  `name` varchar(255) COLLATE utf8_unicode_ci NOT NULL,
  `handle` varchar(255) COLLATE utf8_unicode_ci NOT NULL,
  `type` enum('single','channel','structure') COLLATE utf8_unicode_ci NOT NULL DEFAULT 'channel',
  `hasUrls` tinyint(1) unsigned NOT NULL DEFAULT '1',
  `template` varchar(500) COLLATE utf8_unicode_ci DEFAULT NULL,
  `enableVersioning` tinyint(1) unsigned NOT NULL DEFAULT '0',
  `dateCreated` datetime NOT NULL,
  `dateUpdated` datetime NOT NULL,
  `uid` char(36) COLLATE utf8_unicode_ci NOT NULL DEFAULT '0',
  PRIMARY KEY (`id`),
  UNIQUE KEY `craft_sections_name_unq_idx` (`name`),
  UNIQUE KEY `craft_sections_handle_unq_idx` (`handle`),
  KEY `craft_sections_structureId_fk` (`structureId`)
) ENGINE=InnoDB AUTO_INCREMENT=5 DEFAULT CHARSET=utf8 COLLATE=utf8_unicode_ci;

--
-- Data for table `craft_sections`
--

INSERT INTO `craft_sections` (`id`, `structureId`, `name`, `handle`, `type`, `hasUrls`, `template`, `enableVersioning`, `dateCreated`, `dateUpdated`, `uid`) VALUES
 ('1', NULL, 'Homepage', 'homepage', 'single', '1', 'index', '1', '2017-12-10 22:25:19', '2017-12-10 22:25:19', 'c6664dc4-6dbe-48f0-8ab2-df04074fa688'),
 ('3', '3', 'Members', 'members', 'structure', '1', 'members/_entry', '1', '2017-12-10 23:06:20', '2017-12-13 16:35:15', '721b3135-99f7-4b3c-81aa-ce0fcf211953');



DROP TABLE IF EXISTS `craft_sections_i18n`;


--
-- Schema for table `craft_sections_i18n`
--
CREATE TABLE `craft_sections_i18n` (
  `id` int(11) NOT NULL AUTO_INCREMENT,
  `sectionId` int(11) NOT NULL,
  `locale` char(12) COLLATE utf8_unicode_ci NOT NULL,
  `enabledByDefault` tinyint(1) unsigned NOT NULL DEFAULT '1',
  `urlFormat` text COLLATE utf8_unicode_ci,
  `nestedUrlFormat` text COLLATE utf8_unicode_ci,
  `dateCreated` datetime NOT NULL,
  `dateUpdated` datetime NOT NULL,
  `uid` char(36) COLLATE utf8_unicode_ci NOT NULL DEFAULT '0',
  PRIMARY KEY (`id`),
  UNIQUE KEY `craft_sections_i18n_sectionId_locale_unq_idx` (`sectionId`,`locale`),
  KEY `craft_sections_i18n_locale_fk` (`locale`)
) ENGINE=InnoDB AUTO_INCREMENT=5 DEFAULT CHARSET=utf8 COLLATE=utf8_unicode_ci;

--
-- Data for table `craft_sections_i18n`
--

INSERT INTO `craft_sections_i18n` (`id`, `sectionId`, `locale`, `enabledByDefault`, `urlFormat`, `nestedUrlFormat`, `dateCreated`, `dateUpdated`, `uid`) VALUES
 ('1', '1', 'en_gb', '1', '__home__', NULL, '2017-12-10 22:25:19', '2017-12-10 22:25:19', 'cde4ae67-496e-4964-a061-8066cc3cbde2'),
 ('3', '3', 'en_gb', '1', 'members/{slug}', '{parent.uri}/{slug}', '2017-12-10 23:06:20', '2017-12-13 16:35:15', 'f63c74ce-31d6-4fdd-9848-3dafd2e03429');



DROP TABLE IF EXISTS `craft_sessions`;


--
-- Schema for table `craft_sessions`
--
CREATE TABLE `craft_sessions` (
  `id` int(11) NOT NULL AUTO_INCREMENT,
  `userId` int(11) NOT NULL,
  `token` char(100) COLLATE utf8_unicode_ci NOT NULL,
  `dateCreated` datetime NOT NULL,
  `dateUpdated` datetime NOT NULL,
  `uid` char(36) COLLATE utf8_unicode_ci NOT NULL DEFAULT '0',
  PRIMARY KEY (`id`),
  KEY `craft_sessions_uid_idx` (`uid`),
  KEY `craft_sessions_token_idx` (`token`),
  KEY `craft_sessions_dateUpdated_idx` (`dateUpdated`),
  KEY `craft_sessions_userId_fk` (`userId`)
) ENGINE=InnoDB AUTO_INCREMENT=4 DEFAULT CHARSET=utf8 COLLATE=utf8_unicode_ci;

DROP TABLE IF EXISTS `craft_shunnedmessages`;


--
-- Schema for table `craft_shunnedmessages`
--
CREATE TABLE `craft_shunnedmessages` (
  `id` int(11) NOT NULL AUTO_INCREMENT,
  `userId` int(11) NOT NULL,
  `message` varchar(255) COLLATE utf8_unicode_ci NOT NULL,
  `expiryDate` datetime DEFAULT NULL,
  `dateCreated` datetime NOT NULL,
  `dateUpdated` datetime NOT NULL,
  `uid` char(36) COLLATE utf8_unicode_ci NOT NULL DEFAULT '0',
  PRIMARY KEY (`id`),
  UNIQUE KEY `craft_shunnedmessages_userId_message_unq_idx` (`userId`,`message`)
) ENGINE=InnoDB DEFAULT CHARSET=utf8 COLLATE=utf8_unicode_ci;

DROP TABLE IF EXISTS `craft_structureelements`;


--
-- Schema for table `craft_structureelements`
--
CREATE TABLE `craft_structureelements` (
  `id` int(11) NOT NULL AUTO_INCREMENT,
  `structureId` int(11) NOT NULL,
  `elementId` int(11) DEFAULT NULL,
  `root` int(11) unsigned DEFAULT NULL,
  `lft` int(11) unsigned NOT NULL,
  `rgt` int(11) unsigned NOT NULL,
  `level` smallint(6) unsigned NOT NULL,
  `dateCreated` datetime NOT NULL,
  `dateUpdated` datetime NOT NULL,
  `uid` char(36) COLLATE utf8_unicode_ci NOT NULL DEFAULT '0',
  PRIMARY KEY (`id`),
  UNIQUE KEY `craft_structureelements_structureId_elementId_unq_idx` (`structureId`,`elementId`),
  KEY `craft_structureelements_root_idx` (`root`),
  KEY `craft_structureelements_lft_idx` (`lft`),
  KEY `craft_structureelements_rgt_idx` (`rgt`),
  KEY `craft_structureelements_level_idx` (`level`),
  KEY `craft_structureelements_elementId_fk` (`elementId`)
) ENGINE=InnoDB AUTO_INCREMENT=42 DEFAULT CHARSET=utf8 COLLATE=utf8_unicode_ci;

--
-- Data for table `craft_structureelements`
--

INSERT INTO `craft_structureelements` (`id`, `structureId`, `elementId`, `root`, `lft`, `rgt`, `level`, `dateCreated`, `dateUpdated`, `uid`) VALUES
 ('1', '1', NULL, '1', '1', '12', '0', '2017-12-10 22:30:52', '2017-12-10 22:30:52', '8fa1336b-5278-4a96-a90a-50ec1f853138'),
 ('2', '1', '6', '1', '6', '7', '1', '2017-12-10 22:30:52', '2017-12-10 22:30:52', '9945cca9-f229-4b5e-98df-4c654adf1675'),
 ('3', '1', '7', '1', '4', '5', '1', '2017-12-10 22:30:58', '2017-12-10 22:30:58', 'a54b790f-d232-4ef4-8547-089636591a4a'),
 ('4', '1', '8', '1', '10', '11', '1', '2017-12-10 22:31:04', '2017-12-10 22:31:04', '2452ef6b-f313-4f22-9405-8e5a6defd948'),
 ('5', '1', '9', '1', '8', '9', '1', '2017-12-10 22:31:20', '2017-12-10 22:31:20', 'acfc533c-7655-496b-b67f-600b200761e3'),
 ('6', '1', '10', '1', '2', '3', '1', '2017-12-10 22:31:29', '2017-12-10 22:31:29', '5603e8dd-e8ad-4970-8bf6-990434e1e5de'),
 ('11', '3', NULL, '11', '1', '62', '0', '2017-12-13 16:35:15', '2017-12-13 16:35:15', 'fe67f3d3-2794-48a0-bf42-97f0f718d1ad'),
 ('12', '3', '16', '11', '28', '29', '1', '2017-12-13 16:35:15', '2017-12-13 16:35:15', 'd5fe83fb-9837-4a72-b203-52b30818776f'),
 ('13', '3', '17', '11', '2', '3', '1', '2017-12-13 16:35:15', '2017-12-13 16:35:15', '6897e4cb-e6b4-486b-bb13-fbca74b0faca'),
 ('14', '3', '19', '11', '30', '31', '1', '2017-12-13 16:35:15', '2017-12-13 16:35:15', 'fe854c28-8556-4c75-823f-d56145d80efc'),
 ('15', '3', '20', '11', '26', '27', '1', '2017-12-13 16:35:15', '2017-12-13 16:35:15', '36f2645c-554d-4a67-9ce1-fe8bef890300'),
 ('16', '3', '21', '11', '32', '33', '1', '2017-12-13 16:35:15', '2017-12-13 16:35:15', 'b665cff8-ed51-4cfb-89bb-0a596faf403c'),
 ('17', '3', '22', '11', '34', '35', '1', '2017-12-13 16:35:15', '2017-12-13 16:35:15', '814aaaea-a2d1-4207-a489-cb6d41f5313e'),
 ('18', '3', '23', '11', '36', '37', '1', '2017-12-13 16:35:15', '2017-12-13 16:35:15', 'd420364b-210d-4fa6-bc22-30c9eebc9baf'),
 ('19', '3', '59', '11', '4', '5', '1', '2017-12-13 17:27:55', '2017-12-13 17:27:55', 'bf391a6c-3f86-4b0b-aabe-06e93802c172'),
 ('20', '3', '60', '11', '6', '7', '1', '2017-12-13 17:28:57', '2017-12-13 17:28:57', 'b8372fa8-6072-4c0b-b805-220fbc2d5c7c'),
 ('21', '3', '61', '11', '8', '9', '1', '2017-12-13 17:29:39', '2017-12-13 17:29:39', '768d3080-6a96-40ff-9b32-f10a43178259'),
 ('22', '3', '62', '11', '10', '11', '1', '2017-12-13 17:30:44', '2017-12-13 17:30:44', 'ca586a9c-0036-4a03-a783-fa3ec80f485e'),
 ('23', '3', '63', '11', '12', '13', '1', '2017-12-13 17:52:37', '2017-12-13 17:52:37', '40c22b51-91e2-40c6-bd56-4bd4ef71a6c6'),
 ('24', '3', '64', '11', '14', '15', '1', '2017-12-13 17:56:39', '2017-12-13 17:56:39', '7ae07b6b-5b14-4bec-b228-b4f5e728176b'),
 ('25', '3', '65', '11', '16', '17', '1', '2017-12-13 17:57:21', '2017-12-13 17:57:21', '6262a703-5bbe-4cb8-866a-88a8ee22fe2e'),
 ('26', '3', '66', '11', '18', '19', '1', '2017-12-13 17:59:19', '2017-12-13 17:59:19', '2b6b84e7-fd25-494a-b59b-f97c991627a9'),
 ('27', '3', '67', '11', '20', '21', '1', '2017-12-13 18:00:14', '2017-12-13 18:00:14', 'd7233f1c-4394-4086-b1aa-5d48d7d19c26'),
 ('28', '3', '68', '11', '22', '23', '1', '2017-12-13 18:01:20', '2017-12-13 18:01:20', '963e4cdd-cf78-4923-845c-dc7010945c03'),
 ('29', '3', '69', '11', '24', '25', '1', '2017-12-13 18:05:58', '2017-12-13 18:05:58', '460da7ae-535e-4394-912b-9211e9255bef'),
 ('30', '3', '70', '11', '38', '39', '1', '2017-12-13 18:17:03', '2017-12-13 18:17:03', '86dfbaee-5542-453d-ae24-ba8b06d51692'),
 ('31', '3', '71', '11', '40', '41', '1', '2017-12-13 18:17:36', '2017-12-13 18:17:36', '3fb44d1d-b4ed-4ac5-9630-f04ef9b32f1a'),
 ('32', '3', '72', '11', '42', '43', '1', '2017-12-13 18:18:18', '2017-12-13 18:18:18', '24d05001-fdfc-4ac9-8813-8a6286db6291'),
 ('33', '3', '73', '11', '44', '45', '1', '2017-12-13 18:21:18', '2017-12-13 18:21:18', '8b1a008d-491d-4b1e-ae61-45ae2ba8a1b4'),
 ('34', '3', '74', '11', '46', '47', '1', '2017-12-13 18:23:10', '2017-12-13 18:23:10', '7847138c-7b10-4d06-8af4-8cab29445e11'),
 ('35', '3', '75', '11', '48', '49', '1', '2017-12-13 18:24:28', '2017-12-13 18:24:28', '3d6a25fa-061f-4b03-a7f5-f6145d3555a9'),
 ('36', '3', '76', '11', '50', '51', '1', '2017-12-13 18:26:28', '2017-12-13 18:26:28', '9c51c5c6-fdd8-4afd-a4e1-73837d02312e'),
 ('37', '3', '77', '11', '52', '53', '1', '2017-12-13 18:27:42', '2017-12-13 18:27:42', '11534342-2d06-4590-b786-8e052b7ca960'),
 ('38', '3', '78', '11', '54', '55', '1', '2017-12-13 18:28:11', '2017-12-13 18:28:11', '2c04c1bb-737e-4b35-94d2-a1e508160d43'),
 ('39', '3', '79', '11', '56', '57', '1', '2017-12-13 18:28:48', '2017-12-13 18:28:48', '1c4387a5-300b-439b-84f9-3371adf988c3'),
 ('40', '3', '80', '11', '58', '59', '1', '2017-12-13 18:29:43', '2017-12-13 18:29:43', '16f10e97-f3c2-4180-b47e-7b5546da4d74'),
 ('41', '3', '81', '11', '60', '61', '1', '2017-12-13 18:30:18', '2017-12-13 18:30:18', '21d64042-6dcf-4c27-b5ea-eed69b709466');



DROP TABLE IF EXISTS `craft_structures`;


--
-- Schema for table `craft_structures`
--
CREATE TABLE `craft_structures` (
  `id` int(11) NOT NULL AUTO_INCREMENT,
  `maxLevels` smallint(6) unsigned DEFAULT NULL,
  `dateCreated` datetime NOT NULL,
  `dateUpdated` datetime NOT NULL,
  `uid` char(36) COLLATE utf8_unicode_ci NOT NULL DEFAULT '0',
  PRIMARY KEY (`id`)
) ENGINE=InnoDB AUTO_INCREMENT=4 DEFAULT CHARSET=utf8 COLLATE=utf8_unicode_ci;

--
-- Data for table `craft_structures`
--

INSERT INTO `craft_structures` (`id`, `maxLevels`, `dateCreated`, `dateUpdated`, `uid`) VALUES
 ('1', NULL, '2017-12-10 22:30:42', '2017-12-12 17:38:30', '7bf5388d-cf0b-42ce-a273-3230ae6a71cb'),
 ('3', NULL, '2017-12-13 16:35:15', '2017-12-13 16:35:15', 'c490e1ac-e211-4032-9c1d-2bf8da70694a');



DROP TABLE IF EXISTS `craft_systemsettings`;


--
-- Schema for table `craft_systemsettings`
--
CREATE TABLE `craft_systemsettings` (
  `id` int(11) NOT NULL AUTO_INCREMENT,
  `category` varchar(15) COLLATE utf8_unicode_ci NOT NULL,
  `settings` text COLLATE utf8_unicode_ci,
  `dateCreated` datetime NOT NULL,
  `dateUpdated` datetime NOT NULL,
  `uid` char(36) COLLATE utf8_unicode_ci NOT NULL DEFAULT '0',
  PRIMARY KEY (`id`),
  UNIQUE KEY `craft_systemsettings_category_unq_idx` (`category`)
) ENGINE=InnoDB AUTO_INCREMENT=2 DEFAULT CHARSET=utf8 COLLATE=utf8_unicode_ci;

--
-- Data for table `craft_systemsettings`
--

INSERT INTO `craft_systemsettings` (`id`, `category`, `settings`, `dateCreated`, `dateUpdated`, `uid`) VALUES
 ('1', 'email', '{\"protocol\":\"php\",\"emailAddress\":\"info@garethjohnsdesign.com\",\"senderName\":\"Class of 2018\"}', '2017-12-10 22:25:19', '2017-12-10 22:25:19', '326a1e45-3113-4721-baef-dfdc0afbecfe');



DROP TABLE IF EXISTS `craft_taggroups`;


--
-- Schema for table `craft_taggroups`
--
CREATE TABLE `craft_taggroups` (
  `id` int(11) NOT NULL AUTO_INCREMENT,
  `name` varchar(255) COLLATE utf8_unicode_ci NOT NULL,
  `handle` varchar(255) COLLATE utf8_unicode_ci NOT NULL,
  `fieldLayoutId` int(10) DEFAULT NULL,
  `dateCreated` datetime NOT NULL,
  `dateUpdated` datetime NOT NULL,
  `uid` char(36) COLLATE utf8_unicode_ci NOT NULL DEFAULT '0',
  PRIMARY KEY (`id`),
  UNIQUE KEY `craft_taggroups_name_unq_idx` (`name`),
  UNIQUE KEY `craft_taggroups_handle_unq_idx` (`handle`),
  KEY `craft_taggroups_fieldLayoutId_fk` (`fieldLayoutId`)
) ENGINE=InnoDB AUTO_INCREMENT=2 DEFAULT CHARSET=utf8 COLLATE=utf8_unicode_ci;

--
-- Data for table `craft_taggroups`
--

INSERT INTO `craft_taggroups` (`id`, `name`, `handle`, `fieldLayoutId`, `dateCreated`, `dateUpdated`, `uid`) VALUES
 ('1', 'Default', 'default', '1', '2017-12-10 22:25:19', '2017-12-10 22:25:19', 'd2fb38ac-96bd-4c34-9b4b-4516d3848fdb');



DROP TABLE IF EXISTS `craft_tags`;


--
-- Schema for table `craft_tags`
--
CREATE TABLE `craft_tags` (
  `id` int(11) NOT NULL,
  `groupId` int(11) NOT NULL,
  `dateCreated` datetime NOT NULL,
  `dateUpdated` datetime NOT NULL,
  `uid` char(36) COLLATE utf8_unicode_ci NOT NULL DEFAULT '0',
  PRIMARY KEY (`id`),
  KEY `craft_tags_groupId_fk` (`groupId`)
) ENGINE=InnoDB DEFAULT CHARSET=utf8 COLLATE=utf8_unicode_ci;

DROP TABLE IF EXISTS `craft_tasks`;


--
-- Schema for table `craft_tasks`
--
CREATE TABLE `craft_tasks` (
  `id` int(11) NOT NULL AUTO_INCREMENT,
  `root` int(11) unsigned DEFAULT NULL,
  `lft` int(11) unsigned NOT NULL,
  `rgt` int(11) unsigned NOT NULL,
  `level` smallint(6) unsigned NOT NULL,
  `currentStep` int(11) unsigned DEFAULT NULL,
  `totalSteps` int(11) unsigned DEFAULT NULL,
  `status` enum('pending','error','running') COLLATE utf8_unicode_ci DEFAULT NULL,
  `type` varchar(150) COLLATE utf8_unicode_ci NOT NULL,
  `description` varchar(255) COLLATE utf8_unicode_ci DEFAULT NULL,
  `settings` mediumtext COLLATE utf8_unicode_ci,
  `dateCreated` datetime NOT NULL,
  `dateUpdated` datetime NOT NULL,
  `uid` char(36) COLLATE utf8_unicode_ci NOT NULL DEFAULT '0',
  PRIMARY KEY (`id`),
  KEY `craft_tasks_root_idx` (`root`),
  KEY `craft_tasks_lft_idx` (`lft`),
  KEY `craft_tasks_rgt_idx` (`rgt`),
  KEY `craft_tasks_level_idx` (`level`)
) ENGINE=InnoDB AUTO_INCREMENT=318 DEFAULT CHARSET=utf8 COLLATE=utf8_unicode_ci;

DROP TABLE IF EXISTS `craft_templatecachecriteria`;


--
-- Schema for table `craft_templatecachecriteria`
--
CREATE TABLE `craft_templatecachecriteria` (
  `id` int(11) NOT NULL AUTO_INCREMENT,
  `cacheId` int(11) NOT NULL,
  `type` varchar(150) COLLATE utf8_unicode_ci NOT NULL,
  `criteria` text COLLATE utf8_unicode_ci NOT NULL,
  PRIMARY KEY (`id`),
  KEY `craft_templatecachecriteria_cacheId_fk` (`cacheId`),
  KEY `craft_templatecachecriteria_type_idx` (`type`)
) ENGINE=InnoDB DEFAULT CHARSET=utf8 COLLATE=utf8_unicode_ci;

DROP TABLE IF EXISTS `craft_templatecacheelements`;


--
-- Schema for table `craft_templatecacheelements`
--
CREATE TABLE `craft_templatecacheelements` (
  `cacheId` int(11) NOT NULL,
  `elementId` int(11) NOT NULL,
  KEY `craft_templatecacheelements_cacheId_fk` (`cacheId`),
  KEY `craft_templatecacheelements_elementId_fk` (`elementId`)
) ENGINE=InnoDB DEFAULT CHARSET=utf8 COLLATE=utf8_unicode_ci;

DROP TABLE IF EXISTS `craft_templatecaches`;


--
-- Schema for table `craft_templatecaches`
--
CREATE TABLE `craft_templatecaches` (
  `id` int(11) NOT NULL AUTO_INCREMENT,
  `cacheKey` varchar(255) COLLATE utf8_unicode_ci NOT NULL,
  `locale` char(12) COLLATE utf8_unicode_ci NOT NULL,
  `path` varchar(255) COLLATE utf8_unicode_ci DEFAULT NULL,
  `expiryDate` datetime NOT NULL,
  `body` mediumtext COLLATE utf8_unicode_ci NOT NULL,
  PRIMARY KEY (`id`),
  KEY `craft_templatecaches_cacheKey_locale_expiryDate_path_idx` (`cacheKey`,`locale`,`expiryDate`,`path`),
  KEY `craft_templatecaches_cacheKey_locale_expiryDate_idx` (`cacheKey`,`locale`,`expiryDate`),
  KEY `craft_templatecaches_locale_fk` (`locale`)
) ENGINE=InnoDB DEFAULT CHARSET=utf8 COLLATE=utf8_unicode_ci;

DROP TABLE IF EXISTS `craft_tokens`;


--
-- Schema for table `craft_tokens`
--
CREATE TABLE `craft_tokens` (
  `id` int(11) NOT NULL AUTO_INCREMENT,
  `token` char(32) COLLATE utf8_unicode_ci NOT NULL,
  `route` text COLLATE utf8_unicode_ci,
  `usageLimit` tinyint(3) unsigned DEFAULT NULL,
  `usageCount` tinyint(3) unsigned DEFAULT NULL,
  `expiryDate` datetime NOT NULL,
  `dateCreated` datetime NOT NULL,
  `dateUpdated` datetime NOT NULL,
  `uid` char(36) COLLATE utf8_unicode_ci NOT NULL DEFAULT '0',
  PRIMARY KEY (`id`),
  UNIQUE KEY `craft_tokens_token_unq_idx` (`token`),
  KEY `craft_tokens_expiryDate_idx` (`expiryDate`)
) ENGINE=InnoDB DEFAULT CHARSET=utf8 COLLATE=utf8_unicode_ci;

DROP TABLE IF EXISTS `craft_usergroups`;


--
-- Schema for table `craft_usergroups`
--
CREATE TABLE `craft_usergroups` (
  `id` int(11) NOT NULL AUTO_INCREMENT,
  `name` varchar(255) COLLATE utf8_unicode_ci NOT NULL,
  `handle` varchar(255) COLLATE utf8_unicode_ci NOT NULL,
  `dateCreated` datetime NOT NULL,
  `dateUpdated` datetime NOT NULL,
  `uid` char(36) COLLATE utf8_unicode_ci NOT NULL DEFAULT '0',
  PRIMARY KEY (`id`),
  UNIQUE KEY `craft_usergroups_name_unq_idx` (`name`),
  UNIQUE KEY `craft_usergroups_handle_unq_idx` (`handle`)
) ENGINE=InnoDB DEFAULT CHARSET=utf8 COLLATE=utf8_unicode_ci;

DROP TABLE IF EXISTS `craft_usergroups_users`;


--
-- Schema for table `craft_usergroups_users`
--
CREATE TABLE `craft_usergroups_users` (
  `id` int(11) NOT NULL AUTO_INCREMENT,
  `groupId` int(11) NOT NULL,
  `userId` int(11) NOT NULL,
  `dateCreated` datetime NOT NULL,
  `dateUpdated` datetime NOT NULL,
  `uid` char(36) COLLATE utf8_unicode_ci NOT NULL DEFAULT '0',
  PRIMARY KEY (`id`),
  UNIQUE KEY `craft_usergroups_users_groupId_userId_unq_idx` (`groupId`,`userId`),
  KEY `craft_usergroups_users_userId_fk` (`userId`)
) ENGINE=InnoDB DEFAULT CHARSET=utf8 COLLATE=utf8_unicode_ci;

DROP TABLE IF EXISTS `craft_userpermissions`;


--
-- Schema for table `craft_userpermissions`
--
CREATE TABLE `craft_userpermissions` (
  `id` int(11) NOT NULL AUTO_INCREMENT,
  `name` varchar(255) COLLATE utf8_unicode_ci NOT NULL,
  `dateCreated` datetime NOT NULL,
  `dateUpdated` datetime NOT NULL,
  `uid` char(36) COLLATE utf8_unicode_ci NOT NULL DEFAULT '0',
  PRIMARY KEY (`id`),
  UNIQUE KEY `craft_userpermissions_name_unq_idx` (`name`)
) ENGINE=InnoDB DEFAULT CHARSET=utf8 COLLATE=utf8_unicode_ci;

DROP TABLE IF EXISTS `craft_userpermissions_usergroups`;


--
-- Schema for table `craft_userpermissions_usergroups`
--
CREATE TABLE `craft_userpermissions_usergroups` (
  `id` int(11) NOT NULL AUTO_INCREMENT,
  `permissionId` int(11) NOT NULL,
  `groupId` int(11) NOT NULL,
  `dateCreated` datetime NOT NULL,
  `dateUpdated` datetime NOT NULL,
  `uid` char(36) COLLATE utf8_unicode_ci NOT NULL DEFAULT '0',
  PRIMARY KEY (`id`),
  UNIQUE KEY `craft_userpermissions_usergroups_permissionId_groupId_unq_idx` (`permissionId`,`groupId`),
  KEY `craft_userpermissions_usergroups_groupId_fk` (`groupId`)
) ENGINE=InnoDB DEFAULT CHARSET=utf8 COLLATE=utf8_unicode_ci;

DROP TABLE IF EXISTS `craft_userpermissions_users`;


--
-- Schema for table `craft_userpermissions_users`
--
CREATE TABLE `craft_userpermissions_users` (
  `id` int(11) NOT NULL AUTO_INCREMENT,
  `permissionId` int(11) NOT NULL,
  `userId` int(11) NOT NULL,
  `dateCreated` datetime NOT NULL,
  `dateUpdated` datetime NOT NULL,
  `uid` char(36) COLLATE utf8_unicode_ci NOT NULL DEFAULT '0',
  PRIMARY KEY (`id`),
  UNIQUE KEY `craft_userpermissions_users_permissionId_userId_unq_idx` (`permissionId`,`userId`),
  KEY `craft_userpermissions_users_userId_fk` (`userId`)
) ENGINE=InnoDB DEFAULT CHARSET=utf8 COLLATE=utf8_unicode_ci;

DROP TABLE IF EXISTS `craft_users`;


--
-- Schema for table `craft_users`
--
CREATE TABLE `craft_users` (
  `id` int(11) NOT NULL,
  `username` varchar(100) COLLATE utf8_unicode_ci NOT NULL,
  `photo` varchar(100) COLLATE utf8_unicode_ci DEFAULT NULL,
  `firstName` varchar(100) COLLATE utf8_unicode_ci DEFAULT NULL,
  `lastName` varchar(100) COLLATE utf8_unicode_ci DEFAULT NULL,
  `email` varchar(255) COLLATE utf8_unicode_ci NOT NULL,
  `password` char(255) COLLATE utf8_unicode_ci DEFAULT NULL,
  `preferredLocale` char(12) COLLATE utf8_unicode_ci DEFAULT NULL,
  `weekStartDay` tinyint(1) unsigned NOT NULL DEFAULT '0',
  `admin` tinyint(1) unsigned NOT NULL DEFAULT '0',
  `client` tinyint(1) unsigned NOT NULL DEFAULT '0',
  `locked` tinyint(1) unsigned NOT NULL DEFAULT '0',
  `suspended` tinyint(1) unsigned NOT NULL DEFAULT '0',
  `pending` tinyint(1) unsigned NOT NULL DEFAULT '0',
  `archived` tinyint(1) unsigned NOT NULL DEFAULT '0',
  `lastLoginDate` datetime DEFAULT NULL,
  `lastLoginAttemptIPAddress` varchar(45) COLLATE utf8_unicode_ci DEFAULT NULL,
  `invalidLoginWindowStart` datetime DEFAULT NULL,
  `invalidLoginCount` tinyint(4) unsigned DEFAULT NULL,
  `lastInvalidLoginDate` datetime DEFAULT NULL,
  `lockoutDate` datetime DEFAULT NULL,
  `verificationCode` char(100) COLLATE utf8_unicode_ci DEFAULT NULL,
  `verificationCodeIssuedDate` datetime DEFAULT NULL,
  `unverifiedEmail` varchar(255) COLLATE utf8_unicode_ci DEFAULT NULL,
  `passwordResetRequired` tinyint(1) unsigned NOT NULL DEFAULT '0',
  `lastPasswordChangeDate` datetime DEFAULT NULL,
  `dateCreated` datetime NOT NULL,
  `dateUpdated` datetime NOT NULL,
  `uid` char(36) COLLATE utf8_unicode_ci NOT NULL DEFAULT '0',
  PRIMARY KEY (`id`),
  UNIQUE KEY `craft_users_username_unq_idx` (`username`),
  UNIQUE KEY `craft_users_email_unq_idx` (`email`),
  KEY `craft_users_verificationCode_idx` (`verificationCode`),
  KEY `craft_users_uid_idx` (`uid`),
  KEY `craft_users_preferredLocale_fk` (`preferredLocale`)
) ENGINE=InnoDB DEFAULT CHARSET=utf8 COLLATE=utf8_unicode_ci;

--
-- Data for table `craft_users`
--

INSERT INTO `craft_users` (`id`, `username`, `photo`, `firstName`, `lastName`, `email`, `password`, `preferredLocale`, `weekStartDay`, `admin`, `client`, `locked`, `suspended`, `pending`, `archived`, `lastLoginDate`, `lastLoginAttemptIPAddress`, `invalidLoginWindowStart`, `invalidLoginCount`, `lastInvalidLoginDate`, `lockoutDate`, `verificationCode`, `verificationCodeIssuedDate`, `unverifiedEmail`, `passwordResetRequired`, `lastPasswordChangeDate`, `dateCreated`, `dateUpdated`, `uid`) VALUES
 ('1', 'admin', NULL, NULL, NULL, 'info@garethjohnsdesign.com', '$2y$13$YI4D759sqs6gQwHRrcVwGeMgW.TixwlOy1WESmhS3Dh9a8jgY/442', NULL, '0', '1', '0', '0', '0', '0', '0', '2017-12-12 15:12:46', '::1', NULL, NULL, NULL, NULL, NULL, NULL, NULL, '0', '2017-12-10 22:25:16', '2017-12-10 22:25:16', '2017-12-12 15:12:46', '085db548-c0f8-4433-9a77-e102aae07297');



DROP TABLE IF EXISTS `craft_widgets`;


--
-- Schema for table `craft_widgets`
--
CREATE TABLE `craft_widgets` (
  `id` int(11) NOT NULL AUTO_INCREMENT,
  `userId` int(11) NOT NULL,
  `type` varchar(150) COLLATE utf8_unicode_ci NOT NULL,
  `sortOrder` smallint(6) unsigned DEFAULT NULL,
  `colspan` tinyint(4) unsigned DEFAULT NULL,
  `settings` text COLLATE utf8_unicode_ci,
  `enabled` tinyint(1) unsigned NOT NULL DEFAULT '1',
  `dateCreated` datetime NOT NULL,
  `dateUpdated` datetime NOT NULL,
  `uid` char(36) COLLATE utf8_unicode_ci NOT NULL DEFAULT '0',
  PRIMARY KEY (`id`),
  KEY `craft_widgets_userId_fk` (`userId`)
) ENGINE=InnoDB AUTO_INCREMENT=5 DEFAULT CHARSET=utf8 COLLATE=utf8_unicode_ci;

--
-- Data for table `craft_widgets`
--

INSERT INTO `craft_widgets` (`id`, `userId`, `type`, `sortOrder`, `colspan`, `settings`, `enabled`, `dateCreated`, `dateUpdated`, `uid`) VALUES
 ('1', '1', 'RecentEntries', '1', NULL, NULL, '1', '2017-12-10 22:25:31', '2017-12-10 22:25:31', '6fe2f385-408b-4f29-879a-0defbcad5de7'),
 ('2', '1', 'GetHelp', '2', NULL, NULL, '1', '2017-12-10 22:25:31', '2017-12-10 22:25:31', 'f6016f8f-1346-4090-b078-881787b7ccaf'),
 ('3', '1', 'Updates', '3', NULL, NULL, '1', '2017-12-10 22:25:31', '2017-12-10 22:25:31', '346b7f65-aca4-4ba2-88cf-2e8d56fcafff'),
 ('4', '1', 'Feed', '4', NULL, '{\"url\":\"https:\\/\\/craftcms.com\\/news.rss\",\"title\":\"Craft News\"}', '1', '2017-12-10 22:25:31', '2017-12-10 22:25:31', 'a90eb750-57ce-44e2-9cb0-79864c8ce093');


--
-- Constraints for tables
--


--
-- Constraints for table `craft_assetfiles`
--
ALTER TABLE `craft_assetfiles`
	ADD CONSTRAINT `craft_assetfiles_folderId_fk` FOREIGN KEY (`folderId`) REFERENCES `craft_assetfolders` (`id`) ON DELETE CASCADE,
	ADD CONSTRAINT `craft_assetfiles_id_fk` FOREIGN KEY (`id`) REFERENCES `craft_elements` (`id`) ON DELETE CASCADE,
	ADD CONSTRAINT `craft_assetfiles_sourceId_fk` FOREIGN KEY (`sourceId`) REFERENCES `craft_assetsources` (`id`) ON DELETE CASCADE;

--
-- Constraints for table `craft_assetfolders`
--
ALTER TABLE `craft_assetfolders`
	ADD CONSTRAINT `craft_assetfolders_parentId_fk` FOREIGN KEY (`parentId`) REFERENCES `craft_assetfolders` (`id`) ON DELETE CASCADE,
	ADD CONSTRAINT `craft_assetfolders_sourceId_fk` FOREIGN KEY (`sourceId`) REFERENCES `craft_assetsources` (`id`) ON DELETE CASCADE;

--
-- Constraints for table `craft_assetindexdata`
--
ALTER TABLE `craft_assetindexdata`
	ADD CONSTRAINT `craft_assetindexdata_sourceId_fk` FOREIGN KEY (`sourceId`) REFERENCES `craft_assetsources` (`id`) ON DELETE CASCADE;

--
-- Constraints for table `craft_assetsources`
--
ALTER TABLE `craft_assetsources`
	ADD CONSTRAINT `craft_assetsources_fieldLayoutId_fk` FOREIGN KEY (`fieldLayoutId`) REFERENCES `craft_fieldlayouts` (`id`) ON DELETE SET NULL;

--
-- Constraints for table `craft_categories`
--
ALTER TABLE `craft_categories`
	ADD CONSTRAINT `craft_categories_groupId_fk` FOREIGN KEY (`groupId`) REFERENCES `craft_categorygroups` (`id`) ON DELETE CASCADE,
	ADD CONSTRAINT `craft_categories_id_fk` FOREIGN KEY (`id`) REFERENCES `craft_elements` (`id`) ON DELETE CASCADE;

--
-- Constraints for table `craft_categorygroups`
--
ALTER TABLE `craft_categorygroups`
	ADD CONSTRAINT `craft_categorygroups_fieldLayoutId_fk` FOREIGN KEY (`fieldLayoutId`) REFERENCES `craft_fieldlayouts` (`id`) ON DELETE SET NULL,
	ADD CONSTRAINT `craft_categorygroups_structureId_fk` FOREIGN KEY (`structureId`) REFERENCES `craft_structures` (`id`) ON DELETE CASCADE;

--
-- Constraints for table `craft_categorygroups_i18n`
--
ALTER TABLE `craft_categorygroups_i18n`
	ADD CONSTRAINT `craft_categorygroups_i18n_groupId_fk` FOREIGN KEY (`groupId`) REFERENCES `craft_categorygroups` (`id`) ON DELETE CASCADE,
	ADD CONSTRAINT `craft_categorygroups_i18n_locale_fk` FOREIGN KEY (`locale`) REFERENCES `craft_locales` (`locale`) ON DELETE CASCADE ON UPDATE CASCADE;

--
-- Constraints for table `craft_content`
--
ALTER TABLE `craft_content`
	ADD CONSTRAINT `craft_content_elementId_fk` FOREIGN KEY (`elementId`) REFERENCES `craft_elements` (`id`) ON DELETE CASCADE,
	ADD CONSTRAINT `craft_content_locale_fk` FOREIGN KEY (`locale`) REFERENCES `craft_locales` (`locale`) ON DELETE CASCADE ON UPDATE CASCADE;

--
-- Constraints for table `craft_elements_i18n`
--
ALTER TABLE `craft_elements_i18n`
	ADD CONSTRAINT `craft_elements_i18n_elementId_fk` FOREIGN KEY (`elementId`) REFERENCES `craft_elements` (`id`) ON DELETE CASCADE,
	ADD CONSTRAINT `craft_elements_i18n_locale_fk` FOREIGN KEY (`locale`) REFERENCES `craft_locales` (`locale`) ON DELETE CASCADE ON UPDATE CASCADE;

--
-- Constraints for table `craft_emailmessages`
--
ALTER TABLE `craft_emailmessages`
	ADD CONSTRAINT `craft_emailmessages_locale_fk` FOREIGN KEY (`locale`) REFERENCES `craft_locales` (`locale`) ON DELETE CASCADE ON UPDATE CASCADE;

--
-- Constraints for table `craft_entries`
--
ALTER TABLE `craft_entries`
	ADD CONSTRAINT `craft_entries_authorId_fk` FOREIGN KEY (`authorId`) REFERENCES `craft_users` (`id`) ON DELETE CASCADE,
	ADD CONSTRAINT `craft_entries_id_fk` FOREIGN KEY (`id`) REFERENCES `craft_elements` (`id`) ON DELETE CASCADE,
	ADD CONSTRAINT `craft_entries_sectionId_fk` FOREIGN KEY (`sectionId`) REFERENCES `craft_sections` (`id`) ON DELETE CASCADE,
	ADD CONSTRAINT `craft_entries_typeId_fk` FOREIGN KEY (`typeId`) REFERENCES `craft_entrytypes` (`id`) ON DELETE CASCADE;

--
-- Constraints for table `craft_entrydrafts`
--
ALTER TABLE `craft_entrydrafts`
	ADD CONSTRAINT `craft_entrydrafts_creatorId_fk` FOREIGN KEY (`creatorId`) REFERENCES `craft_users` (`id`) ON DELETE CASCADE,
	ADD CONSTRAINT `craft_entrydrafts_entryId_fk` FOREIGN KEY (`entryId`) REFERENCES `craft_entries` (`id`) ON DELETE CASCADE,
	ADD CONSTRAINT `craft_entrydrafts_locale_fk` FOREIGN KEY (`locale`) REFERENCES `craft_locales` (`locale`) ON DELETE CASCADE ON UPDATE CASCADE,
	ADD CONSTRAINT `craft_entrydrafts_sectionId_fk` FOREIGN KEY (`sectionId`) REFERENCES `craft_sections` (`id`) ON DELETE CASCADE;

--
-- Constraints for table `craft_entrytypes`
--
ALTER TABLE `craft_entrytypes`
	ADD CONSTRAINT `craft_entrytypes_fieldLayoutId_fk` FOREIGN KEY (`fieldLayoutId`) REFERENCES `craft_fieldlayouts` (`id`) ON DELETE SET NULL,
	ADD CONSTRAINT `craft_entrytypes_sectionId_fk` FOREIGN KEY (`sectionId`) REFERENCES `craft_sections` (`id`) ON DELETE CASCADE;

--
-- Constraints for table `craft_entryversions`
--
ALTER TABLE `craft_entryversions`
	ADD CONSTRAINT `craft_entryversions_creatorId_fk` FOREIGN KEY (`creatorId`) REFERENCES `craft_users` (`id`) ON DELETE SET NULL,
	ADD CONSTRAINT `craft_entryversions_entryId_fk` FOREIGN KEY (`entryId`) REFERENCES `craft_entries` (`id`) ON DELETE CASCADE,
	ADD CONSTRAINT `craft_entryversions_locale_fk` FOREIGN KEY (`locale`) REFERENCES `craft_locales` (`locale`) ON DELETE CASCADE ON UPDATE CASCADE,
	ADD CONSTRAINT `craft_entryversions_sectionId_fk` FOREIGN KEY (`sectionId`) REFERENCES `craft_sections` (`id`) ON DELETE CASCADE;

--
-- Constraints for table `craft_fieldlayoutfields`
--
ALTER TABLE `craft_fieldlayoutfields`
	ADD CONSTRAINT `craft_fieldlayoutfields_fieldId_fk` FOREIGN KEY (`fieldId`) REFERENCES `craft_fields` (`id`) ON DELETE CASCADE,
	ADD CONSTRAINT `craft_fieldlayoutfields_layoutId_fk` FOREIGN KEY (`layoutId`) REFERENCES `craft_fieldlayouts` (`id`) ON DELETE CASCADE,
	ADD CONSTRAINT `craft_fieldlayoutfields_tabId_fk` FOREIGN KEY (`tabId`) REFERENCES `craft_fieldlayouttabs` (`id`) ON DELETE CASCADE;

--
-- Constraints for table `craft_fieldlayouttabs`
--
ALTER TABLE `craft_fieldlayouttabs`
	ADD CONSTRAINT `craft_fieldlayouttabs_layoutId_fk` FOREIGN KEY (`layoutId`) REFERENCES `craft_fieldlayouts` (`id`) ON DELETE CASCADE;

--
-- Constraints for table `craft_fields`
--
ALTER TABLE `craft_fields`
	ADD CONSTRAINT `craft_fields_groupId_fk` FOREIGN KEY (`groupId`) REFERENCES `craft_fieldgroups` (`id`) ON DELETE CASCADE;

--
-- Constraints for table `craft_globalsets`
--
ALTER TABLE `craft_globalsets`
	ADD CONSTRAINT `craft_globalsets_fieldLayoutId_fk` FOREIGN KEY (`fieldLayoutId`) REFERENCES `craft_fieldlayouts` (`id`) ON DELETE SET NULL,
	ADD CONSTRAINT `craft_globalsets_id_fk` FOREIGN KEY (`id`) REFERENCES `craft_elements` (`id`) ON DELETE CASCADE;

--
-- Constraints for table `craft_matrixblocks`
--
ALTER TABLE `craft_matrixblocks`
	ADD CONSTRAINT `craft_matrixblocks_fieldId_fk` FOREIGN KEY (`fieldId`) REFERENCES `craft_fields` (`id`) ON DELETE CASCADE,
	ADD CONSTRAINT `craft_matrixblocks_id_fk` FOREIGN KEY (`id`) REFERENCES `craft_elements` (`id`) ON DELETE CASCADE,
	ADD CONSTRAINT `craft_matrixblocks_ownerId_fk` FOREIGN KEY (`ownerId`) REFERENCES `craft_elements` (`id`) ON DELETE CASCADE,
	ADD CONSTRAINT `craft_matrixblocks_ownerLocale_fk` FOREIGN KEY (`ownerLocale`) REFERENCES `craft_locales` (`locale`) ON DELETE CASCADE ON UPDATE CASCADE,
	ADD CONSTRAINT `craft_matrixblocks_typeId_fk` FOREIGN KEY (`typeId`) REFERENCES `craft_matrixblocktypes` (`id`) ON DELETE CASCADE;

--
-- Constraints for table `craft_matrixblocktypes`
--
ALTER TABLE `craft_matrixblocktypes`
	ADD CONSTRAINT `craft_matrixblocktypes_fieldId_fk` FOREIGN KEY (`fieldId`) REFERENCES `craft_fields` (`id`) ON DELETE CASCADE,
	ADD CONSTRAINT `craft_matrixblocktypes_fieldLayoutId_fk` FOREIGN KEY (`fieldLayoutId`) REFERENCES `craft_fieldlayouts` (`id`) ON DELETE SET NULL;

--
-- Constraints for table `craft_matrixcontent_articlebody`
--
ALTER TABLE `craft_matrixcontent_articlebody`
	ADD CONSTRAINT `craft_matrixcontent_articlebody_elementId_fk` FOREIGN KEY (`elementId`) REFERENCES `craft_elements` (`id`) ON DELETE CASCADE,
	ADD CONSTRAINT `craft_matrixcontent_articlebody_locale_fk` FOREIGN KEY (`locale`) REFERENCES `craft_locales` (`locale`) ON DELETE CASCADE ON UPDATE CASCADE;

--
-- Constraints for table `craft_migrations`
--
ALTER TABLE `craft_migrations`
	ADD CONSTRAINT `craft_migrations_pluginId_fk` FOREIGN KEY (`pluginId`) REFERENCES `craft_plugins` (`id`) ON DELETE CASCADE;

--
-- Constraints for table `craft_relations`
--
ALTER TABLE `craft_relations`
	ADD CONSTRAINT `craft_relations_fieldId_fk` FOREIGN KEY (`fieldId`) REFERENCES `craft_fields` (`id`) ON DELETE CASCADE,
	ADD CONSTRAINT `craft_relations_sourceId_fk` FOREIGN KEY (`sourceId`) REFERENCES `craft_elements` (`id`) ON DELETE CASCADE,
	ADD CONSTRAINT `craft_relations_sourceLocale_fk` FOREIGN KEY (`sourceLocale`) REFERENCES `craft_locales` (`locale`) ON DELETE CASCADE ON UPDATE CASCADE,
	ADD CONSTRAINT `craft_relations_targetId_fk` FOREIGN KEY (`targetId`) REFERENCES `craft_elements` (`id`) ON DELETE CASCADE;

--
-- Constraints for table `craft_routes`
--
ALTER TABLE `craft_routes`
	ADD CONSTRAINT `craft_routes_locale_fk` FOREIGN KEY (`locale`) REFERENCES `craft_locales` (`locale`) ON DELETE CASCADE ON UPDATE CASCADE;

--
-- Constraints for table `craft_sections`
--
ALTER TABLE `craft_sections`
	ADD CONSTRAINT `craft_sections_structureId_fk` FOREIGN KEY (`structureId`) REFERENCES `craft_structures` (`id`) ON DELETE SET NULL;

--
-- Constraints for table `craft_sections_i18n`
--
ALTER TABLE `craft_sections_i18n`
	ADD CONSTRAINT `craft_sections_i18n_locale_fk` FOREIGN KEY (`locale`) REFERENCES `craft_locales` (`locale`) ON DELETE CASCADE ON UPDATE CASCADE,
	ADD CONSTRAINT `craft_sections_i18n_sectionId_fk` FOREIGN KEY (`sectionId`) REFERENCES `craft_sections` (`id`) ON DELETE CASCADE;

--
-- Constraints for table `craft_sessions`
--
ALTER TABLE `craft_sessions`
	ADD CONSTRAINT `craft_sessions_userId_fk` FOREIGN KEY (`userId`) REFERENCES `craft_users` (`id`) ON DELETE CASCADE;

--
-- Constraints for table `craft_shunnedmessages`
--
ALTER TABLE `craft_shunnedmessages`
	ADD CONSTRAINT `craft_shunnedmessages_userId_fk` FOREIGN KEY (`userId`) REFERENCES `craft_users` (`id`) ON DELETE CASCADE;

--
-- Constraints for table `craft_structureelements`
--
ALTER TABLE `craft_structureelements`
	ADD CONSTRAINT `craft_structureelements_elementId_fk` FOREIGN KEY (`elementId`) REFERENCES `craft_elements` (`id`) ON DELETE CASCADE,
	ADD CONSTRAINT `craft_structureelements_structureId_fk` FOREIGN KEY (`structureId`) REFERENCES `craft_structures` (`id`) ON DELETE CASCADE;

--
-- Constraints for table `craft_taggroups`
--
ALTER TABLE `craft_taggroups`
	ADD CONSTRAINT `craft_taggroups_fieldLayoutId_fk` FOREIGN KEY (`fieldLayoutId`) REFERENCES `craft_fieldlayouts` (`id`) ON DELETE SET NULL;

--
-- Constraints for table `craft_tags`
--
ALTER TABLE `craft_tags`
	ADD CONSTRAINT `craft_tags_groupId_fk` FOREIGN KEY (`groupId`) REFERENCES `craft_taggroups` (`id`) ON DELETE CASCADE,
	ADD CONSTRAINT `craft_tags_id_fk` FOREIGN KEY (`id`) REFERENCES `craft_elements` (`id`) ON DELETE CASCADE;

--
-- Constraints for table `craft_templatecachecriteria`
--
ALTER TABLE `craft_templatecachecriteria`
	ADD CONSTRAINT `craft_templatecachecriteria_cacheId_fk` FOREIGN KEY (`cacheId`) REFERENCES `craft_templatecaches` (`id`) ON DELETE CASCADE;

--
-- Constraints for table `craft_templatecacheelements`
--
ALTER TABLE `craft_templatecacheelements`
	ADD CONSTRAINT `craft_templatecacheelements_cacheId_fk` FOREIGN KEY (`cacheId`) REFERENCES `craft_templatecaches` (`id`) ON DELETE CASCADE,
	ADD CONSTRAINT `craft_templatecacheelements_elementId_fk` FOREIGN KEY (`elementId`) REFERENCES `craft_elements` (`id`) ON DELETE CASCADE;

--
-- Constraints for table `craft_templatecaches`
--
ALTER TABLE `craft_templatecaches`
	ADD CONSTRAINT `craft_templatecaches_locale_fk` FOREIGN KEY (`locale`) REFERENCES `craft_locales` (`locale`) ON DELETE CASCADE ON UPDATE CASCADE;

--
-- Constraints for table `craft_usergroups_users`
--
ALTER TABLE `craft_usergroups_users`
	ADD CONSTRAINT `craft_usergroups_users_groupId_fk` FOREIGN KEY (`groupId`) REFERENCES `craft_usergroups` (`id`) ON DELETE CASCADE,
	ADD CONSTRAINT `craft_usergroups_users_userId_fk` FOREIGN KEY (`userId`) REFERENCES `craft_users` (`id`) ON DELETE CASCADE;

--
-- Constraints for table `craft_userpermissions_usergroups`
--
ALTER TABLE `craft_userpermissions_usergroups`
	ADD CONSTRAINT `craft_userpermissions_usergroups_groupId_fk` FOREIGN KEY (`groupId`) REFERENCES `craft_usergroups` (`id`) ON DELETE CASCADE,
	ADD CONSTRAINT `craft_userpermissions_usergroups_permissionId_fk` FOREIGN KEY (`permissionId`) REFERENCES `craft_userpermissions` (`id`) ON DELETE CASCADE;

--
-- Constraints for table `craft_userpermissions_users`
--
ALTER TABLE `craft_userpermissions_users`
	ADD CONSTRAINT `craft_userpermissions_users_permissionId_fk` FOREIGN KEY (`permissionId`) REFERENCES `craft_userpermissions` (`id`) ON DELETE CASCADE,
	ADD CONSTRAINT `craft_userpermissions_users_userId_fk` FOREIGN KEY (`userId`) REFERENCES `craft_users` (`id`) ON DELETE CASCADE;

--
-- Constraints for table `craft_users`
--
ALTER TABLE `craft_users`
	ADD CONSTRAINT `craft_users_id_fk` FOREIGN KEY (`id`) REFERENCES `craft_elements` (`id`) ON DELETE CASCADE,
	ADD CONSTRAINT `craft_users_preferredLocale_fk` FOREIGN KEY (`preferredLocale`) REFERENCES `craft_locales` (`locale`) ON DELETE SET NULL ON UPDATE CASCADE;

--
-- Constraints for table `craft_widgets`
--
ALTER TABLE `craft_widgets`
	ADD CONSTRAINT `craft_widgets_userId_fk` FOREIGN KEY (`userId`) REFERENCES `craft_users` (`id`) ON DELETE CASCADE;

SET FOREIGN_KEY_CHECKS = 1;
