-- Generated by Craft v2.6.3000 on 13 Dec 2017 17:58:21.

--
-- Disable foreign key checks and autocommit.
--

SET FOREIGN_KEY_CHECKS = 0;
SET SQL_MODE = "NO_AUTO_VALUE_ON_ZERO";
SET AUTOCOMMIT = 0;
SET NAMES utf8;


DROP TABLE IF EXISTS `craft_assetfiles`;


--
-- Schema for table `craft_assetfiles`
--
CREATE TABLE `craft_assetfiles` (
  `id` int(11) NOT NULL,
  `sourceId` int(11) DEFAULT NULL,
  `folderId` int(11) NOT NULL,
  `filename` varchar(255) COLLATE utf8_unicode_ci NOT NULL,
  `kind` varchar(50) COLLATE utf8_unicode_ci NOT NULL DEFAULT 'unknown',
  `width` int(11) unsigned DEFAULT NULL,
  `height` int(11) unsigned DEFAULT NULL,
  `size` bigint(20) unsigned DEFAULT NULL,
  `dateModified` datetime DEFAULT NULL,
  `dateCreated` datetime NOT NULL,
  `dateUpdated` datetime NOT NULL,
  `uid` char(36) COLLATE utf8_unicode_ci NOT NULL DEFAULT '0',
  PRIMARY KEY (`id`),
  UNIQUE KEY `craft_assetfiles_filename_folderId_unq_idx` (`filename`,`folderId`),
  KEY `craft_assetfiles_sourceId_fk` (`sourceId`),
  KEY `craft_assetfiles_folderId_fk` (`folderId`)
) ENGINE=InnoDB DEFAULT CHARSET=utf8 COLLATE=utf8_unicode_ci;

--
-- Data for table `craft_assetfiles`
--

INSERT INTO `craft_assetfiles` (`id`, `sourceId`, `folderId`, `filename`, `kind`, `width`, `height`, `size`, `dateModified`, `dateCreated`, `dateUpdated`, `uid`) VALUES
 ('4', '1', '1', 'index-hero-test.jpg', 'image', '1440', '960', '107019', '2017-12-10 22:29:48', '2017-12-10 22:29:48', '2017-12-10 22:45:16', '0559ed66-a2db-4196-88c2-e21ed0c52a4c'),
 ('5', '1', '1', 'creators-hero.jpg', 'image', '1440', '1440', '149673', '2017-12-10 22:29:56', '2017-12-10 22:29:56', '2017-12-10 22:45:15', '38d401bd-23a2-4e03-8e32-9003f1d6354b'),
 ('12', '1', '1', 'i-d-hero.jpg', 'image', '1440', '1440', '218884', '2017-12-10 22:46:02', '2017-12-10 22:46:02', '2017-12-10 22:46:02', '02da276c-14a8-463f-96be-c07be0651b48'),
 ('13', '1', '1', 'munchies-hero.jpg', 'image', '1440', '1440', '89729', '2017-12-10 22:46:02', '2017-12-10 22:46:03', '2017-12-10 22:46:03', 'ce5f414f-8cc8-4086-98f9-6751a33f2244'),
 ('14', '1', '1', 'noisey-hero.jpg', 'image', '1440', '1440', '124166', '2017-12-10 22:46:03', '2017-12-10 22:46:03', '2017-12-10 22:46:03', '1ab2ce58-f872-461d-a26b-f19c330aea8e'),
 ('15', '1', '1', 'thump-hero.jpg', 'image', '1440', '1440', '290682', '2017-12-10 22:46:03', '2017-12-10 22:46:03', '2017-12-10 22:46:03', '001052d9-4d74-4bea-8f5e-9fc1f3690044'),
 ('18', '1', '1', 'placeholder.jpg', 'image', '1440', '1440', '131918', '2017-12-10 23:20:19', '2017-12-10 23:20:20', '2017-12-10 23:20:20', '2b605073-37b3-46c0-9923-10af25531782'),
 ('24', '1', '1', 'noisey-hero-landscape.jpg', 'image', '1440', '960', '102423', '2017-12-12 17:40:21', '2017-12-12 17:40:22', '2017-12-12 17:40:22', 'bd7899f5-0d04-4087-8029-3ad342300032'),
 ('28', '1', '1', 'test-member-001.jpg', 'image', '1200', '1200', '463253', '2017-12-13 17:24:08', '2017-12-13 17:24:09', '2017-12-13 17:24:09', '1cb4b66f-019c-475b-84d2-ea19ac440cdd'),
 ('29', '1', '1', 'test-member-002.jpg', 'image', '1200', '1200', '351346', '2017-12-13 17:24:09', '2017-12-13 17:24:09', '2017-12-13 17:24:09', 'f3eb4a1f-cfae-442e-ae2a-e3c6ecaedf7c'),
 ('30', '1', '1', 'test-member-003.jpg', 'image', '1200', '1200', '434833', '2017-12-13 17:24:09', '2017-12-13 17:24:09', '2017-12-13 17:24:09', '99fc9d35-6c06-40fd-a8ee-ae930286fe17'),
 ('31', '1', '1', 'test-member-004.jpg', 'image', '1200', '1200', '352687', '2017-12-13 17:24:09', '2017-12-13 17:24:09', '2017-12-13 17:24:09', 'e81f3ef2-73e2-441f-bb52-010f1365b054'),
 ('32', '1', '1', 'test-member-005.jpg', 'image', '1200', '1200', '270836', '2017-12-13 17:24:10', '2017-12-13 17:24:10', '2017-12-13 17:24:10', '7f40fef1-f030-4d03-a69b-db0545d6d69c'),
 ('33', '1', '1', 'test-member-006.jpg', 'image', '1200', '1200', '313447', '2017-12-13 17:24:10', '2017-12-13 17:24:10', '2017-12-13 17:24:10', '3f827b8a-fa61-40fd-893a-7682c122da12'),
 ('34', '1', '1', 'test-member-007.jpg', 'image', '1200', '1200', '402675', '2017-12-13 17:24:10', '2017-12-13 17:24:10', '2017-12-13 17:24:10', '2b085325-15b6-4a78-b986-2533ba4d4d1d'),
 ('35', '1', '1', 'test-member-008.jpg', 'image', '1200', '1200', '213145', '2017-12-13 17:24:11', '2017-12-13 17:24:11', '2017-12-13 17:24:11', '07f7b5a7-6f2d-4f81-91a2-c1632c3f4246'),
 ('36', '1', '1', 'test-member-009.jpg', 'image', '1200', '1200', '256295', '2017-12-13 17:24:11', '2017-12-13 17:24:11', '2017-12-13 17:24:11', '7972762c-9d4a-441b-9830-c814e1d167b4'),
 ('37', '1', '1', 'test-member-010.jpg', 'image', '1200', '1200', '329510', '2017-12-13 17:24:11', '2017-12-13 17:24:11', '2017-12-13 17:24:11', 'ac9b1c6c-e6ff-43c0-a3ee-6a0a6af4b243'),
 ('38', '1', '1', 'test-member-011.jpg', 'image', '1200', '1200', '277063', '2017-12-13 17:24:11', '2017-12-13 17:24:12', '2017-12-13 17:24:12', '77903f38-7106-42ee-a627-8e87965f06a8'),
 ('39', '1', '1', 'test-member-012.jpg', 'image', '1200', '1200', '247517', '2017-12-13 17:24:12', '2017-12-13 17:24:12', '2017-12-13 17:24:12', 'e0d60aec-d912-47b4-bf01-568070ae443b'),
 ('40', '1', '1', 'test-member-013.jpg', 'image', '1200', '1200', '319003', '2017-12-13 17:24:12', '2017-12-13 17:24:12', '2017-12-13 17:24:12', '4221cb3f-c6a5-4c78-bf34-e12f4b901b79'),
 ('41', '1', '1', 'test-member-014.jpg', 'image', '1200', '1200', '326965', '2017-12-13 17:24:12', '2017-12-13 17:24:12', '2017-12-13 17:24:12', 'e6fd7df6-0dae-45a7-88cc-97648762f241'),
 ('42', '1', '1', 'test-member-015.jpg', 'image', '1200', '1200', '282369', '2017-12-13 17:24:12', '2017-12-13 17:24:13', '2017-12-13 17:24:13', '88cec31e-91d5-4f27-832e-79de227d254a'),
 ('43', '1', '1', 'test-member-016.jpg', 'image', '1200', '1200', '284317', '2017-12-13 17:24:13', '2017-12-13 17:24:13', '2017-12-13 17:24:13', 'c671ae23-058f-45b4-86c4-74df5e9fe08b'),
 ('44', '1', '1', 'test-member-017.jpg', 'image', '1200', '1200', '320480', '2017-12-13 17:24:13', '2017-12-13 17:24:13', '2017-12-13 17:24:13', '39c50053-0a06-4828-9dce-18944bcccc5e'),
 ('45', '1', '1', 'test-member-018.jpg', 'image', '1200', '1200', '276166', '2017-12-13 17:24:13', '2017-12-13 17:24:13', '2017-12-13 17:24:13', '3278c8eb-8ecd-4a41-abd0-5be72d0c6f15'),
 ('46', '1', '1', 'test-member-019.jpg', 'image', '1200', '1200', '297307', '2017-12-13 17:24:14', '2017-12-13 17:24:14', '2017-12-13 17:24:14', 'fc623dcc-58b5-40ee-a0c9-a6bcaedf9b31'),
 ('47', '1', '1', 'test-member-020.jpg', 'image', '1200', '1200', '413599', '2017-12-13 17:24:14', '2017-12-13 17:24:14', '2017-12-13 17:24:14', '98fe789f-f23f-4551-9531-b023f723c8cd'),
 ('48', '1', '1', 'test-member-021.jpg', 'image', '1200', '1200', '276655', '2017-12-13 17:24:14', '2017-12-13 17:24:14', '2017-12-13 17:24:14', '37d70d2e-b695-4118-9b9c-da0aac1b80a8'),
 ('49', '1', '1', 'test-member-022.jpg', 'image', '1200', '1200', '306829', '2017-12-13 17:24:14', '2017-12-13 17:24:15', '2017-12-13 17:24:15', '16d51bff-5685-4084-8f46-d28c640b44fd'),
 ('50', '1', '1', 'test-member-023.jpg', 'image', '1200', '1200', '192325', '2017-12-13 17:24:15', '2017-12-13 17:24:15', '2017-12-13 17:24:15', 'af63cd30-ae76-4a89-ae43-2a4ac4f9a992'),
 ('51', '1', '1', 'test-member-024.jpg', 'image', '1200', '1200', '165324', '2017-12-13 17:24:15', '2017-12-13 17:24:15', '2017-12-13 17:24:15', '55d0a535-fe57-4350-90a6-17e0ac2474df'),
 ('52', '1', '1', 'test-member-025.jpg', 'image', '1200', '1200', '279923', '2017-12-13 17:24:15', '2017-12-13 17:24:15', '2017-12-13 17:24:15', 'bda8649f-8ce2-486e-8d26-202db874fda3'),
 ('53', '1', '1', 'test-member-026.jpg', 'image', '1200', '1200', '230779', '2017-12-13 17:24:15', '2017-12-13 17:24:16', '2017-12-13 17:24:16', '4229b047-be23-496f-bbe0-156e42ba87dd'),
 ('54', '1', '1', 'test-member-027.jpg', 'image', '1200', '1200', '282837', '2017-12-13 17:24:16', '2017-12-13 17:24:16', '2017-12-13 17:24:16', '1c72c668-abb2-4f82-a14b-4873570c05b5'),
 ('55', '1', '1', 'test-member-028.jpg', 'image', '1200', '1200', '256222', '2017-12-13 17:24:16', '2017-12-13 17:24:16', '2017-12-13 17:24:16', '3ece5fc9-ee9d-445a-afa1-4d827ce0a60d'),
 ('56', '1', '1', 'test-member-029.jpg', 'image', '1200', '1200', '266704', '2017-12-13 17:24:16', '2017-12-13 17:24:16', '2017-12-13 17:24:16', 'a7364cc2-3072-4f30-836c-6e5566de4e7c'),
 ('57', '1', '1', 'test-member-030.jpg', 'image', '1200', '1200', '236903', '2017-12-13 17:24:17', '2017-12-13 17:24:17', '2017-12-13 17:24:17', '9a3714be-ffe0-4a5e-bef9-865802576e97'),
 ('58', '1', '1', 'test-member-031.jpg', 'image', '1200', '1200', '299744', '2017-12-13 17:24:17', '2017-12-13 17:24:17', '2017-12-13 17:24:17', '32bf36f7-9920-47f5-be45-f02d380e8a1c');



DROP TABLE IF EXISTS `craft_assetfolders`;


--
-- Schema for table `craft_assetfolders`
--
CREATE TABLE `craft_assetfolders` (
  `id` int(11) NOT NULL AUTO_INCREMENT,
  `parentId` int(11) DEFAULT NULL,
  `sourceId` int(11) DEFAULT NULL,
  `name` varchar(255) COLLATE utf8_unicode_ci NOT NULL,
  `path` varchar(255) COLLATE utf8_unicode_ci DEFAULT NULL,
  `dateCreated` datetime NOT NULL,
  `dateUpdated` datetime NOT NULL,
  `uid` char(36) COLLATE utf8_unicode_ci NOT NULL DEFAULT '0',
  PRIMARY KEY (`id`),
  UNIQUE KEY `craft_assetfolders_name_parentId_sourceId_unq_idx` (`name`,`parentId`,`sourceId`),
  KEY `craft_assetfolders_parentId_fk` (`parentId`),
  KEY `craft_assetfolders_sourceId_fk` (`sourceId`)
) ENGINE=InnoDB AUTO_INCREMENT=2 DEFAULT CHARSET=utf8 COLLATE=utf8_unicode_ci;

--
-- Data for table `craft_assetfolders`
--

INSERT INTO `craft_assetfolders` (`id`, `parentId`, `sourceId`, `name`, `path`, `dateCreated`, `dateUpdated`, `uid`) VALUES
 ('1', NULL, '1', 'Uploads', '', '2017-12-10 22:29:23', '2017-12-10 22:29:23', 'a28c1ffe-46f4-40af-9eed-f5b839b2e4da');



DROP TABLE IF EXISTS `craft_assetindexdata`;


--
-- Schema for table `craft_assetindexdata`
--
CREATE TABLE `craft_assetindexdata` (
  `id` int(11) NOT NULL AUTO_INCREMENT,
  `sessionId` varchar(36) COLLATE utf8_unicode_ci NOT NULL DEFAULT '',
  `sourceId` int(10) NOT NULL,
  `offset` int(10) NOT NULL,
  `uri` varchar(255) COLLATE utf8_unicode_ci DEFAULT NULL,
  `size` varchar(255) COLLATE utf8_unicode_ci DEFAULT NULL,
  `recordId` int(10) DEFAULT NULL,
  `dateCreated` datetime NOT NULL,
  `dateUpdated` datetime NOT NULL,
  `uid` char(36) COLLATE utf8_unicode_ci NOT NULL DEFAULT '0',
  PRIMARY KEY (`id`),
  UNIQUE KEY `craft_assetindexdata_sessionId_sourceId_offset_unq_idx` (`sessionId`,`sourceId`,`offset`),
  KEY `craft_assetindexdata_sourceId_fk` (`sourceId`)
) ENGINE=InnoDB DEFAULT CHARSET=utf8 COLLATE=utf8_unicode_ci;

DROP TABLE IF EXISTS `craft_assetsources`;


--
-- Schema for table `craft_assetsources`
--
CREATE TABLE `craft_assetsources` (
  `id` int(11) NOT NULL AUTO_INCREMENT,
  `name` varchar(255) COLLATE utf8_unicode_ci NOT NULL,
  `handle` varchar(255) COLLATE utf8_unicode_ci NOT NULL,
  `type` varchar(150) COLLATE utf8_unicode_ci NOT NULL,
  `settings` text COLLATE utf8_unicode_ci,
  `sortOrder` smallint(6) unsigned DEFAULT NULL,
  `fieldLayoutId` int(10) DEFAULT NULL,
  `dateCreated` datetime NOT NULL,
  `dateUpdated` datetime NOT NULL,
  `uid` char(36) COLLATE utf8_unicode_ci NOT NULL DEFAULT '0',
  PRIMARY KEY (`id`),
  UNIQUE KEY `craft_assetsources_name_unq_idx` (`name`),
  UNIQUE KEY `craft_assetsources_handle_unq_idx` (`handle`),
  KEY `craft_assetsources_fieldLayoutId_fk` (`fieldLayoutId`)
) ENGINE=InnoDB AUTO_INCREMENT=2 DEFAULT CHARSET=utf8 COLLATE=utf8_unicode_ci;

--
-- Data for table `craft_assetsources`
--

INSERT INTO `craft_assetsources` (`id`, `name`, `handle`, `type`, `settings`, `sortOrder`, `fieldLayoutId`, `dateCreated`, `dateUpdated`, `uid`) VALUES
 ('1', 'Uploads', 'uploads', 'Local', '{\"path\":\"uploads\\/\",\"publicURLs\":\"1\",\"url\":\"{baseUrl}\\/uploads\\/\"}', '1', '6', '2017-12-10 22:29:23', '2017-12-10 22:29:23', '891d5c63-a69d-40ee-9d31-073be799c381');



DROP TABLE IF EXISTS `craft_assettransformindex`;


--
-- Schema for table `craft_assettransformindex`
--
CREATE TABLE `craft_assettransformindex` (
  `id` int(11) NOT NULL AUTO_INCREMENT,
  `fileId` int(11) NOT NULL,
  `filename` varchar(255) COLLATE utf8_unicode_ci DEFAULT NULL,
  `format` varchar(255) COLLATE utf8_unicode_ci DEFAULT NULL,
  `location` varchar(255) COLLATE utf8_unicode_ci NOT NULL,
  `sourceId` int(11) DEFAULT NULL,
  `fileExists` tinyint(1) DEFAULT NULL,
  `inProgress` tinyint(1) DEFAULT NULL,
  `dateIndexed` datetime DEFAULT NULL,
  `dateCreated` datetime NOT NULL,
  `dateUpdated` datetime NOT NULL,
  `uid` char(36) COLLATE utf8_unicode_ci NOT NULL DEFAULT '0',
  PRIMARY KEY (`id`),
  KEY `craft_assettransformindex_sourceId_fileId_location_idx` (`sourceId`,`fileId`,`location`)
) ENGINE=InnoDB DEFAULT CHARSET=utf8 COLLATE=utf8_unicode_ci;

DROP TABLE IF EXISTS `craft_assettransforms`;


--
-- Schema for table `craft_assettransforms`
--
CREATE TABLE `craft_assettransforms` (
  `id` int(11) NOT NULL AUTO_INCREMENT,
  `name` varchar(255) COLLATE utf8_unicode_ci NOT NULL,
  `handle` varchar(255) COLLATE utf8_unicode_ci NOT NULL,
  `mode` enum('stretch','fit','crop') COLLATE utf8_unicode_ci NOT NULL DEFAULT 'crop',
  `position` enum('top-left','top-center','top-right','center-left','center-center','center-right','bottom-left','bottom-center','bottom-right') COLLATE utf8_unicode_ci NOT NULL DEFAULT 'center-center',
  `height` int(10) DEFAULT NULL,
  `width` int(10) DEFAULT NULL,
  `format` varchar(255) COLLATE utf8_unicode_ci DEFAULT NULL,
  `quality` int(10) DEFAULT NULL,
  `dimensionChangeTime` datetime DEFAULT NULL,
  `dateCreated` datetime NOT NULL,
  `dateUpdated` datetime NOT NULL,
  `uid` char(36) COLLATE utf8_unicode_ci NOT NULL DEFAULT '0',
  PRIMARY KEY (`id`),
  UNIQUE KEY `craft_assettransforms_name_unq_idx` (`name`),
  UNIQUE KEY `craft_assettransforms_handle_unq_idx` (`handle`)
) ENGINE=InnoDB DEFAULT CHARSET=utf8 COLLATE=utf8_unicode_ci;

DROP TABLE IF EXISTS `craft_categories`;


--
-- Schema for table `craft_categories`
--
CREATE TABLE `craft_categories` (
  `id` int(11) NOT NULL,
  `groupId` int(11) NOT NULL,
  `dateCreated` datetime NOT NULL,
  `dateUpdated` datetime NOT NULL,
  `uid` char(36) COLLATE utf8_unicode_ci NOT NULL DEFAULT '0',
  PRIMARY KEY (`id`),
  KEY `craft_categories_groupId_fk` (`groupId`)
) ENGINE=InnoDB DEFAULT CHARSET=utf8 COLLATE=utf8_unicode_ci;

--
-- Data for table `craft_categories`
--

INSERT INTO `craft_categories` (`id`, `groupId`, `dateCreated`, `dateUpdated`, `uid`) VALUES
 ('6', '1', '2017-12-10 22:30:52', '2017-12-12 18:30:49', '663be8dd-3a00-4b1e-ae7f-2e26e44d8552'),
 ('7', '1', '2017-12-10 22:30:58', '2017-12-12 18:31:05', 'b99cdc5c-aa60-425e-8830-49899aee9c28'),
 ('8', '1', '2017-12-10 22:31:04', '2017-12-12 18:31:12', 'b8eecabd-16ca-47df-90c5-640589112333'),
 ('9', '1', '2017-12-10 22:31:20', '2017-12-12 18:31:26', '954253fc-633a-4c7a-916c-51048d7d7836'),
 ('10', '1', '2017-12-10 22:31:29', '2017-12-12 18:31:37', '606070c6-cb74-49df-8da2-4dd0856364c2');



DROP TABLE IF EXISTS `craft_categorygroups`;


--
-- Schema for table `craft_categorygroups`
--
CREATE TABLE `craft_categorygroups` (
  `id` int(11) NOT NULL AUTO_INCREMENT,
  `structureId` int(11) NOT NULL,
  `fieldLayoutId` int(11) DEFAULT NULL,
  `name` varchar(255) COLLATE utf8_unicode_ci NOT NULL,
  `handle` varchar(255) COLLATE utf8_unicode_ci NOT NULL,
  `hasUrls` tinyint(1) unsigned NOT NULL DEFAULT '1',
  `template` varchar(500) COLLATE utf8_unicode_ci DEFAULT NULL,
  `dateCreated` datetime NOT NULL,
  `dateUpdated` datetime NOT NULL,
  `uid` char(36) COLLATE utf8_unicode_ci NOT NULL DEFAULT '0',
  PRIMARY KEY (`id`),
  UNIQUE KEY `craft_categorygroups_name_unq_idx` (`name`),
  UNIQUE KEY `craft_categorygroups_handle_unq_idx` (`handle`),
  KEY `craft_categorygroups_structureId_fk` (`structureId`),
  KEY `craft_categorygroups_fieldLayoutId_fk` (`fieldLayoutId`)
) ENGINE=InnoDB AUTO_INCREMENT=2 DEFAULT CHARSET=utf8 COLLATE=utf8_unicode_ci;

--
-- Data for table `craft_categorygroups`
--

INSERT INTO `craft_categorygroups` (`id`, `structureId`, `fieldLayoutId`, `name`, `handle`, `hasUrls`, `template`, `dateCreated`, `dateUpdated`, `uid`) VALUES
 ('1', '1', '15', 'Class', 'class', '1', 'class', '2017-12-10 22:30:42', '2017-12-12 17:38:30', '4508007f-fb00-46a5-9113-778c4fa75fe7');



DROP TABLE IF EXISTS `craft_categorygroups_i18n`;


--
-- Schema for table `craft_categorygroups_i18n`
--
CREATE TABLE `craft_categorygroups_i18n` (
  `id` int(11) NOT NULL AUTO_INCREMENT,
  `groupId` int(11) NOT NULL,
  `locale` char(12) COLLATE utf8_unicode_ci NOT NULL,
  `urlFormat` text COLLATE utf8_unicode_ci,
  `nestedUrlFormat` text COLLATE utf8_unicode_ci,
  `dateCreated` datetime NOT NULL,
  `dateUpdated` datetime NOT NULL,
  `uid` char(36) COLLATE utf8_unicode_ci NOT NULL DEFAULT '0',
  PRIMARY KEY (`id`),
  UNIQUE KEY `craft_categorygroups_i18n_groupId_locale_unq_idx` (`groupId`,`locale`),
  KEY `craft_categorygroups_i18n_locale_fk` (`locale`)
) ENGINE=InnoDB AUTO_INCREMENT=2 DEFAULT CHARSET=utf8 COLLATE=utf8_unicode_ci;

--
-- Data for table `craft_categorygroups_i18n`
--

INSERT INTO `craft_categorygroups_i18n` (`id`, `groupId`, `locale`, `urlFormat`, `nestedUrlFormat`, `dateCreated`, `dateUpdated`, `uid`) VALUES
 ('1', '1', 'en_gb', 'class/{slug}', '{parent.uri}/{slug}', '2017-12-10 22:30:42', '2017-12-10 22:30:42', '3e55f36c-5dac-44d3-8d79-9e149a0202ae');



DROP TABLE IF EXISTS `craft_content`;


--
-- Schema for table `craft_content`
--
CREATE TABLE `craft_content` (
  `id` int(11) NOT NULL AUTO_INCREMENT,
  `elementId` int(11) NOT NULL,
  `locale` char(12) COLLATE utf8_unicode_ci NOT NULL,
  `title` varchar(255) COLLATE utf8_unicode_ci DEFAULT NULL,
  `field_body` text COLLATE utf8_unicode_ci,
  `field_forename` text COLLATE utf8_unicode_ci,
  `field_surname` text COLLATE utf8_unicode_ci,
  `dateCreated` datetime NOT NULL,
  `dateUpdated` datetime NOT NULL,
  `uid` char(36) COLLATE utf8_unicode_ci NOT NULL DEFAULT '0',
  PRIMARY KEY (`id`),
  UNIQUE KEY `craft_content_elementId_locale_unq_idx` (`elementId`,`locale`),
  KEY `craft_content_title_idx` (`title`),
  KEY `craft_content_locale_fk` (`locale`)
) ENGINE=InnoDB AUTO_INCREMENT=66 DEFAULT CHARSET=utf8 COLLATE=utf8_unicode_ci;

--
-- Data for table `craft_content`
--

INSERT INTO `craft_content` (`id`, `elementId`, `locale`, `title`, `field_body`, `field_forename`, `field_surname`, `dateCreated`, `dateUpdated`, `uid`) VALUES
 ('1', '1', 'en_gb', NULL, NULL, NULL, NULL, '2017-12-10 22:25:16', '2017-12-10 22:25:16', '8bac7531-d6ee-45ec-86f3-b0fc7fbfec24'),
 ('2', '2', 'en_gb', 'Home', '<h4>Nullam id dolor id nibh ultricies vehicula ut id elit. Nullam quis risus eget urna mollis ornare vel eu leo. Praesent commodo cursus magna, vel scelerisque nisl consectetur et. Aenean lacinia bibendum nulla sed consectetur. Vivamus sagittis lacus vel augue laoreet rutrum faucibus dolor auctor. Test</h4>', NULL, NULL, '2017-12-10 22:25:19', '2017-12-12 15:45:07', '58a8429d-4e80-4ab0-aa78-00e42d6b3fe8'),
 ('4', '4', 'en_gb', 'Index Hero Test', NULL, NULL, NULL, '2017-12-10 22:29:48', '2017-12-10 22:45:16', '270e3877-e0ca-4811-8bd7-39e296df3b41'),
 ('5', '5', 'en_gb', 'Creators Hero', NULL, NULL, NULL, '2017-12-10 22:29:56', '2017-12-10 22:45:15', '3968e25c-eca2-4b3b-a469-6a5909d08577'),
 ('6', '6', 'en_gb', 'Munchies', '<h3>Donec ullamcorper nulla non metus auctor fringilla. Aenean eu leo quam. Pellentesque ornare sem lacinia quam venenatis <a href=\"http://browncardigan.com\">vestibulum</a>. Curabitur blandit tempus porttitor. Etiam porta sem malesuada magna mollis euismod.</h3>', NULL, NULL, '2017-12-10 22:30:52', '2017-12-12 18:30:49', '76650163-0d6d-4847-90f9-81a59f489c74'),
 ('7', '7', 'en_gb', 'Noisey', '<h3>Donec ullamcorper nulla non metus auctor fringilla. Aenean eu leo quam. Pellentesque ornare sem lacinia quam venenatis <a href=\"http://browncardigan.com\">vestibulum</a>. Curabitur blandit tempus porttitor. Etiam porta sem malesuada magna mollis euismod.</h3>', NULL, NULL, '2017-12-10 22:30:58', '2017-12-12 18:31:05', '3af9f413-0844-44c7-bc1d-75b9231a23bb'),
 ('8', '8', 'en_gb', 'Thump', '<h3>Donec ullamcorper nulla non metus auctor fringilla. Aenean eu leo quam. Pellentesque ornare sem lacinia quam venenatis <a href=\"http://browncardigan.com\">vestibulum</a>. Curabitur blandit tempus porttitor. Etiam porta sem malesuada magna mollis euismod.</h3>', NULL, NULL, '2017-12-10 22:31:04', '2017-12-12 18:31:12', 'c7ec97ef-9c10-402b-aeae-676502e00e36'),
 ('9', '9', 'en_gb', 'Creators', '<h3>Donec ullamcorper nulla non metus auctor fringilla. Aenean eu leo quam. Pellentesque ornare sem lacinia quam venenatis <a href=\"http://browncardigan.com\">vestibulum</a>. Curabitur blandit tempus porttitor. Etiam porta sem malesuada magna mollis euismod.</h3>', NULL, NULL, '2017-12-10 22:31:19', '2017-12-12 18:31:26', '7c6fd0d0-8897-47c0-b2f9-7ec4c6f7d3d1'),
 ('10', '10', 'en_gb', 'i-D', '<h3>Donec ullamcorper nulla non metus auctor fringilla. Aenean eu leo quam. Pellentesque ornare sem lacinia quam venenatis <a href=\"http://browncardigan.com\">vestibulum</a>. Curabitur blandit tempus porttitor. Etiam porta sem malesuada magna mollis euismod.</h3>', NULL, NULL, '2017-12-10 22:31:29', '2017-12-12 18:31:37', 'cc3b2da4-ccca-4543-9267-6392f91ea65f'),
 ('12', '12', 'en_gb', 'I D Hero', NULL, NULL, NULL, '2017-12-10 22:46:02', '2017-12-10 22:46:02', 'e7e56e3d-3bce-435c-8136-54c775e36d21'),
 ('13', '13', 'en_gb', 'Munchies Hero', NULL, NULL, NULL, '2017-12-10 22:46:03', '2017-12-10 22:46:03', '4953809c-d280-422d-90ae-bf6ed77161c1'),
 ('14', '14', 'en_gb', 'Noisey Hero', NULL, NULL, NULL, '2017-12-10 22:46:03', '2017-12-10 22:46:03', 'c6ab479c-ebdf-41e0-a24b-946ce97feb20'),
 ('15', '15', 'en_gb', 'Thump Hero', NULL, NULL, NULL, '2017-12-10 22:46:03', '2017-12-10 22:46:03', '66c45643-96fa-41c1-bdf9-caa0c5928958'),
 ('16', '16', 'en_gb', 'Gareth Johns', '<p>Vivamus sagittis lacus vel augue laoreet rutrum faucibus dolor auctor. Cum sociis natoque penatibus et magnis dis parturient montes, nascetur ridiculus mus. Fusce dapibus, tellus ac cursus commodo, tortor mauris condimentum nibh, ut fermentum massa justo sit amet risus. Donec id elit non mi porta gravida at eget metus.</p>', 'Gareth', 'Johns', '2017-12-10 23:06:35', '2017-12-13 17:25:00', '76a278fb-cae9-4adf-8f02-dcd06380ac1f'),
 ('17', '17', 'en_gb', 'Chloe Walshingam', '<p>Fusce dapibus, tellus ac cursus commodo, tortor mauris condimentum nibh, ut fermentum massa justo sit amet risus. Vivamus sagittis lacus vel augue laoreet rutrum faucibus dolor auctor. Praesent commodo cursus magna, vel scelerisque nisl consectetur et. Donec id elit non mi porta gravida at eget metus. Duis mollis, est non commodo luctus, nisi erat porttitor ligula, eget lacinia odio sem nec elit.</p>', 'Chloe', 'Walshingam', '2017-12-10 23:11:02', '2017-12-13 17:53:16', '5ed214e6-f211-415a-a10d-7844f8701cd8'),
 ('18', '18', 'en_gb', 'Placeholder', NULL, NULL, NULL, '2017-12-10 23:20:19', '2017-12-10 23:20:19', 'b8c5853d-2b6b-4ba9-88ae-4af7d6032eb9'),
 ('19', '19', 'en_gb', 'Olivia Smaghe', '<p>Curabitur blandit tempus porttitor. Morbi leo risus, porta ac consectetur ac, vestibulum at eros. Vestibulum id ligula porta felis euismod semper. Morbi leo risus, porta ac consectetur ac, vestibulum at eros. Fusce dapibus, tellus ac cursus commodo, tortor mauris condimentum nibh, ut fermentum massa justo sit amet risus. Donec ullamcorper nulla non metus auctor fringilla.</p>', 'Olivia', 'Smaghe', '2017-12-10 23:25:16', '2017-12-13 17:25:09', 'b36c7bb0-4757-4f5c-960f-3d88b930b480'),
 ('20', '20', 'en_gb', 'Felix Papalardi', '<p>Nulla vitae elit libero, a pharetra augue. Donec sed odio dui. Donec id elit non mi porta gravida at eget metus. Aenean eu leo quam. Pellentesque ornare sem lacinia quam venenatis vestibulum. Cum sociis natoque penatibus et magnis dis parturient montes, nascetur ridiculus mus. Vestibulum id ligula porta felis euismod semper. Fusce dapibus, tellus ac cursus commodo, tortor mauris condimentum nibh, ut fermentum massa justo sit amet risus.</p>\n<p>Cum sociis natoque penatibus et magnis dis parturient montes, nascetur ridiculus mus. Cras justo odio, dapibus ac facilisis in, egestas eget quam. Etiam porta sem malesuada magna mollis euismod. Vivamus sagittis lacus vel augue laoreet rutrum faucibus dolor auctor. Cum sociis natoque penatibus et magnis dis parturient montes, nascetur ridiculus mus. Integer posuere erat a ante venenatis dapibus posuere velit aliquet. Donec sed odio dui.</p>', 'Felix', 'Papalardi', '2017-12-10 23:25:38', '2017-12-13 17:24:42', 'ae4fad46-69e5-40b9-9fc8-d1bcf62af0d9'),
 ('21', '21', 'en_gb', 'Jenna Clapton', '<p>Cras mattis consectetur purus sit amet fermentum. Cum sociis natoque penatibus et magnis dis parturient montes, nascetur ridiculus mus. Morbi leo risus, porta ac consectetur ac, vestibulum at eros. Morbi leo risus, porta ac consectetur ac, vestibulum at eros.</p>\n<p>Etiam porta sem malesuada magna mollis euismod. Nullam id dolor id nibh ultricies vehicula ut id elit. Sed posuere consectetur est at lobortis. Integer posuere erat a ante venenatis dapibus posuere velit aliquet. Etiam porta sem malesuada magna mollis euismod. Maecenas faucibus mollis interdum.</p>\n<p>Aenean eu leo quam. Pellentesque ornare sem lacinia quam venenatis vestibulum. Cras justo odio, dapibus ac facilisis in, egestas eget quam. Cras justo odio, dapibus ac facilisis in, egestas eget quam. Vivamus sagittis lacus vel augue laoreet rutrum faucibus dolor auctor. Nullam quis risus eget urna mollis ornare vel eu leo. Cras mattis consectetur purus sit amet fermentum. Cras justo odio, dapibus ac facilisis in, egestas eget quam.</p>', 'Jenna', 'Clapton', '2017-12-10 23:26:01', '2017-12-13 17:25:24', 'd25ccdaf-940a-4f46-ae3a-a45f85bb2f8d'),
 ('22', '22', 'en_gb', 'Jaykee the Magician', '<p>Donec sed odio dui. Aenean lacinia bibendum nulla sed consectetur. Sed posuere consectetur est at lobortis. Nullam quis risus eget urna mollis ornare vel eu leo.</p>\n<p>Etiam porta sem malesuada magna mollis euismod. Cum sociis natoque penatibus et magnis dis parturient montes, nascetur ridiculus mus. Vestibulum id ligula porta felis euismod semper. Curabitur blandit tempus porttitor. Maecenas faucibus mollis interdum. Nullam id dolor id nibh ultricies vehicula ut id elit. Donec ullamcorper nulla non metus auctor fringilla.</p>\n<p>Cras mattis consectetur purus sit amet fermentum. Aenean eu leo quam. Pellentesque ornare sem lacinia quam venenatis vestibulum. Cum sociis natoque penatibus et magnis dis parturient montes, nascetur ridiculus mus. Praesent commodo cursus magna, vel scelerisque nisl consectetur et. Maecenas sed diam eget risus varius blandit sit amet non magna. Curabitur blandit tempus porttitor. Maecenas faucibus mollis interdum.</p>', 'Jaykee', 'The Magician', '2017-12-10 23:26:26', '2017-12-13 17:25:35', '8246dc63-7de4-4aa9-a13f-574a2e78b516'),
 ('23', '23', 'en_gb', 'Micheal Vonck', '<p>Nulla vitae elit libero, a pharetra augue. Nullam quis risus eget urna mollis ornare vel eu leo. Nulla vitae elit libero, a pharetra augue. Lorem ipsum dolor sit amet, consectetur adipiscing elit. Maecenas sed diam eget risus varius blandit sit amet non magna. Nulla vitae elit libero, a pharetra augue.</p>\n<p>Donec ullamcorper nulla non metus auctor fringilla. Donec id elit non mi porta gravida at eget metus. Sed posuere consectetur est at lobortis. Cras justo odio, dapibus ac facilisis in, egestas eget quam.</p>\n<p>Cras mattis consectetur purus sit amet fermentum. Nulla vitae elit libero, a pharetra augue. Fusce dapibus, tellus ac cursus commodo, tortor mauris condimentum nibh, ut fermentum massa justo sit amet risus. Fusce dapibus, tellus ac cursus commodo, tortor mauris condimentum nibh, ut fermentum massa justo sit amet risus. Maecenas faucibus mollis interdum.</p>', 'Micheal', 'Vonck', '2017-12-10 23:26:43', '2017-12-13 17:25:45', '43e9f194-c01f-4b94-bc55-11fa86c3fb63'),
 ('24', '24', 'en_gb', 'Noisey Hero Landscape', NULL, NULL, NULL, '2017-12-12 17:40:21', '2017-12-12 17:40:21', '3bdab8cf-77dd-4e14-8734-28fd3d1282de'),
 ('28', '28', 'en_gb', 'Test Member 001', NULL, NULL, NULL, '2017-12-13 17:24:08', '2017-12-13 17:24:08', '8e5c952c-1153-454d-a6a8-bddc51204ac7'),
 ('29', '29', 'en_gb', 'Test Member 002', NULL, NULL, NULL, '2017-12-13 17:24:09', '2017-12-13 17:24:09', 'ce33e5a9-8113-4688-b05c-4cb1562c6050'),
 ('30', '30', 'en_gb', 'Test Member 003', NULL, NULL, NULL, '2017-12-13 17:24:09', '2017-12-13 17:24:09', 'd2bccea6-1399-471c-bd6e-ee42d36bb21a'),
 ('31', '31', 'en_gb', 'Test Member 004', NULL, NULL, NULL, '2017-12-13 17:24:09', '2017-12-13 17:24:09', '46eca390-ac65-44ee-ad0b-6f1dd4ac10cd'),
 ('32', '32', 'en_gb', 'Test Member 005', NULL, NULL, NULL, '2017-12-13 17:24:10', '2017-12-13 17:24:10', 'ab53919d-01fd-4ead-be0e-b248b9aa12d9'),
 ('33', '33', 'en_gb', 'Test Member 006', NULL, NULL, NULL, '2017-12-13 17:24:10', '2017-12-13 17:24:10', 'aa6db835-c0d2-4d0f-b88c-1807e2e283cc'),
 ('34', '34', 'en_gb', 'Test Member 007', NULL, NULL, NULL, '2017-12-13 17:24:10', '2017-12-13 17:24:10', 'e5e1a2aa-5bc8-4378-ac97-765a4bd3ae12'),
 ('35', '35', 'en_gb', 'Test Member 008', NULL, NULL, NULL, '2017-12-13 17:24:11', '2017-12-13 17:24:11', '3d3ad5f6-7ce3-453d-8292-08ac7a577af2'),
 ('36', '36', 'en_gb', 'Test Member 009', NULL, NULL, NULL, '2017-12-13 17:24:11', '2017-12-13 17:24:11', 'a97970df-cd15-44a2-b099-6f8a5bc3a45a'),
 ('37', '37', 'en_gb', 'Test Member 010', NULL, NULL, NULL, '2017-12-13 17:24:11', '2017-12-13 17:24:11', 'eebb5599-53b6-4291-b88d-dda2b10be7e4'),
 ('38', '38', 'en_gb', 'Test Member 011', NULL, NULL, NULL, '2017-12-13 17:24:11', '2017-12-13 17:24:11', 'd6a94231-72b4-45bb-9d44-4a3dae41786e'),
 ('39', '39', 'en_gb', 'Test Member 012', NULL, NULL, NULL, '2017-12-13 17:24:12', '2017-12-13 17:24:12', '0c1cb139-46da-4c10-abe4-ea8886dcdce6'),
 ('40', '40', 'en_gb', 'Test Member 013', NULL, NULL, NULL, '2017-12-13 17:24:12', '2017-12-13 17:24:12', 'ac8a1ac5-da82-4097-9b58-fbd0173d73cf'),
 ('41', '41', 'en_gb', 'Test Member 014', NULL, NULL, NULL, '2017-12-13 17:24:12', '2017-12-13 17:24:12', 'a013c1af-08df-4583-ba57-2e2a515925d9'),
 ('42', '42', 'en_gb', 'Test Member 015', NULL, NULL, NULL, '2017-12-13 17:24:13', '2017-12-13 17:24:13', 'c8025715-90c1-491b-b95b-106b4ec91947'),
 ('43', '43', 'en_gb', 'Test Member 016', NULL, NULL, NULL, '2017-12-13 17:24:13', '2017-12-13 17:24:13', 'f354cab7-747f-4d5c-8ced-52e23875d6ec'),
 ('44', '44', 'en_gb', 'Test Member 017', NULL, NULL, NULL, '2017-12-13 17:24:13', '2017-12-13 17:24:13', '74b924a4-e065-4406-ab0e-fb312668d1fb'),
 ('45', '45', 'en_gb', 'Test Member 018', NULL, NULL, NULL, '2017-12-13 17:24:13', '2017-12-13 17:24:13', '5baeff27-7a0c-4e61-b768-6199815daa9b'),
 ('46', '46', 'en_gb', 'Test Member 019', NULL, NULL, NULL, '2017-12-13 17:24:14', '2017-12-13 17:24:14', '1106c4a0-915e-4dba-967c-10e2e94bdf6f'),
 ('47', '47', 'en_gb', 'Test Member 020', NULL, NULL, NULL, '2017-12-13 17:24:14', '2017-12-13 17:24:14', '68295c86-12fd-45c4-b1d9-44143ab7b9a9'),
 ('48', '48', 'en_gb', 'Test Member 021', NULL, NULL, NULL, '2017-12-13 17:24:14', '2017-12-13 17:24:14', '1ab95efe-b70b-4841-8769-4800dc63f405'),
 ('49', '49', 'en_gb', 'Test Member 022', NULL, NULL, NULL, '2017-12-13 17:24:15', '2017-12-13 17:24:15', '532f1e83-2a74-4c0d-affe-c4adcffb5397'),
 ('50', '50', 'en_gb', 'Test Member 023', NULL, NULL, NULL, '2017-12-13 17:24:15', '2017-12-13 17:24:15', 'bc5692df-52ec-4729-b94b-0d7d1786e001'),
 ('51', '51', 'en_gb', 'Test Member 024', NULL, NULL, NULL, '2017-12-13 17:24:15', '2017-12-13 17:24:15', '343141a9-fce3-42eb-8e21-c16456f84545'),
 ('52', '52', 'en_gb', 'Test Member 025', NULL, NULL, NULL, '2017-12-13 17:24:15', '2017-12-13 17:24:15', '8a842d1e-5c90-4198-840c-3310931a91a6'),
 ('53', '53', 'en_gb', 'Test Member 026', NULL, NULL, NULL, '2017-12-13 17:24:16', '2017-12-13 17:24:16', '21f3c569-5c28-4bc1-a5aa-a2c80bc08cb3'),
 ('54', '54', 'en_gb', 'Test Member 027', NULL, NULL, NULL, '2017-12-13 17:24:16', '2017-12-13 17:24:16', 'bb23cbf7-3f68-41f4-9aca-bf77b06fba1e'),
 ('55', '55', 'en_gb', 'Test Member 028', NULL, NULL, NULL, '2017-12-13 17:24:16', '2017-12-13 17:24:16', 'd862dfda-922f-428a-a8ff-7993d36f95a0'),
 ('56', '56', 'en_gb', 'Test Member 029', NULL, NULL, NULL, '2017-12-13 17:24:16', '2017-12-13 17:24:16', '34de424b-8c5c-4bc0-8b6d-7493e1849214'),
 ('57', '57', 'en_gb', 'Test Member 030', NULL, NULL, NULL, '2017-12-13 17:24:17', '2017-12-13 17:24:17', '6e0903f0-8002-4016-bfec-ed378882f501'),
 ('58', '58', 'en_gb', 'Test Member 031', NULL, NULL, NULL, '2017-12-13 17:24:17', '2017-12-13 17:24:17', 'ebf8f621-c6b5-4ca1-894f-35066cd0ea07'),
 ('59', '59', 'en_gb', 'Joaquin Hoop', '', 'Joaquin', 'Hoop', '2017-12-13 17:27:55', '2017-12-13 17:27:55', 'a9eb757b-204d-48a0-941a-8752ea9c29b6'),
 ('60', '60', 'en_gb', 'Jeraldine Mathers', '', 'Jeraldine', 'Mathers', '2017-12-13 17:28:57', '2017-12-13 17:28:57', 'e353d12d-97a2-49ab-bcd7-79b06ed14925'),
 ('61', '61', 'en_gb', 'Georgene Goodspeed', '', 'Georgene', 'Goodspeed', '2017-12-13 17:29:39', '2017-12-13 17:29:39', 'f452a8be-78dc-4f34-92b0-d56af1900f00'),
 ('62', '62', 'en_gb', 'Charolette Wrede', '', 'Charolette', 'Wrede', '2017-12-13 17:30:44', '2017-12-13 17:31:07', '27be97a4-bb9d-41bf-8a16-11cd7791c148'),
 ('63', '63', 'en_gb', 'Jaimie Rafael', '', 'Jaimie ', 'Rafael', '2017-12-13 17:52:36', '2017-12-13 17:52:36', '5e014a3e-da9f-43c4-b7a9-87ab23db501d'),
 ('64', '64', 'en_gb', 'Stephen Carnley', '', 'Stephen', 'Carnley', '2017-12-13 17:56:39', '2017-12-13 17:58:01', '11bb0379-775b-4895-a21c-5e912c4e0e5a'),
 ('65', '65', 'en_gb', 'Janice Decamp', '', 'Janice', 'Decamp', '2017-12-13 17:57:21', '2017-12-13 17:58:15', 'ab375876-312e-43cf-97fd-2a8ab7d41b39');



DROP TABLE IF EXISTS `craft_deprecationerrors`;


--
-- Schema for table `craft_deprecationerrors`
--
CREATE TABLE `craft_deprecationerrors` (
  `id` int(11) NOT NULL AUTO_INCREMENT,
  `key` varchar(255) COLLATE utf8_unicode_ci NOT NULL,
  `fingerprint` varchar(255) COLLATE utf8_unicode_ci NOT NULL,
  `lastOccurrence` datetime NOT NULL,
  `file` varchar(255) COLLATE utf8_unicode_ci NOT NULL,
  `line` smallint(6) unsigned NOT NULL,
  `class` varchar(255) COLLATE utf8_unicode_ci DEFAULT NULL,
  `method` varchar(255) COLLATE utf8_unicode_ci DEFAULT NULL,
  `template` varchar(255) COLLATE utf8_unicode_ci DEFAULT NULL,
  `templateLine` smallint(6) unsigned DEFAULT NULL,
  `message` varchar(255) COLLATE utf8_unicode_ci DEFAULT NULL,
  `traces` text COLLATE utf8_unicode_ci,
  `dateCreated` datetime NOT NULL,
  `dateUpdated` datetime NOT NULL,
  `uid` char(36) COLLATE utf8_unicode_ci NOT NULL DEFAULT '0',
  PRIMARY KEY (`id`),
  UNIQUE KEY `craft_deprecationerrors_key_fingerprint_unq_idx` (`key`,`fingerprint`)
) ENGINE=InnoDB AUTO_INCREMENT=3 DEFAULT CHARSET=utf8 COLLATE=utf8_unicode_ci;

--
-- Data for table `craft_deprecationerrors`
--

INSERT INTO `craft_deprecationerrors` (`id`, `key`, `fingerprint`, `lastOccurrence`, `file`, `line`, `class`, `method`, `template`, `templateLine`, `message`, `traces`, `dateCreated`, `dateUpdated`, `uid`) VALUES
 ('1', 'BaseElementModel::getChildren()_for_relations', '/Users/garethjohns/Documents/Development/classof2018.vice.com/craft/templates/members/_entry.html:24', '2017-12-11 00:00:46', '/Users/garethjohns/Documents/Development/classof2018.vice.com/craft/app/models/BaseElementModel.php', '534', 'Craft\\BaseElementModel', 'getChildren', '/Users/garethjohns/Documents/Development/classof2018.vice.com/craft/templates/members/_entry.html', '24', 'Calling getChildren() to fetch an element’s target relations has been deprecated. Use the <a href=\"http://craftcms.com/docs/relations#the-relatedTo-param\">relatedTo</a> param instead.', '[{\"objectClass\":\"Craft\\\\DeprecatorService\",\"file\":\"\\/Users\\/garethjohns\\/Documents\\/Development\\/classof2018.vice.com\\/craft\\/app\\/models\\/BaseElementModel.php\",\"line\":534,\"class\":\"Craft\\\\DeprecatorService\",\"method\":\"log\",\"args\":\"\\\"BaseElementModel::getChildren()_for_relations\\\", \\\"Calling getChildren() to fetch an element\\u2019s target relations h...\\\"\"},{\"objectClass\":\"Craft\\\\EntryModel\",\"file\":\"\\/Users\\/garethjohns\\/Documents\\/Development\\/classof2018.vice.com\\/craft\\/app\\/vendor\\/twig\\/twig\\/lib\\/Twig\\/Template.php\",\"line\":686,\"class\":\"Craft\\\\BaseElementModel\",\"method\":\"getChildren\",\"args\":null},{\"objectClass\":\"__TwigTemplate_508b4b96681a1c99866eecb8a3e71b391971bb2d61f40020ffdf83488fe47a16\",\"file\":\"\\/Users\\/garethjohns\\/Documents\\/Development\\/classof2018.vice.com\\/craft\\/app\\/etc\\/templating\\/BaseTemplate.php\",\"line\":64,\"class\":\"Twig_Template\",\"method\":\"getAttribute\",\"args\":\"Craft\\\\EntryModel, \\\"getChildren\\\", array(), \\\"method\\\"\"},{\"objectClass\":\"__TwigTemplate_508b4b96681a1c99866eecb8a3e71b391971bb2d61f40020ffdf83488fe47a16\",\"file\":\"\\/Users\\/garethjohns\\/Documents\\/Development\\/classof2018.vice.com\\/craft\\/storage\\/runtime\\/compiled_templates\\/50\\/50b973c579190762ffd8fba22e9ff0d52c7bce795540488d3bb4d9086d71fbaa.php\",\"line\":44,\"class\":\"Craft\\\\BaseTemplate\",\"method\":\"getAttribute\",\"args\":\"Craft\\\\EntryModel, \\\"getChildren\\\", array(), \\\"method\\\"\",\"template\":\"members\\/_entry\",\"templateLine\":24},{\"objectClass\":\"__TwigTemplate_508b4b96681a1c99866eecb8a3e71b391971bb2d61f40020ffdf83488fe47a16\",\"file\":\"\\/Users\\/garethjohns\\/Documents\\/Development\\/classof2018.vice.com\\/craft\\/app\\/vendor\\/twig\\/twig\\/lib\\/Twig\\/Template.php\",\"line\":215,\"class\":\"__TwigTemplate_508b4b96681a1c99866eecb8a3e71b391971bb2d61f40020ffdf83488fe47a16\",\"method\":\"block_main\",\"args\":\"array(\\\"entry\\\" => Craft\\\\EntryModel, \\\"user\\\" => null, \\\"currentUser\\\" => null, \\\"craft\\\" => Craft\\\\CraftVariable), array(\\\"head\\\" => array(__TwigTemplate_4afadf2659bd1f66e8a43b11d976aa31cbaba906ced1f21aeb4ab2409854b99b, \\\"block_head\\\"), \\\"body\\\" => array(__TwigTemplate_e546d09893a5c89f196aeee8a6ed51d8957b9682d65d5eda02a74bd79ea77f85, \\\"block_body\\\"), \\\"foot\\\" => array(__TwigTemplate_4afadf2659bd1f66e8a43b11d976aa31cbaba906ced1f21aeb4ab2409854b99b, \\\"block_foot\\\"), \\\"main\\\" => array(__TwigTemplate_508b4b96681a1c99866eecb8a3e71b391971bb2d61f40020ffdf83488fe47a16, \\\"block_main\\\"))\"},{\"objectClass\":\"__TwigTemplate_e546d09893a5c89f196aeee8a6ed51d8957b9682d65d5eda02a74bd79ea77f85\",\"file\":\"\\/Users\\/garethjohns\\/Documents\\/Development\\/classof2018.vice.com\\/craft\\/storage\\/runtime\\/compiled_templates\\/86\\/86b878d92a755c23c7e9146a6a502bbfd5e52c3f12ffe2c6fd17a4cff1ad5b2a.php\",\"line\":60,\"class\":\"Twig_Template\",\"method\":\"displayBlock\",\"args\":\"\\\"main\\\", array(\\\"entry\\\" => Craft\\\\EntryModel, \\\"user\\\" => null, \\\"currentUser\\\" => null, \\\"craft\\\" => Craft\\\\CraftVariable), array(\\\"head\\\" => array(__TwigTemplate_4afadf2659bd1f66e8a43b11d976aa31cbaba906ced1f21aeb4ab2409854b99b, \\\"block_head\\\"), \\\"body\\\" => array(__TwigTemplate_e546d09893a5c89f196aeee8a6ed51d8957b9682d65d5eda02a74bd79ea77f85, \\\"block_body\\\"), \\\"foot\\\" => array(__TwigTemplate_4afadf2659bd1f66e8a43b11d976aa31cbaba906ced1f21aeb4ab2409854b99b, \\\"block_foot\\\"), \\\"main\\\" => array(__TwigTemplate_508b4b96681a1c99866eecb8a3e71b391971bb2d61f40020ffdf83488fe47a16, \\\"block_main\\\"))\",\"template\":\"_layouts\\/site\",\"templateLine\":38},{\"objectClass\":\"__TwigTemplate_e546d09893a5c89f196aeee8a6ed51d8957b9682d65d5eda02a74bd79ea77f85\",\"file\":\"\\/Users\\/garethjohns\\/Documents\\/Development\\/classof2018.vice.com\\/craft\\/app\\/vendor\\/twig\\/twig\\/lib\\/Twig\\/Template.php\",\"line\":215,\"class\":\"__TwigTemplate_e546d09893a5c89f196aeee8a6ed51d8957b9682d65d5eda02a74bd79ea77f85\",\"method\":\"block_body\",\"args\":\"array(\\\"entry\\\" => Craft\\\\EntryModel, \\\"user\\\" => null, \\\"currentUser\\\" => null, \\\"craft\\\" => Craft\\\\CraftVariable), array(\\\"head\\\" => array(__TwigTemplate_4afadf2659bd1f66e8a43b11d976aa31cbaba906ced1f21aeb4ab2409854b99b, \\\"block_head\\\"), \\\"body\\\" => array(__TwigTemplate_e546d09893a5c89f196aeee8a6ed51d8957b9682d65d5eda02a74bd79ea77f85, \\\"block_body\\\"), \\\"foot\\\" => array(__TwigTemplate_4afadf2659bd1f66e8a43b11d976aa31cbaba906ced1f21aeb4ab2409854b99b, \\\"block_foot\\\"), \\\"main\\\" => array(__TwigTemplate_508b4b96681a1c99866eecb8a3e71b391971bb2d61f40020ffdf83488fe47a16, \\\"block_main\\\"))\"},{\"objectClass\":\"__TwigTemplate_4afadf2659bd1f66e8a43b11d976aa31cbaba906ced1f21aeb4ab2409854b99b\",\"file\":\"\\/Users\\/garethjohns\\/Documents\\/Development\\/classof2018.vice.com\\/craft\\/storage\\/runtime\\/compiled_templates\\/59\\/59c72f64e618927d78846ff1f4a3a76c252e65dc2d9b1d5a58e251cc137f9d1b.php\",\"line\":40,\"class\":\"Twig_Template\",\"method\":\"displayBlock\",\"args\":\"\\\"body\\\", array(\\\"entry\\\" => Craft\\\\EntryModel, \\\"user\\\" => null, \\\"currentUser\\\" => null, \\\"craft\\\" => Craft\\\\CraftVariable), array(\\\"head\\\" => array(__TwigTemplate_4afadf2659bd1f66e8a43b11d976aa31cbaba906ced1f21aeb4ab2409854b99b, \\\"block_head\\\"), \\\"body\\\" => array(__TwigTemplate_e546d09893a5c89f196aeee8a6ed51d8957b9682d65d5eda02a74bd79ea77f85, \\\"block_body\\\"), \\\"foot\\\" => array(__TwigTemplate_4afadf2659bd1f66e8a43b11d976aa31cbaba906ced1f21aeb4ab2409854b99b, \\\"block_foot\\\"), \\\"main\\\" => array(__TwigTemplate_508b4b96681a1c99866eecb8a3e71b391971bb2d61f40020ffdf83488fe47a16, \\\"block_main\\\"))\",\"template\":\"_layouts\\/base\",\"templateLine\":64},{\"objectClass\":\"__TwigTemplate_4afadf2659bd1f66e8a43b11d976aa31cbaba906ced1f21aeb4ab2409854b99b\",\"file\":\"\\/Users\\/garethjohns\\/Documents\\/Development\\/classof2018.vice.com\\/craft\\/app\\/vendor\\/twig\\/twig\\/lib\\/Twig\\/Template.php\",\"line\":432,\"class\":\"__TwigTemplate_4afadf2659bd1f66e8a43b11d976aa31cbaba906ced1f21aeb4ab2409854b99b\",\"method\":\"doDisplay\",\"args\":\"array(\\\"entry\\\" => Craft\\\\EntryModel, \\\"user\\\" => null, \\\"currentUser\\\" => null, \\\"craft\\\" => Craft\\\\CraftVariable), array(\\\"head\\\" => array(__TwigTemplate_4afadf2659bd1f66e8a43b11d976aa31cbaba906ced1f21aeb4ab2409854b99b, \\\"block_head\\\"), \\\"body\\\" => array(__TwigTemplate_e546d09893a5c89f196aeee8a6ed51d8957b9682d65d5eda02a74bd79ea77f85, \\\"block_body\\\"), \\\"foot\\\" => array(__TwigTemplate_4afadf2659bd1f66e8a43b11d976aa31cbaba906ced1f21aeb4ab2409854b99b, \\\"block_foot\\\"), \\\"main\\\" => array(__TwigTemplate_508b4b96681a1c99866eecb8a3e71b391971bb2d61f40020ffdf83488fe47a16, \\\"block_main\\\"))\"},{\"objectClass\":\"__TwigTemplate_4afadf2659bd1f66e8a43b11d976aa31cbaba906ced1f21aeb4ab2409854b99b\",\"file\":\"\\/Users\\/garethjohns\\/Documents\\/Development\\/classof2018.vice.com\\/craft\\/app\\/etc\\/templating\\/BaseTemplate.php\",\"line\":26,\"class\":\"Twig_Template\",\"method\":\"displayWithErrorHandling\",\"args\":\"array(\\\"entry\\\" => Craft\\\\EntryModel, \\\"user\\\" => null, \\\"currentUser\\\" => null, \\\"craft\\\" => Craft\\\\CraftVariable), array(\\\"head\\\" => array(__TwigTemplate_4afadf2659bd1f66e8a43b11d976aa31cbaba906ced1f21aeb4ab2409854b99b, \\\"block_head\\\"), \\\"body\\\" => array(__TwigTemplate_e546d09893a5c89f196aeee8a6ed51d8957b9682d65d5eda02a74bd79ea77f85, \\\"block_body\\\"), \\\"foot\\\" => array(__TwigTemplate_4afadf2659bd1f66e8a43b11d976aa31cbaba906ced1f21aeb4ab2409854b99b, \\\"block_foot\\\"), \\\"main\\\" => array(__TwigTemplate_508b4b96681a1c99866eecb8a3e71b391971bb2d61f40020ffdf83488fe47a16, \\\"block_main\\\"))\"},{\"objectClass\":\"__TwigTemplate_4afadf2659bd1f66e8a43b11d976aa31cbaba906ced1f21aeb4ab2409854b99b\",\"file\":\"\\/Users\\/garethjohns\\/Documents\\/Development\\/classof2018.vice.com\\/craft\\/app\\/vendor\\/twig\\/twig\\/lib\\/Twig\\/Template.php\",\"line\":403,\"class\":\"Craft\\\\BaseTemplate\",\"method\":\"displayWithErrorHandling\",\"args\":\"array(\\\"entry\\\" => Craft\\\\EntryModel, \\\"user\\\" => null, \\\"currentUser\\\" => null, \\\"craft\\\" => Craft\\\\CraftVariable), array(\\\"head\\\" => array(__TwigTemplate_4afadf2659bd1f66e8a43b11d976aa31cbaba906ced1f21aeb4ab2409854b99b, \\\"block_head\\\"), \\\"body\\\" => array(__TwigTemplate_e546d09893a5c89f196aeee8a6ed51d8957b9682d65d5eda02a74bd79ea77f85, \\\"block_body\\\"), \\\"foot\\\" => array(__TwigTemplate_4afadf2659bd1f66e8a43b11d976aa31cbaba906ced1f21aeb4ab2409854b99b, \\\"block_foot\\\"), \\\"main\\\" => array(__TwigTemplate_508b4b96681a1c99866eecb8a3e71b391971bb2d61f40020ffdf83488fe47a16, \\\"block_main\\\"))\"},{\"objectClass\":\"__TwigTemplate_4afadf2659bd1f66e8a43b11d976aa31cbaba906ced1f21aeb4ab2409854b99b\",\"file\":\"\\/Users\\/garethjohns\\/Documents\\/Development\\/classof2018.vice.com\\/craft\\/storage\\/runtime\\/compiled_templates\\/86\\/86b878d92a755c23c7e9146a6a502bbfd5e52c3f12ffe2c6fd17a4cff1ad5b2a.php\",\"line\":42,\"class\":\"Twig_Template\",\"method\":\"display\",\"args\":\"array(\\\"entry\\\" => Craft\\\\EntryModel, \\\"user\\\" => null, \\\"currentUser\\\" => null, \\\"craft\\\" => Craft\\\\CraftVariable), array(\\\"body\\\" => array(__TwigTemplate_e546d09893a5c89f196aeee8a6ed51d8957b9682d65d5eda02a74bd79ea77f85, \\\"block_body\\\"), \\\"main\\\" => array(__TwigTemplate_508b4b96681a1c99866eecb8a3e71b391971bb2d61f40020ffdf83488fe47a16, \\\"block_main\\\"))\",\"template\":\"_layouts\\/base\",\"templateLine\":65},{\"objectClass\":\"__TwigTemplate_e546d09893a5c89f196aeee8a6ed51d8957b9682d65d5eda02a74bd79ea77f85\",\"file\":\"\\/Users\\/garethjohns\\/Documents\\/Development\\/classof2018.vice.com\\/craft\\/app\\/vendor\\/twig\\/twig\\/lib\\/Twig\\/Template.php\",\"line\":432,\"class\":\"__TwigTemplate_e546d09893a5c89f196aeee8a6ed51d8957b9682d65d5eda02a74bd79ea77f85\",\"method\":\"doDisplay\",\"args\":\"array(\\\"entry\\\" => Craft\\\\EntryModel, \\\"user\\\" => null, \\\"currentUser\\\" => null, \\\"craft\\\" => Craft\\\\CraftVariable), array(\\\"body\\\" => array(__TwigTemplate_e546d09893a5c89f196aeee8a6ed51d8957b9682d65d5eda02a74bd79ea77f85, \\\"block_body\\\"), \\\"main\\\" => array(__TwigTemplate_508b4b96681a1c99866eecb8a3e71b391971bb2d61f40020ffdf83488fe47a16, \\\"block_main\\\"))\"},{\"objectClass\":\"__TwigTemplate_e546d09893a5c89f196aeee8a6ed51d8957b9682d65d5eda02a74bd79ea77f85\",\"file\":\"\\/Users\\/garethjohns\\/Documents\\/Development\\/classof2018.vice.com\\/craft\\/app\\/etc\\/templating\\/BaseTemplate.php\",\"line\":26,\"class\":\"Twig_Template\",\"method\":\"displayWithErrorHandling\",\"args\":\"array(\\\"entry\\\" => Craft\\\\EntryModel, \\\"user\\\" => null, \\\"currentUser\\\" => null, \\\"craft\\\" => Craft\\\\CraftVariable), array(\\\"body\\\" => array(__TwigTemplate_e546d09893a5c89f196aeee8a6ed51d8957b9682d65d5eda02a74bd79ea77f85, \\\"block_body\\\"), \\\"main\\\" => array(__TwigTemplate_508b4b96681a1c99866eecb8a3e71b391971bb2d61f40020ffdf83488fe47a16, \\\"block_main\\\"))\"},{\"objectClass\":\"__TwigTemplate_e546d09893a5c89f196aeee8a6ed51d8957b9682d65d5eda02a74bd79ea77f85\",\"file\":\"\\/Users\\/garethjohns\\/Documents\\/Development\\/classof2018.vice.com\\/craft\\/app\\/vendor\\/twig\\/twig\\/lib\\/Twig\\/Template.php\",\"line\":403,\"class\":\"Craft\\\\BaseTemplate\",\"method\":\"displayWithErrorHandling\",\"args\":\"array(\\\"entry\\\" => Craft\\\\EntryModel, \\\"user\\\" => null, \\\"currentUser\\\" => null, \\\"craft\\\" => Craft\\\\CraftVariable), array(\\\"body\\\" => array(__TwigTemplate_e546d09893a5c89f196aeee8a6ed51d8957b9682d65d5eda02a74bd79ea77f85, \\\"block_body\\\"), \\\"main\\\" => array(__TwigTemplate_508b4b96681a1c99866eecb8a3e71b391971bb2d61f40020ffdf83488fe47a16, \\\"block_main\\\"))\"},{\"objectClass\":\"__TwigTemplate_e546d09893a5c89f196aeee8a6ed51d8957b9682d65d5eda02a74bd79ea77f85\",\"file\":\"\\/Users\\/garethjohns\\/Documents\\/Development\\/classof2018.vice.com\\/craft\\/storage\\/runtime\\/compiled_templates\\/50\\/50b973c579190762ffd8fba22e9ff0d52c7bce795540488d3bb4d9086d71fbaa.php\",\"line\":27,\"class\":\"Twig_Template\",\"method\":\"display\",\"args\":\"array(\\\"entry\\\" => Craft\\\\EntryModel, \\\"user\\\" => null, \\\"currentUser\\\" => null, \\\"craft\\\" => Craft\\\\CraftVariable), array(\\\"main\\\" => array(__TwigTemplate_508b4b96681a1c99866eecb8a3e71b391971bb2d61f40020ffdf83488fe47a16, \\\"block_main\\\"))\",\"template\":\"_layouts\\/site\",\"templateLine\":21},{\"objectClass\":\"__TwigTemplate_508b4b96681a1c99866eecb8a3e71b391971bb2d61f40020ffdf83488fe47a16\",\"file\":\"\\/Users\\/garethjohns\\/Documents\\/Development\\/classof2018.vice.com\\/craft\\/app\\/vendor\\/twig\\/twig\\/lib\\/Twig\\/Template.php\",\"line\":432,\"class\":\"__TwigTemplate_508b4b96681a1c99866eecb8a3e71b391971bb2d61f40020ffdf83488fe47a16\",\"method\":\"doDisplay\",\"args\":\"array(\\\"entry\\\" => Craft\\\\EntryModel, \\\"user\\\" => null, \\\"currentUser\\\" => null, \\\"craft\\\" => Craft\\\\CraftVariable), array(\\\"main\\\" => array(__TwigTemplate_508b4b96681a1c99866eecb8a3e71b391971bb2d61f40020ffdf83488fe47a16, \\\"block_main\\\"))\"},{\"objectClass\":\"__TwigTemplate_508b4b96681a1c99866eecb8a3e71b391971bb2d61f40020ffdf83488fe47a16\",\"file\":\"\\/Users\\/garethjohns\\/Documents\\/Development\\/classof2018.vice.com\\/craft\\/app\\/etc\\/templating\\/BaseTemplate.php\",\"line\":26,\"class\":\"Twig_Template\",\"method\":\"displayWithErrorHandling\",\"args\":\"array(\\\"entry\\\" => Craft\\\\EntryModel, \\\"user\\\" => null, \\\"currentUser\\\" => null, \\\"craft\\\" => Craft\\\\CraftVariable), array(\\\"main\\\" => array(__TwigTemplate_508b4b96681a1c99866eecb8a3e71b391971bb2d61f40020ffdf83488fe47a16, \\\"block_main\\\"))\"},{\"objectClass\":\"__TwigTemplate_508b4b96681a1c99866eecb8a3e71b391971bb2d61f40020ffdf83488fe47a16\",\"file\":\"\\/Users\\/garethjohns\\/Documents\\/Development\\/classof2018.vice.com\\/craft\\/app\\/vendor\\/twig\\/twig\\/lib\\/Twig\\/Template.php\",\"line\":403,\"class\":\"Craft\\\\BaseTemplate\",\"method\":\"displayWithErrorHandling\",\"args\":\"array(\\\"entry\\\" => Craft\\\\EntryModel, \\\"user\\\" => null, \\\"currentUser\\\" => null, \\\"craft\\\" => Craft\\\\CraftVariable), array(\\\"main\\\" => array(__TwigTemplate_508b4b96681a1c99866eecb8a3e71b391971bb2d61f40020ffdf83488fe47a16, \\\"block_main\\\"))\"},{\"objectClass\":\"__TwigTemplate_508b4b96681a1c99866eecb8a3e71b391971bb2d61f40020ffdf83488fe47a16\",\"file\":\"\\/Users\\/garethjohns\\/Documents\\/Development\\/classof2018.vice.com\\/craft\\/app\\/vendor\\/twig\\/twig\\/lib\\/Twig\\/Template.php\",\"line\":411,\"class\":\"Twig_Template\",\"method\":\"display\",\"args\":\"array(\\\"entry\\\" => Craft\\\\EntryModel)\"},{\"objectClass\":\"__TwigTemplate_508b4b96681a1c99866eecb8a3e71b391971bb2d61f40020ffdf83488fe47a16\",\"file\":\"\\/Users\\/garethjohns\\/Documents\\/Development\\/classof2018.vice.com\\/craft\\/app\\/vendor\\/twig\\/twig\\/lib\\/Twig\\/Environment.php\",\"line\":362,\"class\":\"Twig_Template\",\"method\":\"render\",\"args\":\"array(\\\"entry\\\" => Craft\\\\EntryModel)\"},{\"objectClass\":\"Craft\\\\TwigEnvironment\",\"file\":\"\\/Users\\/garethjohns\\/Documents\\/Development\\/classof2018.vice.com\\/craft\\/app\\/services\\/TemplatesService.php\",\"line\":256,\"class\":\"Twig_Environment\",\"method\":\"render\",\"args\":\"\\\"members\\/_entry\\\", array(\\\"entry\\\" => Craft\\\\EntryModel)\"},{\"objectClass\":\"Craft\\\\TemplatesService\",\"file\":\"\\/Users\\/garethjohns\\/Documents\\/Development\\/classof2018.vice.com\\/craft\\/app\\/controllers\\/BaseController.php\",\"line\":74,\"class\":\"Craft\\\\TemplatesService\",\"method\":\"render\",\"args\":\"\\\"members\\/_entry\\\", array(\\\"entry\\\" => Craft\\\\EntryModel)\"},{\"objectClass\":\"Craft\\\\TemplatesController\",\"file\":\"\\/Users\\/garethjohns\\/Documents\\/Development\\/classof2018.vice.com\\/craft\\/app\\/controllers\\/TemplatesController.php\",\"line\":68,\"class\":\"Craft\\\\BaseController\",\"method\":\"renderTemplate\",\"args\":\"\\\"members\\/_entry\\\", array(\\\"entry\\\" => Craft\\\\EntryModel)\"},{\"objectClass\":\"Craft\\\\TemplatesController\",\"file\":null,\"line\":null,\"class\":\"Craft\\\\TemplatesController\",\"method\":\"actionRender\",\"args\":\"\\\"members\\/_entry\\\", array(\\\"entry\\\" => Craft\\\\EntryModel)\"},{\"objectClass\":\"ReflectionMethod\",\"file\":\"\\/Users\\/garethjohns\\/Documents\\/Development\\/classof2018.vice.com\\/craft\\/app\\/framework\\/web\\/actions\\/CAction.php\",\"line\":109,\"class\":\"ReflectionMethod\",\"method\":\"invokeArgs\",\"args\":\"Craft\\\\TemplatesController, array(\\\"members\\/_entry\\\", array(\\\"entry\\\" => Craft\\\\EntryModel))\"},{\"objectClass\":\"CInlineAction\",\"file\":\"\\/Users\\/garethjohns\\/Documents\\/Development\\/classof2018.vice.com\\/craft\\/app\\/framework\\/web\\/actions\\/CInlineAction.php\",\"line\":47,\"class\":\"CAction\",\"method\":\"runWithParamsInternal\",\"args\":\"Craft\\\\TemplatesController, ReflectionMethod, array(\\\"variables\\\" => array(\\\"entry\\\" => Craft\\\\EntryModel), \\\"template\\\" => \\\"members\\/_entry\\\")\"},{\"objectClass\":\"CInlineAction\",\"file\":\"\\/Users\\/garethjohns\\/Documents\\/Development\\/classof2018.vice.com\\/craft\\/app\\/framework\\/web\\/CController.php\",\"line\":308,\"class\":\"CInlineAction\",\"method\":\"runWithParams\",\"args\":\"array(\\\"variables\\\" => array(\\\"entry\\\" => Craft\\\\EntryModel), \\\"template\\\" => \\\"members\\/_entry\\\")\"},{\"objectClass\":\"Craft\\\\TemplatesController\",\"file\":\"\\/Users\\/garethjohns\\/Documents\\/Development\\/classof2018.vice.com\\/craft\\/app\\/framework\\/web\\/CController.php\",\"line\":286,\"class\":\"CController\",\"method\":\"runAction\",\"args\":\"CInlineAction\"},{\"objectClass\":\"Craft\\\\TemplatesController\",\"file\":\"\\/Users\\/garethjohns\\/Documents\\/Development\\/classof2018.vice.com\\/craft\\/app\\/framework\\/web\\/CController.php\",\"line\":265,\"class\":\"CController\",\"method\":\"runActionWithFilters\",\"args\":\"CInlineAction, array()\"},{\"objectClass\":\"Craft\\\\TemplatesController\",\"file\":\"\\/Users\\/garethjohns\\/Documents\\/Development\\/classof2018.vice.com\\/craft\\/app\\/framework\\/web\\/CWebApplication.php\",\"line\":282,\"class\":\"CController\",\"method\":\"run\",\"args\":\"\\\"render\\\"\"},{\"objectClass\":\"Craft\\\\WebApp\",\"file\":\"\\/Users\\/garethjohns\\/Documents\\/Development\\/classof2018.vice.com\\/craft\\/app\\/framework\\/web\\/CWebApplication.php\",\"line\":141,\"class\":\"CWebApplication\",\"method\":\"runController\",\"args\":\"\\\"templates\\/render\\\"\"},{\"objectClass\":\"Craft\\\\WebApp\",\"file\":\"\\/Users\\/garethjohns\\/Documents\\/Development\\/classof2018.vice.com\\/craft\\/app\\/etc\\/web\\/WebApp.php\",\"line\":290,\"class\":\"CWebApplication\",\"method\":\"processRequest\",\"args\":null},{\"objectClass\":\"Craft\\\\WebApp\",\"file\":\"\\/Users\\/garethjohns\\/Documents\\/Development\\/classof2018.vice.com\\/craft\\/app\\/framework\\/base\\/CApplication.php\",\"line\":185,\"class\":\"Craft\\\\WebApp\",\"method\":\"processRequest\",\"args\":null},{\"objectClass\":\"Craft\\\\WebApp\",\"file\":\"\\/Users\\/garethjohns\\/Documents\\/Development\\/classof2018.vice.com\\/craft\\/app\\/index.php\",\"line\":62,\"class\":\"CApplication\",\"method\":\"run\",\"args\":null},{\"objectClass\":null,\"file\":\"\\/Users\\/garethjohns\\/Documents\\/Development\\/classof2018.vice.com\\/public\\/index.php\",\"line\":19,\"class\":null,\"method\":\"require_once\",\"args\":\"\\\"\\/Users\\/garethjohns\\/Documents\\/Development\\/classof2018.vice.com\\/cr...\\\"\"}]', '2017-12-11 00:00:46', '2017-12-11 00:00:46', 'c998e44a-3516-43fc-8f5c-535dea132657'),
 ('2', 'element_old_relation_params', '/Users/garethjohns/Documents/Development/classof2018.vice.com/craft/templates/members/_entry.html:24', '2017-12-11 00:00:46', '/Users/garethjohns/Documents/Development/classof2018.vice.com/craft/app/services/ElementsService.php', '823', 'Craft\\ElementsService', 'buildElementsQuery', '/Users/garethjohns/Documents/Development/classof2018.vice.com/craft/templates/members/_entry.html', '24', 'The ‘childOf’, ‘childField’, ‘parentOf’, and ‘parentField’ element params have been deprecated. Use ‘relatedTo’ instead.', '[{\"objectClass\":\"Craft\\\\DeprecatorService\",\"file\":\"\\/Users\\/garethjohns\\/Documents\\/Development\\/classof2018.vice.com\\/craft\\/app\\/services\\/ElementsService.php\",\"line\":823,\"class\":\"Craft\\\\DeprecatorService\",\"method\":\"log\",\"args\":\"\\\"element_old_relation_params\\\", \\\"The \\u2018childOf\\u2019, \\u2018childField\\u2019, \\u2018parentOf\\u2019, and \\u2018pare...\\\"\"},{\"objectClass\":\"Craft\\\\ElementsService\",\"file\":\"\\/Users\\/garethjohns\\/Documents\\/Development\\/classof2018.vice.com\\/craft\\/app\\/services\\/ElementsService.php\",\"line\":540,\"class\":\"Craft\\\\ElementsService\",\"method\":\"buildElementsQuery\",\"args\":\"Craft\\\\ElementCriteriaModel, \\\"content\\\", array(array(\\\"handle\\\" => \\\"body\\\", \\\"column\\\" => \\\"field_body\\\")), true\"},{\"objectClass\":\"Craft\\\\ElementsService\",\"file\":\"\\/Users\\/garethjohns\\/Documents\\/Development\\/classof2018.vice.com\\/craft\\/app\\/models\\/ElementCriteriaModel.php\",\"line\":385,\"class\":\"Craft\\\\ElementsService\",\"method\":\"getTotalElements\",\"args\":\"Craft\\\\ElementCriteriaModel\"},{\"objectClass\":\"Craft\\\\ElementCriteriaModel\",\"file\":\"\\/Users\\/garethjohns\\/Documents\\/Development\\/classof2018.vice.com\\/craft\\/app\\/vendor\\/twig\\/twig\\/lib\\/Twig\\/Template.php\",\"line\":686,\"class\":\"Craft\\\\ElementCriteriaModel\",\"method\":\"total\",\"args\":null},{\"objectClass\":\"__TwigTemplate_508b4b96681a1c99866eecb8a3e71b391971bb2d61f40020ffdf83488fe47a16\",\"file\":\"\\/Users\\/garethjohns\\/Documents\\/Development\\/classof2018.vice.com\\/craft\\/app\\/etc\\/templating\\/BaseTemplate.php\",\"line\":64,\"class\":\"Twig_Template\",\"method\":\"getAttribute\",\"args\":\"Craft\\\\ElementCriteriaModel, \\\"total\\\", array(), \\\"method\\\"\"},{\"objectClass\":\"__TwigTemplate_508b4b96681a1c99866eecb8a3e71b391971bb2d61f40020ffdf83488fe47a16\",\"file\":\"\\/Users\\/garethjohns\\/Documents\\/Development\\/classof2018.vice.com\\/craft\\/storage\\/runtime\\/compiled_templates\\/50\\/50b973c579190762ffd8fba22e9ff0d52c7bce795540488d3bb4d9086d71fbaa.php\",\"line\":44,\"class\":\"Craft\\\\BaseTemplate\",\"method\":\"getAttribute\",\"args\":\"Craft\\\\ElementCriteriaModel, \\\"total\\\", array(), \\\"method\\\"\",\"template\":\"members\\/_entry\",\"templateLine\":24},{\"objectClass\":\"__TwigTemplate_508b4b96681a1c99866eecb8a3e71b391971bb2d61f40020ffdf83488fe47a16\",\"file\":\"\\/Users\\/garethjohns\\/Documents\\/Development\\/classof2018.vice.com\\/craft\\/app\\/vendor\\/twig\\/twig\\/lib\\/Twig\\/Template.php\",\"line\":215,\"class\":\"__TwigTemplate_508b4b96681a1c99866eecb8a3e71b391971bb2d61f40020ffdf83488fe47a16\",\"method\":\"block_main\",\"args\":\"array(\\\"entry\\\" => Craft\\\\EntryModel, \\\"user\\\" => null, \\\"currentUser\\\" => null, \\\"craft\\\" => Craft\\\\CraftVariable), array(\\\"head\\\" => array(__TwigTemplate_4afadf2659bd1f66e8a43b11d976aa31cbaba906ced1f21aeb4ab2409854b99b, \\\"block_head\\\"), \\\"body\\\" => array(__TwigTemplate_e546d09893a5c89f196aeee8a6ed51d8957b9682d65d5eda02a74bd79ea77f85, \\\"block_body\\\"), \\\"foot\\\" => array(__TwigTemplate_4afadf2659bd1f66e8a43b11d976aa31cbaba906ced1f21aeb4ab2409854b99b, \\\"block_foot\\\"), \\\"main\\\" => array(__TwigTemplate_508b4b96681a1c99866eecb8a3e71b391971bb2d61f40020ffdf83488fe47a16, \\\"block_main\\\"))\"},{\"objectClass\":\"__TwigTemplate_e546d09893a5c89f196aeee8a6ed51d8957b9682d65d5eda02a74bd79ea77f85\",\"file\":\"\\/Users\\/garethjohns\\/Documents\\/Development\\/classof2018.vice.com\\/craft\\/storage\\/runtime\\/compiled_templates\\/86\\/86b878d92a755c23c7e9146a6a502bbfd5e52c3f12ffe2c6fd17a4cff1ad5b2a.php\",\"line\":60,\"class\":\"Twig_Template\",\"method\":\"displayBlock\",\"args\":\"\\\"main\\\", array(\\\"entry\\\" => Craft\\\\EntryModel, \\\"user\\\" => null, \\\"currentUser\\\" => null, \\\"craft\\\" => Craft\\\\CraftVariable), array(\\\"head\\\" => array(__TwigTemplate_4afadf2659bd1f66e8a43b11d976aa31cbaba906ced1f21aeb4ab2409854b99b, \\\"block_head\\\"), \\\"body\\\" => array(__TwigTemplate_e546d09893a5c89f196aeee8a6ed51d8957b9682d65d5eda02a74bd79ea77f85, \\\"block_body\\\"), \\\"foot\\\" => array(__TwigTemplate_4afadf2659bd1f66e8a43b11d976aa31cbaba906ced1f21aeb4ab2409854b99b, \\\"block_foot\\\"), \\\"main\\\" => array(__TwigTemplate_508b4b96681a1c99866eecb8a3e71b391971bb2d61f40020ffdf83488fe47a16, \\\"block_main\\\"))\",\"template\":\"_layouts\\/site\",\"templateLine\":38},{\"objectClass\":\"__TwigTemplate_e546d09893a5c89f196aeee8a6ed51d8957b9682d65d5eda02a74bd79ea77f85\",\"file\":\"\\/Users\\/garethjohns\\/Documents\\/Development\\/classof2018.vice.com\\/craft\\/app\\/vendor\\/twig\\/twig\\/lib\\/Twig\\/Template.php\",\"line\":215,\"class\":\"__TwigTemplate_e546d09893a5c89f196aeee8a6ed51d8957b9682d65d5eda02a74bd79ea77f85\",\"method\":\"block_body\",\"args\":\"array(\\\"entry\\\" => Craft\\\\EntryModel, \\\"user\\\" => null, \\\"currentUser\\\" => null, \\\"craft\\\" => Craft\\\\CraftVariable), array(\\\"head\\\" => array(__TwigTemplate_4afadf2659bd1f66e8a43b11d976aa31cbaba906ced1f21aeb4ab2409854b99b, \\\"block_head\\\"), \\\"body\\\" => array(__TwigTemplate_e546d09893a5c89f196aeee8a6ed51d8957b9682d65d5eda02a74bd79ea77f85, \\\"block_body\\\"), \\\"foot\\\" => array(__TwigTemplate_4afadf2659bd1f66e8a43b11d976aa31cbaba906ced1f21aeb4ab2409854b99b, \\\"block_foot\\\"), \\\"main\\\" => array(__TwigTemplate_508b4b96681a1c99866eecb8a3e71b391971bb2d61f40020ffdf83488fe47a16, \\\"block_main\\\"))\"},{\"objectClass\":\"__TwigTemplate_4afadf2659bd1f66e8a43b11d976aa31cbaba906ced1f21aeb4ab2409854b99b\",\"file\":\"\\/Users\\/garethjohns\\/Documents\\/Development\\/classof2018.vice.com\\/craft\\/storage\\/runtime\\/compiled_templates\\/59\\/59c72f64e618927d78846ff1f4a3a76c252e65dc2d9b1d5a58e251cc137f9d1b.php\",\"line\":40,\"class\":\"Twig_Template\",\"method\":\"displayBlock\",\"args\":\"\\\"body\\\", array(\\\"entry\\\" => Craft\\\\EntryModel, \\\"user\\\" => null, \\\"currentUser\\\" => null, \\\"craft\\\" => Craft\\\\CraftVariable), array(\\\"head\\\" => array(__TwigTemplate_4afadf2659bd1f66e8a43b11d976aa31cbaba906ced1f21aeb4ab2409854b99b, \\\"block_head\\\"), \\\"body\\\" => array(__TwigTemplate_e546d09893a5c89f196aeee8a6ed51d8957b9682d65d5eda02a74bd79ea77f85, \\\"block_body\\\"), \\\"foot\\\" => array(__TwigTemplate_4afadf2659bd1f66e8a43b11d976aa31cbaba906ced1f21aeb4ab2409854b99b, \\\"block_foot\\\"), \\\"main\\\" => array(__TwigTemplate_508b4b96681a1c99866eecb8a3e71b391971bb2d61f40020ffdf83488fe47a16, \\\"block_main\\\"))\",\"template\":\"_layouts\\/base\",\"templateLine\":64},{\"objectClass\":\"__TwigTemplate_4afadf2659bd1f66e8a43b11d976aa31cbaba906ced1f21aeb4ab2409854b99b\",\"file\":\"\\/Users\\/garethjohns\\/Documents\\/Development\\/classof2018.vice.com\\/craft\\/app\\/vendor\\/twig\\/twig\\/lib\\/Twig\\/Template.php\",\"line\":432,\"class\":\"__TwigTemplate_4afadf2659bd1f66e8a43b11d976aa31cbaba906ced1f21aeb4ab2409854b99b\",\"method\":\"doDisplay\",\"args\":\"array(\\\"entry\\\" => Craft\\\\EntryModel, \\\"user\\\" => null, \\\"currentUser\\\" => null, \\\"craft\\\" => Craft\\\\CraftVariable), array(\\\"head\\\" => array(__TwigTemplate_4afadf2659bd1f66e8a43b11d976aa31cbaba906ced1f21aeb4ab2409854b99b, \\\"block_head\\\"), \\\"body\\\" => array(__TwigTemplate_e546d09893a5c89f196aeee8a6ed51d8957b9682d65d5eda02a74bd79ea77f85, \\\"block_body\\\"), \\\"foot\\\" => array(__TwigTemplate_4afadf2659bd1f66e8a43b11d976aa31cbaba906ced1f21aeb4ab2409854b99b, \\\"block_foot\\\"), \\\"main\\\" => array(__TwigTemplate_508b4b96681a1c99866eecb8a3e71b391971bb2d61f40020ffdf83488fe47a16, \\\"block_main\\\"))\"},{\"objectClass\":\"__TwigTemplate_4afadf2659bd1f66e8a43b11d976aa31cbaba906ced1f21aeb4ab2409854b99b\",\"file\":\"\\/Users\\/garethjohns\\/Documents\\/Development\\/classof2018.vice.com\\/craft\\/app\\/etc\\/templating\\/BaseTemplate.php\",\"line\":26,\"class\":\"Twig_Template\",\"method\":\"displayWithErrorHandling\",\"args\":\"array(\\\"entry\\\" => Craft\\\\EntryModel, \\\"user\\\" => null, \\\"currentUser\\\" => null, \\\"craft\\\" => Craft\\\\CraftVariable), array(\\\"head\\\" => array(__TwigTemplate_4afadf2659bd1f66e8a43b11d976aa31cbaba906ced1f21aeb4ab2409854b99b, \\\"block_head\\\"), \\\"body\\\" => array(__TwigTemplate_e546d09893a5c89f196aeee8a6ed51d8957b9682d65d5eda02a74bd79ea77f85, \\\"block_body\\\"), \\\"foot\\\" => array(__TwigTemplate_4afadf2659bd1f66e8a43b11d976aa31cbaba906ced1f21aeb4ab2409854b99b, \\\"block_foot\\\"), \\\"main\\\" => array(__TwigTemplate_508b4b96681a1c99866eecb8a3e71b391971bb2d61f40020ffdf83488fe47a16, \\\"block_main\\\"))\"},{\"objectClass\":\"__TwigTemplate_4afadf2659bd1f66e8a43b11d976aa31cbaba906ced1f21aeb4ab2409854b99b\",\"file\":\"\\/Users\\/garethjohns\\/Documents\\/Development\\/classof2018.vice.com\\/craft\\/app\\/vendor\\/twig\\/twig\\/lib\\/Twig\\/Template.php\",\"line\":403,\"class\":\"Craft\\\\BaseTemplate\",\"method\":\"displayWithErrorHandling\",\"args\":\"array(\\\"entry\\\" => Craft\\\\EntryModel, \\\"user\\\" => null, \\\"currentUser\\\" => null, \\\"craft\\\" => Craft\\\\CraftVariable), array(\\\"head\\\" => array(__TwigTemplate_4afadf2659bd1f66e8a43b11d976aa31cbaba906ced1f21aeb4ab2409854b99b, \\\"block_head\\\"), \\\"body\\\" => array(__TwigTemplate_e546d09893a5c89f196aeee8a6ed51d8957b9682d65d5eda02a74bd79ea77f85, \\\"block_body\\\"), \\\"foot\\\" => array(__TwigTemplate_4afadf2659bd1f66e8a43b11d976aa31cbaba906ced1f21aeb4ab2409854b99b, \\\"block_foot\\\"), \\\"main\\\" => array(__TwigTemplate_508b4b96681a1c99866eecb8a3e71b391971bb2d61f40020ffdf83488fe47a16, \\\"block_main\\\"))\"},{\"objectClass\":\"__TwigTemplate_4afadf2659bd1f66e8a43b11d976aa31cbaba906ced1f21aeb4ab2409854b99b\",\"file\":\"\\/Users\\/garethjohns\\/Documents\\/Development\\/classof2018.vice.com\\/craft\\/storage\\/runtime\\/compiled_templates\\/86\\/86b878d92a755c23c7e9146a6a502bbfd5e52c3f12ffe2c6fd17a4cff1ad5b2a.php\",\"line\":42,\"class\":\"Twig_Template\",\"method\":\"display\",\"args\":\"array(\\\"entry\\\" => Craft\\\\EntryModel, \\\"user\\\" => null, \\\"currentUser\\\" => null, \\\"craft\\\" => Craft\\\\CraftVariable), array(\\\"body\\\" => array(__TwigTemplate_e546d09893a5c89f196aeee8a6ed51d8957b9682d65d5eda02a74bd79ea77f85, \\\"block_body\\\"), \\\"main\\\" => array(__TwigTemplate_508b4b96681a1c99866eecb8a3e71b391971bb2d61f40020ffdf83488fe47a16, \\\"block_main\\\"))\",\"template\":\"_layouts\\/base\",\"templateLine\":65},{\"objectClass\":\"__TwigTemplate_e546d09893a5c89f196aeee8a6ed51d8957b9682d65d5eda02a74bd79ea77f85\",\"file\":\"\\/Users\\/garethjohns\\/Documents\\/Development\\/classof2018.vice.com\\/craft\\/app\\/vendor\\/twig\\/twig\\/lib\\/Twig\\/Template.php\",\"line\":432,\"class\":\"__TwigTemplate_e546d09893a5c89f196aeee8a6ed51d8957b9682d65d5eda02a74bd79ea77f85\",\"method\":\"doDisplay\",\"args\":\"array(\\\"entry\\\" => Craft\\\\EntryModel, \\\"user\\\" => null, \\\"currentUser\\\" => null, \\\"craft\\\" => Craft\\\\CraftVariable), array(\\\"body\\\" => array(__TwigTemplate_e546d09893a5c89f196aeee8a6ed51d8957b9682d65d5eda02a74bd79ea77f85, \\\"block_body\\\"), \\\"main\\\" => array(__TwigTemplate_508b4b96681a1c99866eecb8a3e71b391971bb2d61f40020ffdf83488fe47a16, \\\"block_main\\\"))\"},{\"objectClass\":\"__TwigTemplate_e546d09893a5c89f196aeee8a6ed51d8957b9682d65d5eda02a74bd79ea77f85\",\"file\":\"\\/Users\\/garethjohns\\/Documents\\/Development\\/classof2018.vice.com\\/craft\\/app\\/etc\\/templating\\/BaseTemplate.php\",\"line\":26,\"class\":\"Twig_Template\",\"method\":\"displayWithErrorHandling\",\"args\":\"array(\\\"entry\\\" => Craft\\\\EntryModel, \\\"user\\\" => null, \\\"currentUser\\\" => null, \\\"craft\\\" => Craft\\\\CraftVariable), array(\\\"body\\\" => array(__TwigTemplate_e546d09893a5c89f196aeee8a6ed51d8957b9682d65d5eda02a74bd79ea77f85, \\\"block_body\\\"), \\\"main\\\" => array(__TwigTemplate_508b4b96681a1c99866eecb8a3e71b391971bb2d61f40020ffdf83488fe47a16, \\\"block_main\\\"))\"},{\"objectClass\":\"__TwigTemplate_e546d09893a5c89f196aeee8a6ed51d8957b9682d65d5eda02a74bd79ea77f85\",\"file\":\"\\/Users\\/garethjohns\\/Documents\\/Development\\/classof2018.vice.com\\/craft\\/app\\/vendor\\/twig\\/twig\\/lib\\/Twig\\/Template.php\",\"line\":403,\"class\":\"Craft\\\\BaseTemplate\",\"method\":\"displayWithErrorHandling\",\"args\":\"array(\\\"entry\\\" => Craft\\\\EntryModel, \\\"user\\\" => null, \\\"currentUser\\\" => null, \\\"craft\\\" => Craft\\\\CraftVariable), array(\\\"body\\\" => array(__TwigTemplate_e546d09893a5c89f196aeee8a6ed51d8957b9682d65d5eda02a74bd79ea77f85, \\\"block_body\\\"), \\\"main\\\" => array(__TwigTemplate_508b4b96681a1c99866eecb8a3e71b391971bb2d61f40020ffdf83488fe47a16, \\\"block_main\\\"))\"},{\"objectClass\":\"__TwigTemplate_e546d09893a5c89f196aeee8a6ed51d8957b9682d65d5eda02a74bd79ea77f85\",\"file\":\"\\/Users\\/garethjohns\\/Documents\\/Development\\/classof2018.vice.com\\/craft\\/storage\\/runtime\\/compiled_templates\\/50\\/50b973c579190762ffd8fba22e9ff0d52c7bce795540488d3bb4d9086d71fbaa.php\",\"line\":27,\"class\":\"Twig_Template\",\"method\":\"display\",\"args\":\"array(\\\"entry\\\" => Craft\\\\EntryModel, \\\"user\\\" => null, \\\"currentUser\\\" => null, \\\"craft\\\" => Craft\\\\CraftVariable), array(\\\"main\\\" => array(__TwigTemplate_508b4b96681a1c99866eecb8a3e71b391971bb2d61f40020ffdf83488fe47a16, \\\"block_main\\\"))\",\"template\":\"_layouts\\/site\",\"templateLine\":21},{\"objectClass\":\"__TwigTemplate_508b4b96681a1c99866eecb8a3e71b391971bb2d61f40020ffdf83488fe47a16\",\"file\":\"\\/Users\\/garethjohns\\/Documents\\/Development\\/classof2018.vice.com\\/craft\\/app\\/vendor\\/twig\\/twig\\/lib\\/Twig\\/Template.php\",\"line\":432,\"class\":\"__TwigTemplate_508b4b96681a1c99866eecb8a3e71b391971bb2d61f40020ffdf83488fe47a16\",\"method\":\"doDisplay\",\"args\":\"array(\\\"entry\\\" => Craft\\\\EntryModel, \\\"user\\\" => null, \\\"currentUser\\\" => null, \\\"craft\\\" => Craft\\\\CraftVariable), array(\\\"main\\\" => array(__TwigTemplate_508b4b96681a1c99866eecb8a3e71b391971bb2d61f40020ffdf83488fe47a16, \\\"block_main\\\"))\"},{\"objectClass\":\"__TwigTemplate_508b4b96681a1c99866eecb8a3e71b391971bb2d61f40020ffdf83488fe47a16\",\"file\":\"\\/Users\\/garethjohns\\/Documents\\/Development\\/classof2018.vice.com\\/craft\\/app\\/etc\\/templating\\/BaseTemplate.php\",\"line\":26,\"class\":\"Twig_Template\",\"method\":\"displayWithErrorHandling\",\"args\":\"array(\\\"entry\\\" => Craft\\\\EntryModel, \\\"user\\\" => null, \\\"currentUser\\\" => null, \\\"craft\\\" => Craft\\\\CraftVariable), array(\\\"main\\\" => array(__TwigTemplate_508b4b96681a1c99866eecb8a3e71b391971bb2d61f40020ffdf83488fe47a16, \\\"block_main\\\"))\"},{\"objectClass\":\"__TwigTemplate_508b4b96681a1c99866eecb8a3e71b391971bb2d61f40020ffdf83488fe47a16\",\"file\":\"\\/Users\\/garethjohns\\/Documents\\/Development\\/classof2018.vice.com\\/craft\\/app\\/vendor\\/twig\\/twig\\/lib\\/Twig\\/Template.php\",\"line\":403,\"class\":\"Craft\\\\BaseTemplate\",\"method\":\"displayWithErrorHandling\",\"args\":\"array(\\\"entry\\\" => Craft\\\\EntryModel, \\\"user\\\" => null, \\\"currentUser\\\" => null, \\\"craft\\\" => Craft\\\\CraftVariable), array(\\\"main\\\" => array(__TwigTemplate_508b4b96681a1c99866eecb8a3e71b391971bb2d61f40020ffdf83488fe47a16, \\\"block_main\\\"))\"},{\"objectClass\":\"__TwigTemplate_508b4b96681a1c99866eecb8a3e71b391971bb2d61f40020ffdf83488fe47a16\",\"file\":\"\\/Users\\/garethjohns\\/Documents\\/Development\\/classof2018.vice.com\\/craft\\/app\\/vendor\\/twig\\/twig\\/lib\\/Twig\\/Template.php\",\"line\":411,\"class\":\"Twig_Template\",\"method\":\"display\",\"args\":\"array(\\\"entry\\\" => Craft\\\\EntryModel)\"},{\"objectClass\":\"__TwigTemplate_508b4b96681a1c99866eecb8a3e71b391971bb2d61f40020ffdf83488fe47a16\",\"file\":\"\\/Users\\/garethjohns\\/Documents\\/Development\\/classof2018.vice.com\\/craft\\/app\\/vendor\\/twig\\/twig\\/lib\\/Twig\\/Environment.php\",\"line\":362,\"class\":\"Twig_Template\",\"method\":\"render\",\"args\":\"array(\\\"entry\\\" => Craft\\\\EntryModel)\"},{\"objectClass\":\"Craft\\\\TwigEnvironment\",\"file\":\"\\/Users\\/garethjohns\\/Documents\\/Development\\/classof2018.vice.com\\/craft\\/app\\/services\\/TemplatesService.php\",\"line\":256,\"class\":\"Twig_Environment\",\"method\":\"render\",\"args\":\"\\\"members\\/_entry\\\", array(\\\"entry\\\" => Craft\\\\EntryModel)\"},{\"objectClass\":\"Craft\\\\TemplatesService\",\"file\":\"\\/Users\\/garethjohns\\/Documents\\/Development\\/classof2018.vice.com\\/craft\\/app\\/controllers\\/BaseController.php\",\"line\":74,\"class\":\"Craft\\\\TemplatesService\",\"method\":\"render\",\"args\":\"\\\"members\\/_entry\\\", array(\\\"entry\\\" => Craft\\\\EntryModel)\"},{\"objectClass\":\"Craft\\\\TemplatesController\",\"file\":\"\\/Users\\/garethjohns\\/Documents\\/Development\\/classof2018.vice.com\\/craft\\/app\\/controllers\\/TemplatesController.php\",\"line\":68,\"class\":\"Craft\\\\BaseController\",\"method\":\"renderTemplate\",\"args\":\"\\\"members\\/_entry\\\", array(\\\"entry\\\" => Craft\\\\EntryModel)\"},{\"objectClass\":\"Craft\\\\TemplatesController\",\"file\":null,\"line\":null,\"class\":\"Craft\\\\TemplatesController\",\"method\":\"actionRender\",\"args\":\"\\\"members\\/_entry\\\", array(\\\"entry\\\" => Craft\\\\EntryModel)\"},{\"objectClass\":\"ReflectionMethod\",\"file\":\"\\/Users\\/garethjohns\\/Documents\\/Development\\/classof2018.vice.com\\/craft\\/app\\/framework\\/web\\/actions\\/CAction.php\",\"line\":109,\"class\":\"ReflectionMethod\",\"method\":\"invokeArgs\",\"args\":\"Craft\\\\TemplatesController, array(\\\"members\\/_entry\\\", array(\\\"entry\\\" => Craft\\\\EntryModel))\"},{\"objectClass\":\"CInlineAction\",\"file\":\"\\/Users\\/garethjohns\\/Documents\\/Development\\/classof2018.vice.com\\/craft\\/app\\/framework\\/web\\/actions\\/CInlineAction.php\",\"line\":47,\"class\":\"CAction\",\"method\":\"runWithParamsInternal\",\"args\":\"Craft\\\\TemplatesController, ReflectionMethod, array(\\\"variables\\\" => array(\\\"entry\\\" => Craft\\\\EntryModel), \\\"template\\\" => \\\"members\\/_entry\\\")\"},{\"objectClass\":\"CInlineAction\",\"file\":\"\\/Users\\/garethjohns\\/Documents\\/Development\\/classof2018.vice.com\\/craft\\/app\\/framework\\/web\\/CController.php\",\"line\":308,\"class\":\"CInlineAction\",\"method\":\"runWithParams\",\"args\":\"array(\\\"variables\\\" => array(\\\"entry\\\" => Craft\\\\EntryModel), \\\"template\\\" => \\\"members\\/_entry\\\")\"},{\"objectClass\":\"Craft\\\\TemplatesController\",\"file\":\"\\/Users\\/garethjohns\\/Documents\\/Development\\/classof2018.vice.com\\/craft\\/app\\/framework\\/web\\/CController.php\",\"line\":286,\"class\":\"CController\",\"method\":\"runAction\",\"args\":\"CInlineAction\"},{\"objectClass\":\"Craft\\\\TemplatesController\",\"file\":\"\\/Users\\/garethjohns\\/Documents\\/Development\\/classof2018.vice.com\\/craft\\/app\\/framework\\/web\\/CController.php\",\"line\":265,\"class\":\"CController\",\"method\":\"runActionWithFilters\",\"args\":\"CInlineAction, array()\"},{\"objectClass\":\"Craft\\\\TemplatesController\",\"file\":\"\\/Users\\/garethjohns\\/Documents\\/Development\\/classof2018.vice.com\\/craft\\/app\\/framework\\/web\\/CWebApplication.php\",\"line\":282,\"class\":\"CController\",\"method\":\"run\",\"args\":\"\\\"render\\\"\"},{\"objectClass\":\"Craft\\\\WebApp\",\"file\":\"\\/Users\\/garethjohns\\/Documents\\/Development\\/classof2018.vice.com\\/craft\\/app\\/framework\\/web\\/CWebApplication.php\",\"line\":141,\"class\":\"CWebApplication\",\"method\":\"runController\",\"args\":\"\\\"templates\\/render\\\"\"},{\"objectClass\":\"Craft\\\\WebApp\",\"file\":\"\\/Users\\/garethjohns\\/Documents\\/Development\\/classof2018.vice.com\\/craft\\/app\\/etc\\/web\\/WebApp.php\",\"line\":290,\"class\":\"CWebApplication\",\"method\":\"processRequest\",\"args\":null},{\"objectClass\":\"Craft\\\\WebApp\",\"file\":\"\\/Users\\/garethjohns\\/Documents\\/Development\\/classof2018.vice.com\\/craft\\/app\\/framework\\/base\\/CApplication.php\",\"line\":185,\"class\":\"Craft\\\\WebApp\",\"method\":\"processRequest\",\"args\":null},{\"objectClass\":\"Craft\\\\WebApp\",\"file\":\"\\/Users\\/garethjohns\\/Documents\\/Development\\/classof2018.vice.com\\/craft\\/app\\/index.php\",\"line\":62,\"class\":\"CApplication\",\"method\":\"run\",\"args\":null},{\"objectClass\":null,\"file\":\"\\/Users\\/garethjohns\\/Documents\\/Development\\/classof2018.vice.com\\/public\\/index.php\",\"line\":19,\"class\":null,\"method\":\"require_once\",\"args\":\"\\\"\\/Users\\/garethjohns\\/Documents\\/Development\\/classof2018.vice.com\\/cr...\\\"\"}]', '2017-12-11 00:00:46', '2017-12-11 00:00:46', '677f4d9b-4c04-4dc9-98ba-146559a4da8c');



DROP TABLE IF EXISTS `craft_elementindexsettings`;


--
-- Schema for table `craft_elementindexsettings`
--
CREATE TABLE `craft_elementindexsettings` (
  `id` int(11) NOT NULL AUTO_INCREMENT,
  `type` varchar(150) COLLATE utf8_unicode_ci NOT NULL,
  `settings` text COLLATE utf8_unicode_ci,
  `dateCreated` datetime NOT NULL,
  `dateUpdated` datetime NOT NULL,
  `uid` char(36) COLLATE utf8_unicode_ci NOT NULL DEFAULT '0',
  PRIMARY KEY (`id`),
  UNIQUE KEY `craft_elementindexsettings_type_unq_idx` (`type`)
) ENGINE=InnoDB AUTO_INCREMENT=4 DEFAULT CHARSET=utf8 COLLATE=utf8_unicode_ci;

--
-- Data for table `craft_elementindexsettings`
--

INSERT INTO `craft_elementindexsettings` (`id`, `type`, `settings`, `dateCreated`, `dateUpdated`, `uid`) VALUES
 ('1', 'Entry', '{\"sources\":{\"section:3\":{\"tableAttributes\":{\"1\":\"link\",\"2\":\"field:5\"}}}}', '2017-12-13 16:30:38', '2017-12-13 16:44:45', '5bb59550-d3ea-4c40-b22b-e38443bc798a');



DROP TABLE IF EXISTS `craft_elements`;


--
-- Schema for table `craft_elements`
--
CREATE TABLE `craft_elements` (
  `id` int(11) NOT NULL AUTO_INCREMENT,
  `type` varchar(150) COLLATE utf8_unicode_ci NOT NULL,
  `enabled` tinyint(1) unsigned NOT NULL DEFAULT '1',
  `archived` tinyint(1) unsigned NOT NULL DEFAULT '0',
  `dateCreated` datetime NOT NULL,
  `dateUpdated` datetime NOT NULL,
  `uid` char(36) COLLATE utf8_unicode_ci NOT NULL DEFAULT '0',
  PRIMARY KEY (`id`),
  KEY `craft_elements_type_idx` (`type`),
  KEY `craft_elements_enabled_idx` (`enabled`),
  KEY `craft_elements_archived_dateCreated_idx` (`archived`,`dateCreated`)
) ENGINE=InnoDB AUTO_INCREMENT=66 DEFAULT CHARSET=utf8 COLLATE=utf8_unicode_ci;

--
-- Data for table `craft_elements`
--

INSERT INTO `craft_elements` (`id`, `type`, `enabled`, `archived`, `dateCreated`, `dateUpdated`, `uid`) VALUES
 ('1', 'User', '1', '0', '2017-12-10 22:25:16', '2017-12-10 22:25:16', 'b79752ba-8eff-4c94-a8da-0568b4499a8e'),
 ('2', 'Entry', '1', '0', '2017-12-10 22:25:19', '2017-12-12 15:45:07', 'caf05720-bb1e-4e32-bb41-91e32de33188'),
 ('4', 'Asset', '1', '0', '2017-12-10 22:29:48', '2017-12-10 22:45:16', 'c30fa4b1-fc76-44a3-920e-dc7a6a08d7bf'),
 ('5', 'Asset', '1', '0', '2017-12-10 22:29:56', '2017-12-10 22:45:15', 'd33933ec-c934-4fdb-afc6-76314a1506fc'),
 ('6', 'Category', '1', '0', '2017-12-10 22:30:52', '2017-12-12 18:30:49', 'a76c5bc8-9dff-4424-a005-326e67666839'),
 ('7', 'Category', '1', '0', '2017-12-10 22:30:58', '2017-12-12 18:31:05', '29813b5d-cd1d-4e78-ae17-1265727f5e5a'),
 ('8', 'Category', '1', '0', '2017-12-10 22:31:04', '2017-12-12 18:31:12', '48ef6bf7-1640-46ee-9ff4-946c2363bd80'),
 ('9', 'Category', '1', '0', '2017-12-10 22:31:19', '2017-12-12 18:31:26', '1d6ff8b7-a84d-49d9-9c3b-adc6ec60d413'),
 ('10', 'Category', '1', '0', '2017-12-10 22:31:29', '2017-12-12 18:31:37', 'c8c22d00-705b-4e23-b31b-7984ee4c8d4e'),
 ('12', 'Asset', '1', '0', '2017-12-10 22:46:02', '2017-12-10 22:46:02', '648ebbfc-5813-4f03-b7ed-04b1a0da71e3'),
 ('13', 'Asset', '1', '0', '2017-12-10 22:46:03', '2017-12-10 22:46:03', 'e2de60ee-35c6-4870-8450-03d7df009a6c'),
 ('14', 'Asset', '1', '0', '2017-12-10 22:46:03', '2017-12-10 22:46:03', '361815e3-2f01-4736-a545-a817470e3245'),
 ('15', 'Asset', '1', '0', '2017-12-10 22:46:03', '2017-12-10 22:46:03', '83fd9057-6292-45a2-931b-ba744e775c31'),
 ('16', 'Entry', '1', '0', '2017-12-10 23:06:35', '2017-12-13 17:25:00', '6abaff2b-096c-4276-8502-511cfdebe5cb'),
 ('17', 'Entry', '1', '0', '2017-12-10 23:11:02', '2017-12-13 17:53:16', 'eb8a77dc-7f1f-485d-8de0-a2d1a11938dc'),
 ('18', 'Asset', '1', '0', '2017-12-10 23:20:19', '2017-12-10 23:20:19', '80adec88-2fce-4cb1-aadc-16de25ebceea'),
 ('19', 'Entry', '1', '0', '2017-12-10 23:25:16', '2017-12-13 17:25:09', 'c60f06ca-18ab-4a33-b00d-4efe66a9b5e4'),
 ('20', 'Entry', '1', '0', '2017-12-10 23:25:38', '2017-12-13 17:24:42', '5e57a79c-2b61-46dd-b1c1-e176fadc0afd'),
 ('21', 'Entry', '1', '0', '2017-12-10 23:26:01', '2017-12-13 17:25:24', 'f0f2a82c-6f6a-4107-950c-f9fa4d2d80bb'),
 ('22', 'Entry', '1', '0', '2017-12-10 23:26:26', '2017-12-13 17:25:35', '1c88d082-25fe-4bf8-8063-3115294455bd'),
 ('23', 'Entry', '1', '0', '2017-12-10 23:26:43', '2017-12-13 17:25:45', 'e9f4fd0f-298d-426d-8a93-0a4f13c8fb0e'),
 ('24', 'Asset', '1', '0', '2017-12-12 17:40:21', '2017-12-12 17:40:21', 'b4f41369-3c75-4af3-aad5-397ef4cf243e'),
 ('28', 'Asset', '1', '0', '2017-12-13 17:24:08', '2017-12-13 17:24:08', 'ecd11637-150d-4bf0-a4ca-c094a7c2fc33'),
 ('29', 'Asset', '1', '0', '2017-12-13 17:24:09', '2017-12-13 17:24:09', 'a766eb62-3109-41ff-b7a6-c1cb36b31cc4'),
 ('30', 'Asset', '1', '0', '2017-12-13 17:24:09', '2017-12-13 17:24:09', 'd26bb15a-091f-4105-b73d-8b3cda194331'),
 ('31', 'Asset', '1', '0', '2017-12-13 17:24:09', '2017-12-13 17:24:09', '5cb68703-eeb4-446c-879a-25b2fd385b3a'),
 ('32', 'Asset', '1', '0', '2017-12-13 17:24:10', '2017-12-13 17:24:10', '0c6949a0-4666-40b8-bad7-a92e89be28c6'),
 ('33', 'Asset', '1', '0', '2017-12-13 17:24:10', '2017-12-13 17:24:10', 'a9bf6bc1-9700-4e6e-a253-8fa092b93284'),
 ('34', 'Asset', '1', '0', '2017-12-13 17:24:10', '2017-12-13 17:24:10', '2fe0ff93-cddf-46d4-8476-9d05897eb22b'),
 ('35', 'Asset', '1', '0', '2017-12-13 17:24:11', '2017-12-13 17:24:11', 'e337f002-8087-4404-b4e7-aa93b148dc24'),
 ('36', 'Asset', '1', '0', '2017-12-13 17:24:11', '2017-12-13 17:24:11', 'e08af906-ccf6-46bd-bce4-db3256a11f0f'),
 ('37', 'Asset', '1', '0', '2017-12-13 17:24:11', '2017-12-13 17:24:11', 'ef644519-114c-4de4-9e30-c2d911320653'),
 ('38', 'Asset', '1', '0', '2017-12-13 17:24:11', '2017-12-13 17:24:11', '61cde528-28ff-43c7-b759-ea56a6f47548'),
 ('39', 'Asset', '1', '0', '2017-12-13 17:24:12', '2017-12-13 17:24:12', '15d69948-ab09-42ae-86df-0bd2c54a6be1'),
 ('40', 'Asset', '1', '0', '2017-12-13 17:24:12', '2017-12-13 17:24:12', '71dd6999-aa2d-4f7e-a2e6-b93c9e968105'),
 ('41', 'Asset', '1', '0', '2017-12-13 17:24:12', '2017-12-13 17:24:12', '7a0b6964-0f3d-47ab-8551-d365efd29656'),
 ('42', 'Asset', '1', '0', '2017-12-13 17:24:13', '2017-12-13 17:24:13', 'cff7e272-3e7d-4584-a252-ef8ab27e580e'),
 ('43', 'Asset', '1', '0', '2017-12-13 17:24:13', '2017-12-13 17:24:13', '8a53fdd1-93e6-493b-9e1e-96117f10a807'),
 ('44', 'Asset', '1', '0', '2017-12-13 17:24:13', '2017-12-13 17:24:13', '83ef0848-9741-48dc-87ca-cc1b9cac75d6'),
 ('45', 'Asset', '1', '0', '2017-12-13 17:24:13', '2017-12-13 17:24:13', '45d9a06d-2376-4ed6-b92a-57beca1878c2'),
 ('46', 'Asset', '1', '0', '2017-12-13 17:24:14', '2017-12-13 17:24:14', '2950ffe4-e6e0-46ea-b155-369f973d4844'),
 ('47', 'Asset', '1', '0', '2017-12-13 17:24:14', '2017-12-13 17:24:14', 'b510ad68-c45e-4836-a0f4-cee5a48e59b7'),
 ('48', 'Asset', '1', '0', '2017-12-13 17:24:14', '2017-12-13 17:24:14', '8d4d3855-3079-4c05-9eb4-7187b96c2b1b'),
 ('49', 'Asset', '1', '0', '2017-12-13 17:24:15', '2017-12-13 17:24:15', 'e7c8d0bf-8d5f-4c4a-a1c3-49668b9b74bf'),
 ('50', 'Asset', '1', '0', '2017-12-13 17:24:15', '2017-12-13 17:24:15', '5ff4047c-95e7-45d2-af71-5d3b4eac719c'),
 ('51', 'Asset', '1', '0', '2017-12-13 17:24:15', '2017-12-13 17:24:15', 'd6343c94-a116-4670-8743-1217ddf553e0'),
 ('52', 'Asset', '1', '0', '2017-12-13 17:24:15', '2017-12-13 17:24:15', '40be6820-388a-4b8f-986a-a276079a8bb3'),
 ('53', 'Asset', '1', '0', '2017-12-13 17:24:16', '2017-12-13 17:24:16', 'e0199e70-b02e-495e-98ea-80e45a80950a'),
 ('54', 'Asset', '1', '0', '2017-12-13 17:24:16', '2017-12-13 17:24:16', '146e919f-bd10-4368-b62b-cbd7cdf1a077'),
 ('55', 'Asset', '1', '0', '2017-12-13 17:24:16', '2017-12-13 17:24:16', '95655ede-84ba-4618-9630-86167f01533f'),
 ('56', 'Asset', '1', '0', '2017-12-13 17:24:16', '2017-12-13 17:24:16', '450a4a91-14b4-4325-82c9-5ef7d42a5a94'),
 ('57', 'Asset', '1', '0', '2017-12-13 17:24:17', '2017-12-13 17:24:17', '51805dc7-efa9-4cd7-b6a9-45e310e7c3d5'),
 ('58', 'Asset', '1', '0', '2017-12-13 17:24:17', '2017-12-13 17:24:17', '72646b60-aa1e-4f4a-8dab-fbb1e5c8a814'),
 ('59', 'Entry', '1', '0', '2017-12-13 17:27:55', '2017-12-13 17:27:55', '83b16a3a-2b98-41da-958c-b3df5024911d'),
 ('60', 'Entry', '1', '0', '2017-12-13 17:28:57', '2017-12-13 17:28:57', 'bea3c9f7-c3ba-4bad-b4db-41046be6376e'),
 ('61', 'Entry', '1', '0', '2017-12-13 17:29:39', '2017-12-13 17:29:39', 'b08ba349-4e68-4300-8b66-b4b15d3eacf7'),
 ('62', 'Entry', '1', '0', '2017-12-13 17:30:44', '2017-12-13 17:31:07', '361d86f2-ffdd-4eee-a710-55f89dadafb5'),
 ('63', 'Entry', '1', '0', '2017-12-13 17:52:36', '2017-12-13 17:52:36', '0086443e-f74b-4e18-9cca-96e507170dfa'),
 ('64', 'Entry', '1', '0', '2017-12-13 17:56:39', '2017-12-13 17:58:01', '28e67366-4eff-44e7-bf0b-1cf12640ca92'),
 ('65', 'Entry', '1', '0', '2017-12-13 17:57:21', '2017-12-13 17:58:15', '170062c3-21b1-48e9-93d4-affa54bb0dfd');



DROP TABLE IF EXISTS `craft_elements_i18n`;


--
-- Schema for table `craft_elements_i18n`
--
CREATE TABLE `craft_elements_i18n` (
  `id` int(11) NOT NULL AUTO_INCREMENT,
  `elementId` int(11) NOT NULL,
  `locale` char(12) COLLATE utf8_unicode_ci NOT NULL,
  `slug` varchar(255) COLLATE utf8_unicode_ci DEFAULT NULL,
  `uri` varchar(255) COLLATE utf8_unicode_ci DEFAULT NULL,
  `enabled` tinyint(1) unsigned NOT NULL DEFAULT '1',
  `dateCreated` datetime NOT NULL,
  `dateUpdated` datetime NOT NULL,
  `uid` char(36) COLLATE utf8_unicode_ci NOT NULL DEFAULT '0',
  PRIMARY KEY (`id`),
  UNIQUE KEY `craft_elements_i18n_elementId_locale_unq_idx` (`elementId`,`locale`),
  UNIQUE KEY `craft_elements_i18n_uri_locale_unq_idx` (`uri`,`locale`),
  KEY `craft_elements_i18n_slug_locale_idx` (`slug`,`locale`),
  KEY `craft_elements_i18n_enabled_idx` (`enabled`),
  KEY `craft_elements_i18n_locale_fk` (`locale`)
) ENGINE=InnoDB AUTO_INCREMENT=66 DEFAULT CHARSET=utf8 COLLATE=utf8_unicode_ci;

--
-- Data for table `craft_elements_i18n`
--

INSERT INTO `craft_elements_i18n` (`id`, `elementId`, `locale`, `slug`, `uri`, `enabled`, `dateCreated`, `dateUpdated`, `uid`) VALUES
 ('1', '1', 'en_gb', '', NULL, '1', '2017-12-10 22:25:16', '2017-12-10 22:25:16', 'd4c7fc64-4573-44d1-94e1-825cee37f282'),
 ('2', '2', 'en_gb', 'homepage', '__home__', '1', '2017-12-10 22:25:19', '2017-12-12 15:45:07', '57738fc0-5068-4027-8a08-64369dec707a'),
 ('4', '4', 'en_gb', 'index-hero-test', NULL, '1', '2017-12-10 22:29:48', '2017-12-10 22:45:16', '07627d7c-cede-4278-b25d-ea1e6f369bee'),
 ('5', '5', 'en_gb', 'creators-hero', NULL, '1', '2017-12-10 22:29:56', '2017-12-10 22:45:15', '17b8a1ff-1922-409d-b993-92a7c992f263'),
 ('6', '6', 'en_gb', 'munchies', 'class/munchies', '1', '2017-12-10 22:30:52', '2017-12-13 16:45:49', 'e9096ebf-63d8-4dbb-8288-38a280969a14'),
 ('7', '7', 'en_gb', 'noisey', 'class/noisey', '1', '2017-12-10 22:30:58', '2017-12-13 16:47:18', 'edd1186e-1518-4b06-b9bb-4debc08e071e'),
 ('8', '8', 'en_gb', 'thump', 'class/thump', '1', '2017-12-10 22:31:04', '2017-12-13 16:47:12', 'ca263fe6-d96b-4fa9-8ae9-dd3504d7ea60'),
 ('9', '9', 'en_gb', 'creators', 'class/creators', '1', '2017-12-10 22:31:20', '2017-12-12 18:31:26', '6b46b2cf-4b28-4a73-98ff-b821ad11a943'),
 ('10', '10', 'en_gb', 'i-d', 'class/i-d', '1', '2017-12-10 22:31:29', '2017-12-13 16:46:54', '5ae92ceb-04c5-49ba-a8dd-45d7aba94396'),
 ('12', '12', 'en_gb', 'i-d-hero', NULL, '1', '2017-12-10 22:46:02', '2017-12-10 22:46:02', 'a99b30a7-3fc0-4363-998c-3c3e88ffae46'),
 ('13', '13', 'en_gb', 'munchies-hero', NULL, '1', '2017-12-10 22:46:03', '2017-12-10 22:46:03', 'ecef56c1-4040-48f8-a43c-3de00e202dee'),
 ('14', '14', 'en_gb', 'noisey-hero', NULL, '1', '2017-12-10 22:46:03', '2017-12-10 22:46:03', 'aa2499c1-7d02-4ce5-8720-0cc2b0e6bd90'),
 ('15', '15', 'en_gb', 'thump-hero', NULL, '1', '2017-12-10 22:46:03', '2017-12-10 22:46:03', '4e935f00-f0c1-496c-b82b-04d0aea0d2c3'),
 ('16', '16', 'en_gb', 'gareth-johns', 'members/gareth-johns', '1', '2017-12-10 23:06:35', '2017-12-13 17:25:00', 'f2eda139-1117-4970-addd-1933e0b0ab41'),
 ('17', '17', 'en_gb', 'chloe-walshingam', 'members/chloe-walshingam', '1', '2017-12-10 23:11:02', '2017-12-13 17:53:16', 'a43a0e4f-2ca2-43f6-bf68-476957b2216a'),
 ('18', '18', 'en_gb', 'placeholder', NULL, '1', '2017-12-10 23:20:20', '2017-12-10 23:20:20', 'b5b8ab49-1705-49aa-9fdb-d8d45a3cd264'),
 ('19', '19', 'en_gb', 'olivia-smaghe', 'members/olivia-smaghe', '1', '2017-12-10 23:25:16', '2017-12-13 17:25:09', '278a0cc6-374a-4ca0-bffb-f6b3d8543f3c'),
 ('20', '20', 'en_gb', 'felix-papalardi', 'members/felix-papalardi', '1', '2017-12-10 23:25:38', '2017-12-13 17:24:42', 'efe297e2-a7ba-4906-8492-01ef1e38244b'),
 ('21', '21', 'en_gb', 'jenna-clapton', 'members/jenna-clapton', '1', '2017-12-10 23:26:01', '2017-12-13 17:25:24', 'f77faa34-3556-4a48-8d86-4cc9d2a84c79'),
 ('22', '22', 'en_gb', 'jaykee-the-magician', 'members/jaykee-the-magician', '1', '2017-12-10 23:26:26', '2017-12-13 17:25:35', '64fc2e30-3af3-45f3-bd47-25784856ff62'),
 ('23', '23', 'en_gb', 'micheal-vonck', 'members/micheal-vonck', '1', '2017-12-10 23:26:43', '2017-12-13 17:25:45', '518e8d02-0a66-40de-a7dc-d9d7546b5e20'),
 ('24', '24', 'en_gb', 'noisey-hero-landscape', NULL, '1', '2017-12-12 17:40:22', '2017-12-12 17:40:22', 'e60f16b8-cd40-4405-82f8-f33cd3fd787e'),
 ('28', '28', 'en_gb', 'test-member-001', NULL, '1', '2017-12-13 17:24:09', '2017-12-13 17:24:09', '81cd0816-1bbe-4920-baa1-c487bada1b34'),
 ('29', '29', 'en_gb', 'test-member-002', NULL, '1', '2017-12-13 17:24:09', '2017-12-13 17:24:09', '3074c497-9246-4818-8dfd-588a0dd8e631'),
 ('30', '30', 'en_gb', 'test-member-003', NULL, '1', '2017-12-13 17:24:09', '2017-12-13 17:24:09', '26635861-4269-4076-a247-f7f7cfb95b4c'),
 ('31', '31', 'en_gb', 'test-member-004', NULL, '1', '2017-12-13 17:24:09', '2017-12-13 17:24:09', 'aec6537e-202a-4f14-ace2-abfe6794753b'),
 ('32', '32', 'en_gb', 'test-member-005', NULL, '1', '2017-12-13 17:24:10', '2017-12-13 17:24:10', 'f1a264b9-e3d7-480a-b626-ab66bc65d4ac'),
 ('33', '33', 'en_gb', 'test-member-006', NULL, '1', '2017-12-13 17:24:10', '2017-12-13 17:24:10', 'fe74f8ca-01cd-4d81-9728-16b68c493cc4'),
 ('34', '34', 'en_gb', 'test-member-007', NULL, '1', '2017-12-13 17:24:10', '2017-12-13 17:24:10', '03ab977c-d69d-4be7-997b-80dc933ba9d2'),
 ('35', '35', 'en_gb', 'test-member-008', NULL, '1', '2017-12-13 17:24:11', '2017-12-13 17:24:11', '21986399-f011-410b-88f9-4bdbc24442d4'),
 ('36', '36', 'en_gb', 'test-member-009', NULL, '1', '2017-12-13 17:24:11', '2017-12-13 17:24:11', '22db0af7-769e-46a4-ba04-54c948b286c5'),
 ('37', '37', 'en_gb', 'test-member-010', NULL, '1', '2017-12-13 17:24:11', '2017-12-13 17:24:11', '111d3425-94d6-43c2-8652-1f664529f952'),
 ('38', '38', 'en_gb', 'test-member-011', NULL, '1', '2017-12-13 17:24:11', '2017-12-13 17:24:11', 'a1ad1abe-946d-4ada-9306-525907eb89eb'),
 ('39', '39', 'en_gb', 'test-member-012', NULL, '1', '2017-12-13 17:24:12', '2017-12-13 17:24:12', '5fce1f51-85ff-444b-8fd5-a331bd651a95'),
 ('40', '40', 'en_gb', 'test-member-013', NULL, '1', '2017-12-13 17:24:12', '2017-12-13 17:24:12', 'a88824f3-1da8-45af-a563-6c60187d7d8e'),
 ('41', '41', 'en_gb', 'test-member-014', NULL, '1', '2017-12-13 17:24:12', '2017-12-13 17:24:12', '7e5adcdd-034c-4909-be76-493312414941'),
 ('42', '42', 'en_gb', 'test-member-015', NULL, '1', '2017-12-13 17:24:13', '2017-12-13 17:24:13', '1452d2b5-5a70-418a-b65f-392bc17ca13d'),
 ('43', '43', 'en_gb', 'test-member-016', NULL, '1', '2017-12-13 17:24:13', '2017-12-13 17:24:13', '84d76291-e46d-4d39-8347-8ad1b50c5d08'),
 ('44', '44', 'en_gb', 'test-member-017', NULL, '1', '2017-12-13 17:24:13', '2017-12-13 17:24:13', 'd27fd562-f300-4fa9-9e9b-882e434b2f97'),
 ('45', '45', 'en_gb', 'test-member-018', NULL, '1', '2017-12-13 17:24:13', '2017-12-13 17:24:13', '932d784b-c397-4e96-8180-e4851cd8b58a'),
 ('46', '46', 'en_gb', 'test-member-019', NULL, '1', '2017-12-13 17:24:14', '2017-12-13 17:24:14', '71a848d4-3682-4d51-8abf-a4cc4030fb49'),
 ('47', '47', 'en_gb', 'test-member-020', NULL, '1', '2017-12-13 17:24:14', '2017-12-13 17:24:14', '63cb73c7-d3e7-455c-8c37-5d77c21599b5'),
 ('48', '48', 'en_gb', 'test-member-021', NULL, '1', '2017-12-13 17:24:14', '2017-12-13 17:24:14', 'f000c193-d0a4-40f0-9d8e-3f655ff7ca43'),
 ('49', '49', 'en_gb', 'test-member-022', NULL, '1', '2017-12-13 17:24:15', '2017-12-13 17:24:15', 'b880b8fb-dfe0-455e-98c7-14c47f2b2123'),
 ('50', '50', 'en_gb', 'test-member-023', NULL, '1', '2017-12-13 17:24:15', '2017-12-13 17:24:15', '8f724703-c9e7-4fac-9050-ac29c9376b5b'),
 ('51', '51', 'en_gb', 'test-member-024', NULL, '1', '2017-12-13 17:24:15', '2017-12-13 17:24:15', '9dbf6cf4-4f3d-424a-9e54-ac2ee6704206'),
 ('52', '52', 'en_gb', 'test-member-025', NULL, '1', '2017-12-13 17:24:15', '2017-12-13 17:24:15', '16bf6c18-c67d-4695-89fe-b3c50f180f74'),
 ('53', '53', 'en_gb', 'test-member-026', NULL, '1', '2017-12-13 17:24:16', '2017-12-13 17:24:16', '3a87b94c-66cb-452b-902b-0cdb6fa9de11'),
 ('54', '54', 'en_gb', 'test-member-027', NULL, '1', '2017-12-13 17:24:16', '2017-12-13 17:24:16', '47f7b666-667b-4799-80a0-1dd8aa303283'),
 ('55', '55', 'en_gb', 'test-member-028', NULL, '1', '2017-12-13 17:24:16', '2017-12-13 17:24:16', '52235655-2e7d-40b7-9ef9-ac8296dcf899'),
 ('56', '56', 'en_gb', 'test-member-029', NULL, '1', '2017-12-13 17:24:16', '2017-12-13 17:24:16', 'c0d82827-00ef-49cb-b894-951c51774566'),
 ('57', '57', 'en_gb', 'test-member-030', NULL, '1', '2017-12-13 17:24:17', '2017-12-13 17:24:17', '28951348-df6c-4cf9-b062-57004d04413a'),
 ('58', '58', 'en_gb', 'test-member-031', NULL, '1', '2017-12-13 17:24:17', '2017-12-13 17:24:17', 'b881662a-ab82-4405-88d6-5ef464cc8c8e'),
 ('59', '59', 'en_gb', 'joaquin-hoop', 'members/joaquin-hoop', '1', '2017-12-13 17:27:55', '2017-12-13 17:28:00', '196cebca-1965-4c0f-91a7-d7e761b7a77c'),
 ('60', '60', 'en_gb', 'jeraldine-mathers', 'members/jeraldine-mathers', '1', '2017-12-13 17:28:57', '2017-12-13 17:29:03', '147bf81f-78f1-4e53-82b0-51c2bd787795'),
 ('61', '61', 'en_gb', 'georgene-goodspeed', 'members/georgene-goodspeed', '1', '2017-12-13 17:29:39', '2017-12-13 17:29:44', '3d81b58c-0789-4887-9145-2a3a5ac35ccd'),
 ('62', '62', 'en_gb', 'charolette-wrede', 'members/charolette-wrede', '1', '2017-12-13 17:30:44', '2017-12-13 17:31:12', '889a578f-bdd7-44ca-84aa-ba74bd8a22d3'),
 ('63', '63', 'en_gb', 'jaimie-rafael', 'members/jaimie-rafael', '1', '2017-12-13 17:52:37', '2017-12-13 17:54:47', 'db1c69a5-f63c-4ed3-bf5f-d39b190f550c'),
 ('64', '64', 'en_gb', 'stephen-carnley', 'members/stephen-carnley', '1', '2017-12-13 17:56:39', '2017-12-13 17:58:01', '9ad8bce5-25c2-4c9b-90de-2245d7cae968'),
 ('65', '65', 'en_gb', 'janice-decamp', 'members/janice-decamp', '1', '2017-12-13 17:57:21', '2017-12-13 17:58:15', '8afbf4da-672a-4ce5-b5ec-82923a903199');



DROP TABLE IF EXISTS `craft_emailmessages`;


--
-- Schema for table `craft_emailmessages`
--
CREATE TABLE `craft_emailmessages` (
  `id` int(11) NOT NULL AUTO_INCREMENT,
  `key` char(150) COLLATE utf8_unicode_ci NOT NULL,
  `locale` char(12) COLLATE utf8_unicode_ci NOT NULL,
  `subject` varchar(1000) COLLATE utf8_unicode_ci NOT NULL,
  `body` text COLLATE utf8_unicode_ci NOT NULL,
  `dateCreated` datetime NOT NULL,
  `dateUpdated` datetime NOT NULL,
  `uid` char(36) COLLATE utf8_unicode_ci NOT NULL DEFAULT '0',
  PRIMARY KEY (`id`),
  UNIQUE KEY `craft_emailmessages_key_locale_unq_idx` (`key`,`locale`),
  KEY `craft_emailmessages_locale_fk` (`locale`)
) ENGINE=InnoDB DEFAULT CHARSET=utf8 COLLATE=utf8_unicode_ci;

DROP TABLE IF EXISTS `craft_entries`;


--
-- Schema for table `craft_entries`
--
CREATE TABLE `craft_entries` (
  `id` int(11) NOT NULL,
  `sectionId` int(11) NOT NULL,
  `typeId` int(11) DEFAULT NULL,
  `authorId` int(11) DEFAULT NULL,
  `postDate` datetime DEFAULT NULL,
  `expiryDate` datetime DEFAULT NULL,
  `dateCreated` datetime NOT NULL,
  `dateUpdated` datetime NOT NULL,
  `uid` char(36) COLLATE utf8_unicode_ci NOT NULL DEFAULT '0',
  PRIMARY KEY (`id`),
  KEY `craft_entries_sectionId_idx` (`sectionId`),
  KEY `craft_entries_typeId_idx` (`typeId`),
  KEY `craft_entries_postDate_idx` (`postDate`),
  KEY `craft_entries_expiryDate_idx` (`expiryDate`),
  KEY `craft_entries_authorId_fk` (`authorId`)
) ENGINE=InnoDB DEFAULT CHARSET=utf8 COLLATE=utf8_unicode_ci;

--
-- Data for table `craft_entries`
--

INSERT INTO `craft_entries` (`id`, `sectionId`, `typeId`, `authorId`, `postDate`, `expiryDate`, `dateCreated`, `dateUpdated`, `uid`) VALUES
 ('2', '1', NULL, NULL, '2017-12-10 22:25:19', NULL, '2017-12-10 22:25:19', '2017-12-12 15:45:07', '14408244-42bb-487a-81dc-4b68606f7c0f'),
 ('16', '3', '3', '1', '2017-12-10 23:06:00', NULL, '2017-12-10 23:06:36', '2017-12-13 17:25:00', '7d8773f4-da7e-4026-8487-18743098f458'),
 ('17', '3', '3', '1', '2017-12-10 23:11:00', NULL, '2017-12-10 23:11:02', '2017-12-13 17:53:16', '2633da79-3a2e-4bf5-a857-5e7fcd9974f4'),
 ('19', '3', '3', '1', '2017-12-10 23:25:00', NULL, '2017-12-10 23:25:16', '2017-12-13 17:25:09', '1faf5302-89ac-40a4-a05b-103112521137'),
 ('20', '3', '3', '1', '2017-12-10 23:25:00', NULL, '2017-12-10 23:25:39', '2017-12-13 17:24:42', 'f9c8b24d-889c-48ae-8aee-04f5b358137d'),
 ('21', '3', '3', '1', '2017-12-10 23:26:00', NULL, '2017-12-10 23:26:01', '2017-12-13 17:25:24', '2ca198b4-a67a-4bb1-90cf-79113f9f0ac3'),
 ('22', '3', '3', '1', '2017-12-10 23:26:00', NULL, '2017-12-10 23:26:26', '2017-12-13 17:25:35', 'f8977d6c-0576-44b3-a5b9-5a3c532321d8'),
 ('23', '3', '3', '1', '2017-12-10 23:26:00', NULL, '2017-12-10 23:26:43', '2017-12-13 17:25:45', '8dcf0989-6958-4827-b6b2-b86c5ae8394a'),
 ('59', '3', '3', '1', '2017-12-13 17:27:55', NULL, '2017-12-13 17:27:55', '2017-12-13 17:27:55', '4dad6379-8e8a-4240-9584-51b17fff8037'),
 ('60', '3', '3', '1', '2017-12-13 17:28:57', NULL, '2017-12-13 17:28:57', '2017-12-13 17:28:57', 'e3b32010-a0de-448d-aee4-aa2fb4d2a3b0'),
 ('61', '3', '3', '1', '2017-12-13 17:29:39', NULL, '2017-12-13 17:29:39', '2017-12-13 17:29:39', '66e2bbfb-fec5-4c74-b506-0a136b973337'),
 ('62', '3', '3', '1', '2017-12-13 17:30:00', NULL, '2017-12-13 17:30:44', '2017-12-13 17:31:08', '137b8b30-96c6-449b-9e60-985f9b8ffff2'),
 ('63', '3', '3', '1', '2017-12-13 17:52:36', NULL, '2017-12-13 17:52:37', '2017-12-13 17:52:37', 'cbc94ec7-e14f-423b-a6cc-9c8ffa4cee6a'),
 ('64', '3', '3', '1', '2017-12-13 17:56:00', NULL, '2017-12-13 17:56:39', '2017-12-13 17:58:01', 'd9943419-3295-4ae2-bf6e-750c43524116'),
 ('65', '3', '3', '1', '2017-12-13 17:57:00', NULL, '2017-12-13 17:57:21', '2017-12-13 17:58:15', '57778a55-6c86-4086-a30e-fc8ab60417ad');



DROP TABLE IF EXISTS `craft_entrydrafts`;


--
-- Schema for table `craft_entrydrafts`
--
CREATE TABLE `craft_entrydrafts` (
  `id` int(11) NOT NULL AUTO_INCREMENT,
  `entryId` int(11) NOT NULL,
  `sectionId` int(11) NOT NULL,
  `creatorId` int(11) NOT NULL,
  `locale` char(12) COLLATE utf8_unicode_ci NOT NULL,
  `name` varchar(255) COLLATE utf8_unicode_ci NOT NULL,
  `notes` tinytext COLLATE utf8_unicode_ci,
  `data` mediumtext COLLATE utf8_unicode_ci NOT NULL,
  `dateCreated` datetime NOT NULL,
  `dateUpdated` datetime NOT NULL,
  `uid` char(36) COLLATE utf8_unicode_ci NOT NULL DEFAULT '0',
  PRIMARY KEY (`id`),
  KEY `craft_entrydrafts_entryId_locale_idx` (`entryId`,`locale`),
  KEY `craft_entrydrafts_sectionId_fk` (`sectionId`),
  KEY `craft_entrydrafts_creatorId_fk` (`creatorId`),
  KEY `craft_entrydrafts_locale_fk` (`locale`)
) ENGINE=InnoDB DEFAULT CHARSET=utf8 COLLATE=utf8_unicode_ci;

DROP TABLE IF EXISTS `craft_entrytypes`;


--
-- Schema for table `craft_entrytypes`
--
CREATE TABLE `craft_entrytypes` (
  `id` int(11) NOT NULL AUTO_INCREMENT,
  `sectionId` int(11) NOT NULL,
  `fieldLayoutId` int(11) DEFAULT NULL,
  `name` varchar(255) COLLATE utf8_unicode_ci NOT NULL,
  `handle` varchar(255) COLLATE utf8_unicode_ci NOT NULL,
  `hasTitleField` tinyint(1) unsigned NOT NULL DEFAULT '1',
  `titleLabel` varchar(255) COLLATE utf8_unicode_ci DEFAULT 'Title',
  `titleFormat` varchar(255) COLLATE utf8_unicode_ci DEFAULT NULL,
  `sortOrder` smallint(6) unsigned DEFAULT NULL,
  `dateCreated` datetime NOT NULL,
  `dateUpdated` datetime NOT NULL,
  `uid` char(36) COLLATE utf8_unicode_ci NOT NULL DEFAULT '0',
  PRIMARY KEY (`id`),
  UNIQUE KEY `craft_entrytypes_name_sectionId_unq_idx` (`name`,`sectionId`),
  UNIQUE KEY `craft_entrytypes_handle_sectionId_unq_idx` (`handle`,`sectionId`),
  KEY `craft_entrytypes_sectionId_fk` (`sectionId`),
  KEY `craft_entrytypes_fieldLayoutId_fk` (`fieldLayoutId`)
) ENGINE=InnoDB AUTO_INCREMENT=5 DEFAULT CHARSET=utf8 COLLATE=utf8_unicode_ci;

--
-- Data for table `craft_entrytypes`
--

INSERT INTO `craft_entrytypes` (`id`, `sectionId`, `fieldLayoutId`, `name`, `handle`, `hasTitleField`, `titleLabel`, `titleFormat`, `sortOrder`, `dateCreated`, `dateUpdated`, `uid`) VALUES
 ('1', '1', '9', 'Homepage', 'homepage', '1', 'Title', NULL, '1', '2017-12-10 22:25:19', '2017-12-10 22:38:05', 'b2102114-8caf-4d2e-9b42-13d767550760'),
 ('3', '3', '16', 'Members', 'members', '1', 'Title', NULL, '1', '2017-12-10 23:06:20', '2017-12-12 18:18:03', '580fe56d-a628-4005-bd05-8bf976be5517');



DROP TABLE IF EXISTS `craft_entryversions`;


--
-- Schema for table `craft_entryversions`
--
CREATE TABLE `craft_entryversions` (
  `id` int(11) NOT NULL AUTO_INCREMENT,
  `entryId` int(11) NOT NULL,
  `sectionId` int(11) NOT NULL,
  `creatorId` int(11) DEFAULT NULL,
  `locale` char(12) COLLATE utf8_unicode_ci NOT NULL,
  `num` smallint(6) unsigned NOT NULL,
  `notes` tinytext COLLATE utf8_unicode_ci,
  `data` mediumtext COLLATE utf8_unicode_ci NOT NULL,
  `dateCreated` datetime NOT NULL,
  `dateUpdated` datetime NOT NULL,
  `uid` char(36) COLLATE utf8_unicode_ci NOT NULL DEFAULT '0',
  PRIMARY KEY (`id`),
  KEY `craft_entryversions_entryId_locale_idx` (`entryId`,`locale`),
  KEY `craft_entryversions_sectionId_fk` (`sectionId`),
  KEY `craft_entryversions_creatorId_fk` (`creatorId`),
  KEY `craft_entryversions_locale_fk` (`locale`)
) ENGINE=InnoDB AUTO_INCREMENT=56 DEFAULT CHARSET=utf8 COLLATE=utf8_unicode_ci;

--
-- Data for table `craft_entryversions`
--

INSERT INTO `craft_entryversions` (`id`, `entryId`, `sectionId`, `creatorId`, `locale`, `num`, `notes`, `data`, `dateCreated`, `dateUpdated`, `uid`) VALUES
 ('1', '2', '1', '1', 'en_gb', '1', NULL, '{\"typeId\":\"1\",\"authorId\":null,\"title\":\"Homepage\",\"slug\":\"homepage\",\"postDate\":1512944719,\"expiryDate\":null,\"enabled\":1,\"parentId\":null,\"fields\":[]}', '2017-12-10 22:25:19', '2017-12-10 22:25:19', '1d196026-3f48-4fb3-9e2c-e19b2f4093a5'),
 ('2', '2', '1', '1', 'en_gb', '2', NULL, '{\"typeId\":null,\"authorId\":null,\"title\":\"Welcome to Classof2018.dev!\",\"slug\":\"homepage\",\"postDate\":1512944719,\"expiryDate\":null,\"enabled\":\"1\",\"parentId\":null,\"fields\":{\"1\":\"<p>It\\u2019s true, this site doesn\\u2019t have a whole lot of content yet, but don\\u2019t worry. Our web developers have just installed the CMS, and they\\u2019re setting things up for the content editors this very moment. Soon Classof2018.dev will be an oasis of fresh perspectives, sharp analyses, and astute opinions that will keep you coming back again and again.<\\/p>\"}}', '2017-12-10 22:25:19', '2017-12-10 22:25:19', '457759fd-a6b3-401e-8f42-c76742c71180'),
 ('4', '2', '1', '1', 'en_gb', '3', '', '{\"typeId\":null,\"authorId\":null,\"title\":\"Welcome to Classof2018.dev!\",\"slug\":\"homepage\",\"postDate\":1512944719,\"expiryDate\":null,\"enabled\":1,\"parentId\":null,\"fields\":{\"1\":\"<p>It\\u2019s true, this site doesn\\u2019t have a whole lot of content yet, but don\\u2019t worry. Our web developers have just installed the CMS, and they\\u2019re setting things up for the content editors this very moment. Soon Classof2018.dev will be an oasis of fresh perspectives, sharp analyses, and astute opinions that will keep you coming back again and again.<\\/p>\",\"3\":[\"4\"]}}', '2017-12-10 22:34:36', '2017-12-10 22:34:36', '5bb980af-4678-4177-9b6f-e771af2321d7'),
 ('5', '2', '1', '1', 'en_gb', '4', '', '{\"typeId\":null,\"authorId\":null,\"title\":\"Home\",\"slug\":\"homepage\",\"postDate\":1512944719,\"expiryDate\":null,\"enabled\":1,\"parentId\":null,\"fields\":{\"1\":\"<p>It\\u2019s true, this site doesn\\u2019t have a whole lot of content yet, but don\\u2019t worry. Our web developers have just installed the CMS, and they\\u2019re setting things up for the content editors this very moment. Soon Classof2018.dev will be an oasis of fresh perspectives, sharp analyses, and astute opinions that will keep you coming back again and again.<\\/p>\"}}', '2017-12-10 22:37:56', '2017-12-10 22:37:56', '44e88170-ac3f-4ef0-b27f-c9d6b999f3b4'),
 ('6', '2', '1', '1', 'en_gb', '5', '', '{\"typeId\":null,\"authorId\":null,\"title\":\"Home\",\"slug\":\"homepage\",\"postDate\":1512944719,\"expiryDate\":null,\"enabled\":1,\"parentId\":null,\"fields\":{\"1\":\"<p>It\\u2019s true, this site doesn\\u2019t have a whole lot of content yet, but don\\u2019t worry. Our web developers have just installed the CMS, and they\\u2019re setting things up for the content editors this very moment. Soon Classof2018.dev will be an oasis of fresh perspectives, sharp analyses, and astute opinions that will keep you coming back again and again.<\\/p>\",\"4\":[\"4\"]}}', '2017-12-10 22:38:21', '2017-12-10 22:38:21', '4349466d-a29c-404f-b630-dd97a9573e44'),
 ('7', '2', '1', '1', 'en_gb', '6', '', '{\"typeId\":null,\"authorId\":null,\"title\":\"Home\",\"slug\":\"homepage\",\"postDate\":1512944719,\"expiryDate\":null,\"enabled\":1,\"parentId\":null,\"fields\":{\"1\":\"<p>Nullam id dolor id nibh ultricies vehicula ut id elit. Nullam quis risus eget urna mollis ornare vel eu leo. Praesent commodo cursus magna, vel scelerisque nisl consectetur et. Aenean lacinia bibendum nulla sed consectetur. Vivamus sagittis lacus vel augue laoreet rutrum faucibus dolor auctor.<\\/p>\\r\\n<p>Donec ullamcorper nulla non metus auctor fringilla. Fusce dapibus, tellus ac cursus commodo, tortor mauris condimentum nibh, ut fermentum massa justo sit amet risus. Vivamus sagittis lacus vel augue laoreet rutrum faucibus dolor auctor. Vivamus sagittis lacus vel augue laoreet rutrum faucibus dolor auctor. Cum sociis natoque penatibus et magnis dis parturient montes, nascetur ridiculus mus. Nulla vitae elit libero, a pharetra augue.<\\/p>\\r\\n<p>Cum sociis natoque penatibus et magnis dis parturient montes, nascetur ridiculus mus. Praesent commodo cursus magna, vel scelerisque nisl consectetur et. Praesent commodo cursus magna, vel scelerisque nisl consectetur et. Nulla vitae elit libero, a pharetra augue.<\\/p>\",\"4\":[\"4\"]}}', '2017-12-10 22:49:31', '2017-12-10 22:49:31', 'da46bd0f-d77b-4ac0-bd05-582b986cdf53'),
 ('8', '2', '1', '1', 'en_gb', '7', '', '{\"typeId\":null,\"authorId\":null,\"title\":\"Home\",\"slug\":\"homepage\",\"postDate\":1512944719,\"expiryDate\":null,\"enabled\":1,\"parentId\":null,\"fields\":{\"1\":\"<p>Nullam id dolor id nibh ultricies vehicula ut id elit. Nullam quis risus eget urna mollis ornare vel eu leo. Praesent commodo cursus magna, vel scelerisque nisl consectetur et. Aenean lacinia bibendum nulla sed consectetur. Vivamus sagittis lacus vel augue laoreet rutrum faucibus dolor auctor.<\\/p>\",\"4\":[\"4\"]}}', '2017-12-10 23:03:07', '2017-12-10 23:03:07', '380148ff-7c27-47a0-bff1-758e42bcb99b'),
 ('9', '16', '3', '1', 'en_gb', '1', '', '{\"typeId\":null,\"authorId\":\"1\",\"title\":\"Gareth Johns\",\"slug\":\"gareth-johns\",\"postDate\":1512947195,\"expiryDate\":null,\"enabled\":1,\"parentId\":null,\"fields\":[]}', '2017-12-10 23:06:36', '2017-12-10 23:06:36', '6b98d26e-ddb6-4786-b680-d0193d64b60f'),
 ('10', '16', '3', '1', 'en_gb', '2', '', '{\"typeId\":\"3\",\"authorId\":\"1\",\"title\":\"Gareth Johns\",\"slug\":\"gareth-johns\",\"postDate\":1512947160,\"expiryDate\":null,\"enabled\":1,\"parentId\":null,\"fields\":{\"1\":\"\",\"5\":[\"6\"],\"4\":\"\"}}', '2017-12-10 23:09:21', '2017-12-10 23:09:21', '72b384a9-186e-4754-bcf3-be393fc3fea0'),
 ('11', '16', '3', '1', 'en_gb', '3', '', '{\"typeId\":\"3\",\"authorId\":\"1\",\"title\":\"Gareth Johns\",\"slug\":\"gareth-johns\",\"postDate\":1512947160,\"expiryDate\":null,\"enabled\":1,\"parentId\":null,\"fields\":{\"1\":\"<p>Vivamus sagittis lacus vel augue laoreet rutrum faucibus dolor auctor. Cum sociis natoque penatibus et magnis dis parturient montes, nascetur ridiculus mus. Fusce dapibus, tellus ac cursus commodo, tortor mauris condimentum nibh, ut fermentum massa justo sit amet risus. Donec id elit non mi porta gravida at eget metus.<\\/p>\",\"5\":[\"6\"],\"4\":\"\"}}', '2017-12-10 23:09:29', '2017-12-10 23:09:29', 'cce5c3e5-2df7-4fa3-9f9c-eee79b1e6684'),
 ('12', '17', '3', '1', 'en_gb', '1', '', '{\"typeId\":null,\"authorId\":\"1\",\"title\":\"Chloe Walshingam\",\"slug\":\"chloe-walshingam\",\"postDate\":1512947462,\"expiryDate\":null,\"enabled\":1,\"parentId\":null,\"fields\":{\"1\":\"<p>Fusce dapibus, tellus ac cursus commodo, tortor mauris condimentum nibh, ut fermentum massa justo sit amet risus. Vivamus sagittis lacus vel augue laoreet rutrum faucibus dolor auctor. Praesent commodo cursus magna, vel scelerisque nisl consectetur et. Donec id elit non mi porta gravida at eget metus. Duis mollis, est non commodo luctus, nisi erat porttitor ligula, eget lacinia odio sem nec elit.<\\/p>\",\"5\":[\"7\"],\"4\":\"\"}}', '2017-12-10 23:11:02', '2017-12-10 23:11:02', 'efff2b04-09c9-4b81-8390-c1d0b6f9bbdc'),
 ('13', '17', '3', '1', 'en_gb', '2', '', '{\"typeId\":\"3\",\"authorId\":\"1\",\"title\":\"Chloe Walshingam\",\"slug\":\"chloe-walshingam\",\"postDate\":1512947460,\"expiryDate\":null,\"enabled\":1,\"parentId\":null,\"fields\":{\"1\":\"<p>Fusce dapibus, tellus ac cursus commodo, tortor mauris condimentum nibh, ut fermentum massa justo sit amet risus. Vivamus sagittis lacus vel augue laoreet rutrum faucibus dolor auctor. Praesent commodo cursus magna, vel scelerisque nisl consectetur et. Donec id elit non mi porta gravida at eget metus. Duis mollis, est non commodo luctus, nisi erat porttitor ligula, eget lacinia odio sem nec elit.<\\/p>\",\"5\":[\"7\"],\"4\":[\"18\"]}}', '2017-12-10 23:20:36', '2017-12-10 23:20:36', 'a2615f19-d888-49de-b3ec-49bcd23b57fa'),
 ('14', '16', '3', '1', 'en_gb', '4', '', '{\"typeId\":\"3\",\"authorId\":\"1\",\"title\":\"Gareth Johns\",\"slug\":\"gareth-johns\",\"postDate\":1512947160,\"expiryDate\":null,\"enabled\":1,\"parentId\":null,\"fields\":{\"1\":\"<p>Vivamus sagittis lacus vel augue laoreet rutrum faucibus dolor auctor. Cum sociis natoque penatibus et magnis dis parturient montes, nascetur ridiculus mus. Fusce dapibus, tellus ac cursus commodo, tortor mauris condimentum nibh, ut fermentum massa justo sit amet risus. Donec id elit non mi porta gravida at eget metus.<\\/p>\",\"5\":[\"6\"],\"4\":[\"18\"]}}', '2017-12-10 23:24:23', '2017-12-10 23:24:23', '7026adee-527d-4e99-bf04-bfb589020d54'),
 ('15', '19', '3', '1', 'en_gb', '1', '', '{\"typeId\":null,\"authorId\":\"1\",\"title\":\"Olivia Smaghe\",\"slug\":\"olivia-smaghe\",\"postDate\":1512948316,\"expiryDate\":null,\"enabled\":1,\"parentId\":null,\"fields\":{\"1\":\"<p>Curabitur blandit tempus porttitor. Morbi leo risus, porta ac consectetur ac, vestibulum at eros. Vestibulum id ligula porta felis euismod semper. Morbi leo risus, porta ac consectetur ac, vestibulum at eros. Fusce dapibus, tellus ac cursus commodo, tortor mauris condimentum nibh, ut fermentum massa justo sit amet risus. Donec ullamcorper nulla non metus auctor fringilla.<\\/p>\",\"5\":[\"6\"],\"4\":[\"18\"]}}', '2017-12-10 23:25:16', '2017-12-10 23:25:16', 'e2628548-9f95-4dd8-b48e-cb64ce858bf9'),
 ('16', '20', '3', '1', 'en_gb', '1', '', '{\"typeId\":null,\"authorId\":\"1\",\"title\":\"Felix Papalardi\",\"slug\":\"felix-papalardi\",\"postDate\":1512948338,\"expiryDate\":null,\"enabled\":1,\"parentId\":null,\"fields\":{\"1\":\"<p><\\/p><p>Nulla vitae elit libero, a pharetra augue. Donec sed odio dui. Donec id elit non mi porta gravida at eget metus. Aenean eu leo quam. Pellentesque ornare sem lacinia quam venenatis vestibulum. Cum sociis natoque penatibus et magnis dis parturient montes, nascetur ridiculus mus. Vestibulum id ligula porta felis euismod semper. Fusce dapibus, tellus ac cursus commodo, tortor mauris condimentum nibh, ut fermentum massa justo sit amet risus.<\\/p>\\r\\n<p>Cum sociis natoque penatibus et magnis dis parturient montes, nascetur ridiculus mus. Cras justo odio, dapibus ac facilisis in, egestas eget quam. Etiam porta sem malesuada magna mollis euismod. Vivamus sagittis lacus vel augue laoreet rutrum faucibus dolor auctor. Cum sociis natoque penatibus et magnis dis parturient montes, nascetur ridiculus mus. Integer posuere erat a ante venenatis dapibus posuere velit aliquet. Donec sed odio dui.<\\/p>\",\"5\":[\"6\"],\"4\":[\"18\"]}}', '2017-12-10 23:25:39', '2017-12-10 23:25:39', '65f58c06-6e37-428e-b825-51ea6f008708'),
 ('17', '21', '3', '1', 'en_gb', '1', '', '{\"typeId\":null,\"authorId\":\"1\",\"title\":\"Jenna Clapton\",\"slug\":\"jenna-clapton\",\"postDate\":1512948361,\"expiryDate\":null,\"enabled\":1,\"parentId\":null,\"fields\":{\"1\":\"<p>Cras mattis consectetur purus sit amet fermentum. Cum sociis natoque penatibus et magnis dis parturient montes, nascetur ridiculus mus. Morbi leo risus, porta ac consectetur ac, vestibulum at eros. Morbi leo risus, porta ac consectetur ac, vestibulum at eros.<\\/p>\\r\\n<p>Etiam porta sem malesuada magna mollis euismod. Nullam id dolor id nibh ultricies vehicula ut id elit. Sed posuere consectetur est at lobortis. Integer posuere erat a ante venenatis dapibus posuere velit aliquet. Etiam porta sem malesuada magna mollis euismod. Maecenas faucibus mollis interdum.<\\/p>\\r\\n<p>Aenean eu leo quam. Pellentesque ornare sem lacinia quam venenatis vestibulum. Cras justo odio, dapibus ac facilisis in, egestas eget quam. Cras justo odio, dapibus ac facilisis in, egestas eget quam. Vivamus sagittis lacus vel augue laoreet rutrum faucibus dolor auctor. Nullam quis risus eget urna mollis ornare vel eu leo. Cras mattis consectetur purus sit amet fermentum. Cras justo odio, dapibus ac facilisis in, egestas eget quam.<\\/p>\",\"5\":\"\",\"4\":[\"18\"]}}', '2017-12-10 23:26:01', '2017-12-10 23:26:01', 'd4442c6b-52a3-4ca3-91ab-0c96c4d0739f'),
 ('18', '22', '3', '1', 'en_gb', '1', '', '{\"typeId\":null,\"authorId\":\"1\",\"title\":\"Jaykee the Magician\",\"slug\":\"jaykee-the-magician\",\"postDate\":1512948386,\"expiryDate\":null,\"enabled\":1,\"parentId\":null,\"fields\":{\"1\":\"<p>Donec sed odio dui. Aenean lacinia bibendum nulla sed consectetur. Sed posuere consectetur est at lobortis. Nullam quis risus eget urna mollis ornare vel eu leo.<\\/p>\\r\\n<p>Etiam porta sem malesuada magna mollis euismod. Cum sociis natoque penatibus et magnis dis parturient montes, nascetur ridiculus mus. Vestibulum id ligula porta felis euismod semper. Curabitur blandit tempus porttitor. Maecenas faucibus mollis interdum. Nullam id dolor id nibh ultricies vehicula ut id elit. Donec ullamcorper nulla non metus auctor fringilla.<\\/p>\\r\\n<p>Cras mattis consectetur purus sit amet fermentum. Aenean eu leo quam. Pellentesque ornare sem lacinia quam venenatis vestibulum. Cum sociis natoque penatibus et magnis dis parturient montes, nascetur ridiculus mus. Praesent commodo cursus magna, vel scelerisque nisl consectetur et. Maecenas sed diam eget risus varius blandit sit amet non magna. Curabitur blandit tempus porttitor. Maecenas faucibus mollis interdum.<\\/p>\",\"5\":\"\",\"4\":[\"18\"]}}', '2017-12-10 23:26:26', '2017-12-10 23:26:26', '257edb88-3993-4281-b03c-a321bace510b'),
 ('19', '23', '3', '1', 'en_gb', '1', '', '{\"typeId\":null,\"authorId\":\"1\",\"title\":\"Micheal Vonck\",\"slug\":\"micheal-vonck\",\"postDate\":1512948403,\"expiryDate\":null,\"enabled\":1,\"parentId\":null,\"fields\":{\"1\":\"<p>Nulla vitae elit libero, a pharetra augue. Nullam quis risus eget urna mollis ornare vel eu leo. Nulla vitae elit libero, a pharetra augue. Lorem ipsum dolor sit amet, consectetur adipiscing elit. Maecenas sed diam eget risus varius blandit sit amet non magna. Nulla vitae elit libero, a pharetra augue.<\\/p>\\r\\n<p>Donec ullamcorper nulla non metus auctor fringilla. Donec id elit non mi porta gravida at eget metus. Sed posuere consectetur est at lobortis. Cras justo odio, dapibus ac facilisis in, egestas eget quam.<\\/p>\\r\\n<p>Cras mattis consectetur purus sit amet fermentum. Nulla vitae elit libero, a pharetra augue. Fusce dapibus, tellus ac cursus commodo, tortor mauris condimentum nibh, ut fermentum massa justo sit amet risus. Fusce dapibus, tellus ac cursus commodo, tortor mauris condimentum nibh, ut fermentum massa justo sit amet risus. Maecenas faucibus mollis interdum.<\\/p><p><\\/p>\",\"5\":\"\",\"4\":\"\"}}', '2017-12-10 23:26:43', '2017-12-10 23:26:43', 'decc5876-7a39-413e-b208-956d97eceb91'),
 ('20', '23', '3', '1', 'en_gb', '2', '', '{\"typeId\":\"3\",\"authorId\":\"1\",\"title\":\"Micheal Vonck\",\"slug\":\"micheal-vonck\",\"postDate\":1512948360,\"expiryDate\":null,\"enabled\":1,\"parentId\":null,\"fields\":{\"1\":\"<p>Nulla vitae elit libero, a pharetra augue. Nullam quis risus eget urna mollis ornare vel eu leo. Nulla vitae elit libero, a pharetra augue. Lorem ipsum dolor sit amet, consectetur adipiscing elit. Maecenas sed diam eget risus varius blandit sit amet non magna. Nulla vitae elit libero, a pharetra augue.<\\/p>\\r\\n<p>Donec ullamcorper nulla non metus auctor fringilla. Donec id elit non mi porta gravida at eget metus. Sed posuere consectetur est at lobortis. Cras justo odio, dapibus ac facilisis in, egestas eget quam.<\\/p>\\r\\n<p>Cras mattis consectetur purus sit amet fermentum. Nulla vitae elit libero, a pharetra augue. Fusce dapibus, tellus ac cursus commodo, tortor mauris condimentum nibh, ut fermentum massa justo sit amet risus. Fusce dapibus, tellus ac cursus commodo, tortor mauris condimentum nibh, ut fermentum massa justo sit amet risus. Maecenas faucibus mollis interdum.<\\/p>\",\"5\":[\"6\"],\"4\":\"\"}}', '2017-12-10 23:27:34', '2017-12-10 23:27:34', '140a2ea3-110b-445e-be4b-c836d77bfca0'),
 ('21', '21', '3', '1', 'en_gb', '2', '', '{\"typeId\":\"3\",\"authorId\":\"1\",\"title\":\"Jenna Clapton\",\"slug\":\"jenna-clapton\",\"postDate\":1512948360,\"expiryDate\":null,\"enabled\":1,\"parentId\":null,\"fields\":{\"1\":\"<p>Cras mattis consectetur purus sit amet fermentum. Cum sociis natoque penatibus et magnis dis parturient montes, nascetur ridiculus mus. Morbi leo risus, porta ac consectetur ac, vestibulum at eros. Morbi leo risus, porta ac consectetur ac, vestibulum at eros.<\\/p>\\r\\n<p>Etiam porta sem malesuada magna mollis euismod. Nullam id dolor id nibh ultricies vehicula ut id elit. Sed posuere consectetur est at lobortis. Integer posuere erat a ante venenatis dapibus posuere velit aliquet. Etiam porta sem malesuada magna mollis euismod. Maecenas faucibus mollis interdum.<\\/p>\\r\\n<p>Aenean eu leo quam. Pellentesque ornare sem lacinia quam venenatis vestibulum. Cras justo odio, dapibus ac facilisis in, egestas eget quam. Cras justo odio, dapibus ac facilisis in, egestas eget quam. Vivamus sagittis lacus vel augue laoreet rutrum faucibus dolor auctor. Nullam quis risus eget urna mollis ornare vel eu leo. Cras mattis consectetur purus sit amet fermentum. Cras justo odio, dapibus ac facilisis in, egestas eget quam.<\\/p>\",\"5\":[\"6\"],\"4\":[\"18\"]}}', '2017-12-10 23:27:42', '2017-12-10 23:27:42', 'd637705c-6a2c-43bd-bf52-93ad515ae2d2'),
 ('22', '22', '3', '1', 'en_gb', '2', '', '{\"typeId\":\"3\",\"authorId\":\"1\",\"title\":\"Jaykee the Magician\",\"slug\":\"jaykee-the-magician\",\"postDate\":1512948360,\"expiryDate\":null,\"enabled\":1,\"parentId\":null,\"fields\":{\"1\":\"<p>Donec sed odio dui. Aenean lacinia bibendum nulla sed consectetur. Sed posuere consectetur est at lobortis. Nullam quis risus eget urna mollis ornare vel eu leo.<\\/p>\\r\\n<p>Etiam porta sem malesuada magna mollis euismod. Cum sociis natoque penatibus et magnis dis parturient montes, nascetur ridiculus mus. Vestibulum id ligula porta felis euismod semper. Curabitur blandit tempus porttitor. Maecenas faucibus mollis interdum. Nullam id dolor id nibh ultricies vehicula ut id elit. Donec ullamcorper nulla non metus auctor fringilla.<\\/p>\\r\\n<p>Cras mattis consectetur purus sit amet fermentum. Aenean eu leo quam. Pellentesque ornare sem lacinia quam venenatis vestibulum. Cum sociis natoque penatibus et magnis dis parturient montes, nascetur ridiculus mus. Praesent commodo cursus magna, vel scelerisque nisl consectetur et. Maecenas sed diam eget risus varius blandit sit amet non magna. Curabitur blandit tempus porttitor. Maecenas faucibus mollis interdum.<\\/p>\",\"5\":[\"6\"],\"4\":[\"18\"]}}', '2017-12-10 23:27:52', '2017-12-10 23:27:52', '66941bf9-53c8-4a55-85b0-b70d03d5202b'),
 ('23', '23', '3', '1', 'en_gb', '3', '', '{\"typeId\":\"3\",\"authorId\":\"1\",\"title\":\"Micheal Vonck\",\"slug\":\"micheal-vonck\",\"postDate\":1512948360,\"expiryDate\":null,\"enabled\":1,\"parentId\":null,\"fields\":{\"1\":\"<p>Nulla vitae elit libero, a pharetra augue. Nullam quis risus eget urna mollis ornare vel eu leo. Nulla vitae elit libero, a pharetra augue. Lorem ipsum dolor sit amet, consectetur adipiscing elit. Maecenas sed diam eget risus varius blandit sit amet non magna. Nulla vitae elit libero, a pharetra augue.<\\/p>\\r\\n<p>Donec ullamcorper nulla non metus auctor fringilla. Donec id elit non mi porta gravida at eget metus. Sed posuere consectetur est at lobortis. Cras justo odio, dapibus ac facilisis in, egestas eget quam.<\\/p>\\r\\n<p>Cras mattis consectetur purus sit amet fermentum. Nulla vitae elit libero, a pharetra augue. Fusce dapibus, tellus ac cursus commodo, tortor mauris condimentum nibh, ut fermentum massa justo sit amet risus. Fusce dapibus, tellus ac cursus commodo, tortor mauris condimentum nibh, ut fermentum massa justo sit amet risus. Maecenas faucibus mollis interdum.<\\/p>\",\"5\":[\"6\"],\"4\":[\"18\"]}}', '2017-12-10 23:28:16', '2017-12-10 23:28:16', 'e8e75eff-240b-447e-bf6b-7c0cb1d8b92c'),
 ('24', '2', '1', '1', 'en_gb', '8', '', '{\"typeId\":null,\"authorId\":null,\"title\":\"Home\",\"slug\":\"homepage\",\"postDate\":1512944719,\"expiryDate\":null,\"enabled\":1,\"parentId\":null,\"fields\":{\"1\":\"<p>Nullam id dolor id nibh ultricies vehicula ut id elit. Nullam quis risus eget urna mollis ornare vel eu leo. Praesent commodo cursus magna, vel scelerisque nisl consectetur et. Aenean lacinia bibendum nulla sed consectetur. Vivamus sagittis lacus vel augue laoreet rutrum faucibus dolor auctor. Test<\\/p>\",\"4\":[\"4\"]}}', '2017-12-12 15:15:26', '2017-12-12 15:15:26', '731eb83d-86db-4ddd-84f2-2fa2d14f8c7c'),
 ('25', '2', '1', '1', 'en_gb', '9', '', '{\"typeId\":null,\"authorId\":null,\"title\":\"Home\",\"slug\":\"homepage\",\"postDate\":1512944719,\"expiryDate\":null,\"enabled\":1,\"parentId\":null,\"fields\":{\"1\":\"<h5>Nullam id dolor id nibh ultricies vehicula ut id elit. Nullam quis risus eget urna mollis ornare vel eu leo. Praesent commodo cursus magna, vel scelerisque nisl consectetur et. Aenean lacinia bibendum nulla sed consectetur. Vivamus sagittis lacus vel augue laoreet rutrum faucibus dolor auctor. Test<\\/h5>\",\"4\":[\"4\"]}}', '2017-12-12 15:38:53', '2017-12-12 15:38:53', 'b7cb07b2-73fc-4561-89c0-fae662befb90'),
 ('26', '2', '1', '1', 'en_gb', '10', '', '{\"typeId\":null,\"authorId\":null,\"title\":\"Home\",\"slug\":\"homepage\",\"postDate\":1512944719,\"expiryDate\":null,\"enabled\":1,\"parentId\":null,\"fields\":{\"1\":\"<h4>Nullam id dolor id nibh ultricies vehicula ut id elit. Nullam quis risus eget urna mollis ornare vel eu leo. Praesent commodo cursus magna, vel scelerisque nisl consectetur et. Aenean lacinia bibendum nulla sed consectetur. Vivamus sagittis lacus vel augue laoreet rutrum faucibus dolor auctor. Test<\\/h4>\",\"4\":[\"4\"]}}', '2017-12-12 15:45:07', '2017-12-12 15:45:07', '643401a4-f72f-430c-bfaf-da5e6cefc725'),
 ('27', '21', '3', '1', 'en_gb', '3', '', '{\"typeId\":\"3\",\"authorId\":\"1\",\"title\":\"Jenna Clapton\",\"slug\":\"jenna-clapton\",\"postDate\":1512948360,\"expiryDate\":null,\"enabled\":1,\"parentId\":null,\"fields\":{\"1\":\"<p>Cras mattis consectetur purus sit amet fermentum. Cum sociis natoque penatibus et magnis dis parturient montes, nascetur ridiculus mus. Morbi leo risus, porta ac consectetur ac, vestibulum at eros. Morbi leo risus, porta ac consectetur ac, vestibulum at eros.<\\/p>\\r\\n<p>Etiam porta sem malesuada magna mollis euismod. Nullam id dolor id nibh ultricies vehicula ut id elit. Sed posuere consectetur est at lobortis. Integer posuere erat a ante venenatis dapibus posuere velit aliquet. Etiam porta sem malesuada magna mollis euismod. Maecenas faucibus mollis interdum.<\\/p>\\r\\n<p>Aenean eu leo quam. Pellentesque ornare sem lacinia quam venenatis vestibulum. Cras justo odio, dapibus ac facilisis in, egestas eget quam. Cras justo odio, dapibus ac facilisis in, egestas eget quam. Vivamus sagittis lacus vel augue laoreet rutrum faucibus dolor auctor. Nullam quis risus eget urna mollis ornare vel eu leo. Cras mattis consectetur purus sit amet fermentum. Cras justo odio, dapibus ac facilisis in, egestas eget quam.<\\/p>\",\"5\":[\"6\"],\"6\":\"Jenna\",\"4\":[\"18\"],\"7\":\"Clapton\"}}', '2017-12-12 17:26:31', '2017-12-12 17:26:31', '6bf9a58a-4251-43e2-9331-e24f082abab3'),
 ('28', '22', '3', '1', 'en_gb', '3', '', '{\"typeId\":\"3\",\"authorId\":\"1\",\"title\":\"Jaykee the Magician\",\"slug\":\"jaykee-the-magician\",\"postDate\":1512948360,\"expiryDate\":null,\"enabled\":1,\"parentId\":null,\"fields\":{\"1\":\"<p>Donec sed odio dui. Aenean lacinia bibendum nulla sed consectetur. Sed posuere consectetur est at lobortis. Nullam quis risus eget urna mollis ornare vel eu leo.<\\/p>\\r\\n<p>Etiam porta sem malesuada magna mollis euismod. Cum sociis natoque penatibus et magnis dis parturient montes, nascetur ridiculus mus. Vestibulum id ligula porta felis euismod semper. Curabitur blandit tempus porttitor. Maecenas faucibus mollis interdum. Nullam id dolor id nibh ultricies vehicula ut id elit. Donec ullamcorper nulla non metus auctor fringilla.<\\/p>\\r\\n<p>Cras mattis consectetur purus sit amet fermentum. Aenean eu leo quam. Pellentesque ornare sem lacinia quam venenatis vestibulum. Cum sociis natoque penatibus et magnis dis parturient montes, nascetur ridiculus mus. Praesent commodo cursus magna, vel scelerisque nisl consectetur et. Maecenas sed diam eget risus varius blandit sit amet non magna. Curabitur blandit tempus porttitor. Maecenas faucibus mollis interdum.<\\/p>\",\"5\":[\"6\"],\"6\":\"Jaykee\",\"4\":[\"18\"],\"7\":\"The Magician\"}}', '2017-12-12 17:26:46', '2017-12-12 17:26:46', 'bf23f851-16c2-498b-af81-fcb61e12c935'),
 ('29', '23', '3', '1', 'en_gb', '4', '', '{\"typeId\":\"3\",\"authorId\":\"1\",\"title\":\"Micheal Vonck\",\"slug\":\"micheal-vonck\",\"postDate\":1512948360,\"expiryDate\":null,\"enabled\":1,\"parentId\":null,\"fields\":{\"1\":\"<p>Nulla vitae elit libero, a pharetra augue. Nullam quis risus eget urna mollis ornare vel eu leo. Nulla vitae elit libero, a pharetra augue. Lorem ipsum dolor sit amet, consectetur adipiscing elit. Maecenas sed diam eget risus varius blandit sit amet non magna. Nulla vitae elit libero, a pharetra augue.<\\/p>\\r\\n<p>Donec ullamcorper nulla non metus auctor fringilla. Donec id elit non mi porta gravida at eget metus. Sed posuere consectetur est at lobortis. Cras justo odio, dapibus ac facilisis in, egestas eget quam.<\\/p>\\r\\n<p>Cras mattis consectetur purus sit amet fermentum. Nulla vitae elit libero, a pharetra augue. Fusce dapibus, tellus ac cursus commodo, tortor mauris condimentum nibh, ut fermentum massa justo sit amet risus. Fusce dapibus, tellus ac cursus commodo, tortor mauris condimentum nibh, ut fermentum massa justo sit amet risus. Maecenas faucibus mollis interdum.<\\/p>\",\"5\":[\"6\"],\"6\":\"Micheal\",\"4\":[\"18\"],\"7\":\"Vonck\"}}', '2017-12-12 17:26:57', '2017-12-12 17:26:57', '3134f38b-81e3-41a8-87d3-e5f93e356fdd'),
 ('30', '20', '3', '1', 'en_gb', '2', '', '{\"typeId\":\"3\",\"authorId\":\"1\",\"title\":\"Felix Papalardi\",\"slug\":\"felix-papalardi\",\"postDate\":1512948300,\"expiryDate\":null,\"enabled\":1,\"parentId\":null,\"fields\":{\"1\":\"<p>Nulla vitae elit libero, a pharetra augue. Donec sed odio dui. Donec id elit non mi porta gravida at eget metus. Aenean eu leo quam. Pellentesque ornare sem lacinia quam venenatis vestibulum. Cum sociis natoque penatibus et magnis dis parturient montes, nascetur ridiculus mus. Vestibulum id ligula porta felis euismod semper. Fusce dapibus, tellus ac cursus commodo, tortor mauris condimentum nibh, ut fermentum massa justo sit amet risus.<\\/p>\\r\\n<p>Cum sociis natoque penatibus et magnis dis parturient montes, nascetur ridiculus mus. Cras justo odio, dapibus ac facilisis in, egestas eget quam. Etiam porta sem malesuada magna mollis euismod. Vivamus sagittis lacus vel augue laoreet rutrum faucibus dolor auctor. Cum sociis natoque penatibus et magnis dis parturient montes, nascetur ridiculus mus. Integer posuere erat a ante venenatis dapibus posuere velit aliquet. Donec sed odio dui.<\\/p>\",\"5\":[\"6\"],\"6\":\"Felix\",\"4\":[\"18\"],\"7\":\"Papalardi\"}}', '2017-12-12 17:27:09', '2017-12-12 17:27:09', '22d64919-b11b-43be-8d20-4d3c6182978d'),
 ('31', '17', '3', '1', 'en_gb', '3', '', '{\"typeId\":\"3\",\"authorId\":\"1\",\"title\":\"Chloe Walshingam\",\"slug\":\"chloe-walshingam\",\"postDate\":1512947460,\"expiryDate\":null,\"enabled\":1,\"parentId\":null,\"fields\":{\"1\":\"<p>Fusce dapibus, tellus ac cursus commodo, tortor mauris condimentum nibh, ut fermentum massa justo sit amet risus. Vivamus sagittis lacus vel augue laoreet rutrum faucibus dolor auctor. Praesent commodo cursus magna, vel scelerisque nisl consectetur et. Donec id elit non mi porta gravida at eget metus. Duis mollis, est non commodo luctus, nisi erat porttitor ligula, eget lacinia odio sem nec elit.<\\/p>\",\"5\":[\"7\"],\"6\":\"Chloe\",\"4\":[\"18\"],\"7\":\"Walshingam\"}}', '2017-12-12 17:27:21', '2017-12-12 17:27:21', '7ba77e63-64d1-402e-b8a5-6e369d371aa0'),
 ('32', '16', '3', '1', 'en_gb', '5', '', '{\"typeId\":\"3\",\"authorId\":\"1\",\"title\":\"Gareth Johns\",\"slug\":\"gareth-johns\",\"postDate\":1512947160,\"expiryDate\":null,\"enabled\":1,\"parentId\":null,\"fields\":{\"1\":\"<p>Vivamus sagittis lacus vel augue laoreet rutrum faucibus dolor auctor. Cum sociis natoque penatibus et magnis dis parturient montes, nascetur ridiculus mus. Fusce dapibus, tellus ac cursus commodo, tortor mauris condimentum nibh, ut fermentum massa justo sit amet risus. Donec id elit non mi porta gravida at eget metus.<\\/p>\",\"5\":[\"6\"],\"6\":\"Gareth\",\"4\":[\"18\"],\"7\":\"Johns\"}}', '2017-12-12 17:27:35', '2017-12-12 17:27:35', '0b9ef8c0-e3f4-4dff-b3e6-f79f0c1d5bcc'),
 ('33', '19', '3', '1', 'en_gb', '2', '', '{\"typeId\":\"3\",\"authorId\":\"1\",\"title\":\"Olivia Smaghe\",\"slug\":\"olivia-smaghe\",\"postDate\":1512948300,\"expiryDate\":null,\"enabled\":1,\"parentId\":null,\"fields\":{\"1\":\"<p>Curabitur blandit tempus porttitor. Morbi leo risus, porta ac consectetur ac, vestibulum at eros. Vestibulum id ligula porta felis euismod semper. Morbi leo risus, porta ac consectetur ac, vestibulum at eros. Fusce dapibus, tellus ac cursus commodo, tortor mauris condimentum nibh, ut fermentum massa justo sit amet risus. Donec ullamcorper nulla non metus auctor fringilla.<\\/p>\",\"5\":[\"6\"],\"6\":\"Olivia\",\"4\":[\"18\"],\"7\":\"Smaghe\"}}', '2017-12-12 17:29:58', '2017-12-12 17:29:58', 'ae6b2fb7-0d97-42ee-89a9-ad1a5ba8e71c'),
 ('37', '20', '3', '1', 'en_gb', '3', '', '{\"typeId\":\"3\",\"authorId\":\"1\",\"title\":\"Felix Papalardi\",\"slug\":\"felix-papalardi\",\"postDate\":1512948300,\"expiryDate\":null,\"enabled\":1,\"parentId\":\"\",\"fields\":{\"1\":\"<p>Nulla vitae elit libero, a pharetra augue. Donec sed odio dui. Donec id elit non mi porta gravida at eget metus. Aenean eu leo quam. Pellentesque ornare sem lacinia quam venenatis vestibulum. Cum sociis natoque penatibus et magnis dis parturient montes, nascetur ridiculus mus. Vestibulum id ligula porta felis euismod semper. Fusce dapibus, tellus ac cursus commodo, tortor mauris condimentum nibh, ut fermentum massa justo sit amet risus.<\\/p>\\r\\n<p>Cum sociis natoque penatibus et magnis dis parturient montes, nascetur ridiculus mus. Cras justo odio, dapibus ac facilisis in, egestas eget quam. Etiam porta sem malesuada magna mollis euismod. Vivamus sagittis lacus vel augue laoreet rutrum faucibus dolor auctor. Cum sociis natoque penatibus et magnis dis parturient montes, nascetur ridiculus mus. Integer posuere erat a ante venenatis dapibus posuere velit aliquet. Donec sed odio dui.<\\/p>\",\"5\":[\"6\"],\"6\":\"Felix\",\"4\":[\"28\"],\"8\":\"\",\"7\":\"Papalardi\"}}', '2017-12-13 17:24:42', '2017-12-13 17:24:42', '96da053d-d13f-4050-a51b-bc23419405f9'),
 ('38', '16', '3', '1', 'en_gb', '6', '', '{\"typeId\":\"3\",\"authorId\":\"1\",\"title\":\"Gareth Johns\",\"slug\":\"gareth-johns\",\"postDate\":1512947160,\"expiryDate\":null,\"enabled\":1,\"parentId\":\"\",\"fields\":{\"1\":\"<p>Vivamus sagittis lacus vel augue laoreet rutrum faucibus dolor auctor. Cum sociis natoque penatibus et magnis dis parturient montes, nascetur ridiculus mus. Fusce dapibus, tellus ac cursus commodo, tortor mauris condimentum nibh, ut fermentum massa justo sit amet risus. Donec id elit non mi porta gravida at eget metus.<\\/p>\",\"5\":[\"6\"],\"6\":\"Gareth\",\"4\":[\"29\"],\"8\":\"\",\"7\":\"Johns\"}}', '2017-12-13 17:25:00', '2017-12-13 17:25:00', 'fdd61d55-868c-4b9d-866c-5610fd2cfbc8'),
 ('39', '19', '3', '1', 'en_gb', '3', '', '{\"typeId\":\"3\",\"authorId\":\"1\",\"title\":\"Olivia Smaghe\",\"slug\":\"olivia-smaghe\",\"postDate\":1512948300,\"expiryDate\":null,\"enabled\":1,\"parentId\":\"\",\"fields\":{\"1\":\"<p>Curabitur blandit tempus porttitor. Morbi leo risus, porta ac consectetur ac, vestibulum at eros. Vestibulum id ligula porta felis euismod semper. Morbi leo risus, porta ac consectetur ac, vestibulum at eros. Fusce dapibus, tellus ac cursus commodo, tortor mauris condimentum nibh, ut fermentum massa justo sit amet risus. Donec ullamcorper nulla non metus auctor fringilla.<\\/p>\",\"5\":[\"6\"],\"6\":\"Olivia\",\"4\":[\"30\"],\"8\":\"\",\"7\":\"Smaghe\"}}', '2017-12-13 17:25:09', '2017-12-13 17:25:09', '654f36bb-e442-491d-b80e-e1c41f5d8c7b'),
 ('40', '21', '3', '1', 'en_gb', '4', '', '{\"typeId\":\"3\",\"authorId\":\"1\",\"title\":\"Jenna Clapton\",\"slug\":\"jenna-clapton\",\"postDate\":1512948360,\"expiryDate\":null,\"enabled\":1,\"parentId\":\"\",\"fields\":{\"1\":\"<p>Cras mattis consectetur purus sit amet fermentum. Cum sociis natoque penatibus et magnis dis parturient montes, nascetur ridiculus mus. Morbi leo risus, porta ac consectetur ac, vestibulum at eros. Morbi leo risus, porta ac consectetur ac, vestibulum at eros.<\\/p>\\r\\n<p>Etiam porta sem malesuada magna mollis euismod. Nullam id dolor id nibh ultricies vehicula ut id elit. Sed posuere consectetur est at lobortis. Integer posuere erat a ante venenatis dapibus posuere velit aliquet. Etiam porta sem malesuada magna mollis euismod. Maecenas faucibus mollis interdum.<\\/p>\\r\\n<p>Aenean eu leo quam. Pellentesque ornare sem lacinia quam venenatis vestibulum. Cras justo odio, dapibus ac facilisis in, egestas eget quam. Cras justo odio, dapibus ac facilisis in, egestas eget quam. Vivamus sagittis lacus vel augue laoreet rutrum faucibus dolor auctor. Nullam quis risus eget urna mollis ornare vel eu leo. Cras mattis consectetur purus sit amet fermentum. Cras justo odio, dapibus ac facilisis in, egestas eget quam.<\\/p>\",\"5\":[\"6\"],\"6\":\"Jenna\",\"4\":[\"31\"],\"8\":\"\",\"7\":\"Clapton\"}}', '2017-12-13 17:25:24', '2017-12-13 17:25:24', '1eeab279-cf14-443a-85b2-b36ca02ad8f4'),
 ('41', '22', '3', '1', 'en_gb', '4', '', '{\"typeId\":\"3\",\"authorId\":\"1\",\"title\":\"Jaykee the Magician\",\"slug\":\"jaykee-the-magician\",\"postDate\":1512948360,\"expiryDate\":null,\"enabled\":1,\"parentId\":\"\",\"fields\":{\"1\":\"<p>Donec sed odio dui. Aenean lacinia bibendum nulla sed consectetur. Sed posuere consectetur est at lobortis. Nullam quis risus eget urna mollis ornare vel eu leo.<\\/p>\\r\\n<p>Etiam porta sem malesuada magna mollis euismod. Cum sociis natoque penatibus et magnis dis parturient montes, nascetur ridiculus mus. Vestibulum id ligula porta felis euismod semper. Curabitur blandit tempus porttitor. Maecenas faucibus mollis interdum. Nullam id dolor id nibh ultricies vehicula ut id elit. Donec ullamcorper nulla non metus auctor fringilla.<\\/p>\\r\\n<p>Cras mattis consectetur purus sit amet fermentum. Aenean eu leo quam. Pellentesque ornare sem lacinia quam venenatis vestibulum. Cum sociis natoque penatibus et magnis dis parturient montes, nascetur ridiculus mus. Praesent commodo cursus magna, vel scelerisque nisl consectetur et. Maecenas sed diam eget risus varius blandit sit amet non magna. Curabitur blandit tempus porttitor. Maecenas faucibus mollis interdum.<\\/p>\",\"5\":[\"6\"],\"6\":\"Jaykee\",\"4\":[\"32\"],\"8\":\"\",\"7\":\"The Magician\"}}', '2017-12-13 17:25:35', '2017-12-13 17:25:35', '801bbf69-19a4-4db3-ac94-105e16c5a3f8'),
 ('42', '23', '3', '1', 'en_gb', '5', '', '{\"typeId\":\"3\",\"authorId\":\"1\",\"title\":\"Micheal Vonck\",\"slug\":\"micheal-vonck\",\"postDate\":1512948360,\"expiryDate\":null,\"enabled\":1,\"parentId\":\"\",\"fields\":{\"1\":\"<p>Nulla vitae elit libero, a pharetra augue. Nullam quis risus eget urna mollis ornare vel eu leo. Nulla vitae elit libero, a pharetra augue. Lorem ipsum dolor sit amet, consectetur adipiscing elit. Maecenas sed diam eget risus varius blandit sit amet non magna. Nulla vitae elit libero, a pharetra augue.<\\/p>\\r\\n<p>Donec ullamcorper nulla non metus auctor fringilla. Donec id elit non mi porta gravida at eget metus. Sed posuere consectetur est at lobortis. Cras justo odio, dapibus ac facilisis in, egestas eget quam.<\\/p>\\r\\n<p>Cras mattis consectetur purus sit amet fermentum. Nulla vitae elit libero, a pharetra augue. Fusce dapibus, tellus ac cursus commodo, tortor mauris condimentum nibh, ut fermentum massa justo sit amet risus. Fusce dapibus, tellus ac cursus commodo, tortor mauris condimentum nibh, ut fermentum massa justo sit amet risus. Maecenas faucibus mollis interdum.<\\/p>\",\"5\":[\"6\"],\"6\":\"Micheal\",\"4\":[\"33\"],\"8\":\"\",\"7\":\"Vonck\"}}', '2017-12-13 17:25:45', '2017-12-13 17:25:45', 'd473ca25-876b-438a-bd43-aca69ddf00b2'),
 ('43', '17', '3', '1', 'en_gb', '4', '', '{\"typeId\":\"3\",\"authorId\":\"1\",\"title\":\"Chloe Walshingam\",\"slug\":\"chloe-walshingam\",\"postDate\":1512947460,\"expiryDate\":null,\"enabled\":1,\"parentId\":\"\",\"fields\":{\"1\":\"<p>Fusce dapibus, tellus ac cursus commodo, tortor mauris condimentum nibh, ut fermentum massa justo sit amet risus. Vivamus sagittis lacus vel augue laoreet rutrum faucibus dolor auctor. Praesent commodo cursus magna, vel scelerisque nisl consectetur et. Donec id elit non mi porta gravida at eget metus. Duis mollis, est non commodo luctus, nisi erat porttitor ligula, eget lacinia odio sem nec elit.<\\/p>\",\"5\":[\"7\"],\"6\":\"Chloe\",\"4\":[\"34\"],\"8\":\"\",\"7\":\"Walshingam\"}}', '2017-12-13 17:25:55', '2017-12-13 17:25:55', 'c7042147-bee6-4394-96a4-6a1353efb627'),
 ('44', '17', '3', '1', 'en_gb', '5', '', '{\"typeId\":\"3\",\"authorId\":\"1\",\"title\":\"Chloe Walshingam\",\"slug\":\"chloe-walshingam\",\"postDate\":1512947460,\"expiryDate\":null,\"enabled\":1,\"parentId\":\"\",\"fields\":{\"1\":\"<p>Fusce dapibus, tellus ac cursus commodo, tortor mauris condimentum nibh, ut fermentum massa justo sit amet risus. Vivamus sagittis lacus vel augue laoreet rutrum faucibus dolor auctor. Praesent commodo cursus magna, vel scelerisque nisl consectetur et. Donec id elit non mi porta gravida at eget metus. Duis mollis, est non commodo luctus, nisi erat porttitor ligula, eget lacinia odio sem nec elit.<\\/p>\",\"5\":[\"10\"],\"6\":\"Chloe\",\"4\":[\"34\"],\"8\":\"\",\"7\":\"Walshingam\"}}', '2017-12-13 17:26:49', '2017-12-13 17:26:49', '175a8d48-6bdc-4650-bbfb-9ead728b58fc'),
 ('45', '59', '3', '1', 'en_gb', '1', '', '{\"typeId\":null,\"authorId\":\"1\",\"title\":\"Joaquin Hoop\",\"slug\":\"joaquin-hoop\",\"postDate\":1513186075,\"expiryDate\":null,\"enabled\":1,\"parentId\":\"\",\"fields\":{\"1\":\"\",\"5\":[\"10\"],\"6\":\"Joaquin\",\"4\":[\"35\"],\"8\":\"\",\"7\":\"Hoop\"}}', '2017-12-13 17:27:56', '2017-12-13 17:27:56', '9f78be1e-c9e5-4578-aadf-06f33db675d2'),
 ('46', '60', '3', '1', 'en_gb', '1', '', '{\"typeId\":null,\"authorId\":\"1\",\"title\":\"Jeraldine Mathers\",\"slug\":\"jeraldine-mathers\",\"postDate\":1513186137,\"expiryDate\":null,\"enabled\":1,\"parentId\":\"\",\"fields\":{\"1\":\"\",\"5\":[\"10\"],\"6\":\"Jeraldine\",\"4\":[\"36\"],\"8\":\"\",\"7\":\"Mathers\"}}', '2017-12-13 17:28:57', '2017-12-13 17:28:57', 'ff6ff500-f105-4f15-a40e-b7431804b510'),
 ('47', '61', '3', '1', 'en_gb', '1', '', '{\"typeId\":null,\"authorId\":\"1\",\"title\":\"Georgene Goodspeed\",\"slug\":\"georgene-goodspeed\",\"postDate\":1513186179,\"expiryDate\":null,\"enabled\":1,\"parentId\":\"\",\"fields\":{\"1\":\"\",\"5\":[\"10\"],\"6\":\"Georgene\",\"4\":[\"37\"],\"8\":\"\",\"7\":\"Goodspeed\"}}', '2017-12-13 17:29:39', '2017-12-13 17:29:39', '8e3306ad-0c81-419f-831c-f0af61cec42d'),
 ('48', '62', '3', '1', 'en_gb', '1', '', '{\"typeId\":null,\"authorId\":\"1\",\"title\":\"Charolette\",\"slug\":\"charolette\",\"postDate\":1513186244,\"expiryDate\":null,\"enabled\":1,\"parentId\":\"\",\"fields\":{\"1\":\"\",\"5\":[\"10\"],\"6\":\"Charolette\",\"4\":[\"38\"],\"8\":\"\",\"7\":\"Wrede\"}}', '2017-12-13 17:30:44', '2017-12-13 17:30:44', '975533c6-e7c9-4821-9026-7e3ebbb4519c'),
 ('49', '62', '3', '1', 'en_gb', '2', '', '{\"typeId\":\"3\",\"authorId\":\"1\",\"title\":\"Charolette Wrede\",\"slug\":\"charolette-wrede\",\"postDate\":1513186200,\"expiryDate\":null,\"enabled\":1,\"parentId\":\"\",\"fields\":{\"1\":\"\",\"5\":[\"10\"],\"6\":\"Charolette\",\"4\":[\"38\"],\"8\":\"\",\"7\":\"Wrede\"}}', '2017-12-13 17:31:08', '2017-12-13 17:31:08', 'cafe5c4c-8ef0-4072-a7fd-c683d6dc1132'),
 ('50', '63', '3', '1', 'en_gb', '1', '', '{\"typeId\":null,\"authorId\":\"1\",\"title\":\"Jaimie Rafael\",\"slug\":\"jaimie-rafael\",\"postDate\":1513187556,\"expiryDate\":null,\"enabled\":1,\"parentId\":\"\",\"fields\":{\"1\":\"\",\"5\":[\"10\"],\"6\":\"Jaimie\\u00a0\",\"4\":[\"39\"],\"8\":\"\",\"7\":\"Rafael\"}}', '2017-12-13 17:52:37', '2017-12-13 17:52:37', 'ea0ef4e8-0dc0-4c4c-9555-b6b817839f0d'),
 ('51', '17', '3', '1', 'en_gb', '6', '', '{\"typeId\":\"3\",\"authorId\":\"1\",\"title\":\"Chloe Walshingam\",\"slug\":\"chloe-walshingam\",\"postDate\":1512947460,\"expiryDate\":null,\"enabled\":1,\"parentId\":\"\",\"fields\":{\"1\":\"<p>Fusce dapibus, tellus ac cursus commodo, tortor mauris condimentum nibh, ut fermentum massa justo sit amet risus. Vivamus sagittis lacus vel augue laoreet rutrum faucibus dolor auctor. Praesent commodo cursus magna, vel scelerisque nisl consectetur et. Donec id elit non mi porta gravida at eget metus. Duis mollis, est non commodo luctus, nisi erat porttitor ligula, eget lacinia odio sem nec elit.<\\/p>\",\"5\":[\"10\"],\"6\":\"Chloe\",\"4\":[\"34\"],\"8\":\"\",\"7\":\"Walshingam\"}}', '2017-12-13 17:53:16', '2017-12-13 17:53:16', 'b8407c42-b2a2-44d5-9cb4-f0ee0b978c1f'),
 ('52', '64', '3', '1', 'en_gb', '1', '', '{\"typeId\":null,\"authorId\":\"1\",\"title\":\"Stephen\",\"slug\":\"stephen\",\"postDate\":1513187798,\"expiryDate\":null,\"enabled\":1,\"parentId\":\"\",\"fields\":{\"1\":\"\",\"5\":[\"7\"],\"6\":\"Stephen\",\"4\":[\"40\"],\"8\":\"\",\"7\":\"Carnley\"}}', '2017-12-13 17:56:39', '2017-12-13 17:56:39', '5347d7b6-66ee-4e9e-a4e6-bcd004ae96f0'),
 ('53', '65', '3', '1', 'en_gb', '1', '', '{\"typeId\":null,\"authorId\":\"1\",\"title\":\"Janice\",\"slug\":\"janice\",\"postDate\":1513187841,\"expiryDate\":null,\"enabled\":1,\"parentId\":\"\",\"fields\":{\"1\":\"\",\"5\":[\"7\"],\"6\":\"Janice\",\"4\":[\"41\"],\"8\":\"\",\"7\":\"Decamp\"}}', '2017-12-13 17:57:21', '2017-12-13 17:57:21', 'ddfa7a4d-5f62-41ab-90a9-2c99f1b0523b'),
 ('54', '64', '3', '1', 'en_gb', '2', '', '{\"typeId\":\"3\",\"authorId\":\"1\",\"title\":\"Stephen Carnley\",\"slug\":\"stephen-carnley\",\"postDate\":1513187760,\"expiryDate\":null,\"enabled\":1,\"parentId\":\"\",\"fields\":{\"1\":\"\",\"5\":[\"7\"],\"6\":\"Stephen\",\"4\":[\"40\"],\"8\":\"\",\"7\":\"Carnley\"}}', '2017-12-13 17:58:01', '2017-12-13 17:58:01', '6b7aac36-359e-4da7-83cd-f87854fd1000'),
 ('55', '65', '3', '1', 'en_gb', '2', '', '{\"typeId\":\"3\",\"authorId\":\"1\",\"title\":\"Janice Decamp\",\"slug\":\"janice-decamp\",\"postDate\":1513187820,\"expiryDate\":null,\"enabled\":1,\"parentId\":\"\",\"fields\":{\"1\":\"\",\"5\":[\"7\"],\"6\":\"Janice\",\"4\":[\"41\"],\"8\":\"\",\"7\":\"Decamp\"}}', '2017-12-13 17:58:15', '2017-12-13 17:58:15', 'd1e77f78-d280-4ea0-b58e-1890607699f2');



DROP TABLE IF EXISTS `craft_fieldgroups`;


--
-- Schema for table `craft_fieldgroups`
--
CREATE TABLE `craft_fieldgroups` (
  `id` int(11) NOT NULL AUTO_INCREMENT,
  `name` varchar(255) COLLATE utf8_unicode_ci NOT NULL,
  `dateCreated` datetime NOT NULL,
  `dateUpdated` datetime NOT NULL,
  `uid` char(36) COLLATE utf8_unicode_ci NOT NULL DEFAULT '0',
  PRIMARY KEY (`id`),
  UNIQUE KEY `craft_fieldgroups_name_unq_idx` (`name`)
) ENGINE=InnoDB AUTO_INCREMENT=2 DEFAULT CHARSET=utf8 COLLATE=utf8_unicode_ci;

--
-- Data for table `craft_fieldgroups`
--

INSERT INTO `craft_fieldgroups` (`id`, `name`, `dateCreated`, `dateUpdated`, `uid`) VALUES
 ('1', 'Default', '2017-12-10 22:25:19', '2017-12-10 22:25:19', 'fe947e49-bfbd-4828-a6c0-147b006bfc59');



DROP TABLE IF EXISTS `craft_fieldlayoutfields`;


--
-- Schema for table `craft_fieldlayoutfields`
--
CREATE TABLE `craft_fieldlayoutfields` (
  `id` int(11) NOT NULL AUTO_INCREMENT,
  `layoutId` int(11) NOT NULL,
  `tabId` int(11) NOT NULL,
  `fieldId` int(11) NOT NULL,
  `required` tinyint(1) unsigned NOT NULL DEFAULT '0',
  `sortOrder` smallint(6) unsigned DEFAULT NULL,
  `dateCreated` datetime NOT NULL,
  `dateUpdated` datetime NOT NULL,
  `uid` char(36) COLLATE utf8_unicode_ci NOT NULL DEFAULT '0',
  PRIMARY KEY (`id`),
  UNIQUE KEY `craft_fieldlayoutfields_layoutId_fieldId_unq_idx` (`layoutId`,`fieldId`),
  KEY `craft_fieldlayoutfields_sortOrder_idx` (`sortOrder`),
  KEY `craft_fieldlayoutfields_tabId_fk` (`tabId`),
  KEY `craft_fieldlayoutfields_fieldId_fk` (`fieldId`)
) ENGINE=InnoDB AUTO_INCREMENT=29 DEFAULT CHARSET=utf8 COLLATE=utf8_unicode_ci;

--
-- Data for table `craft_fieldlayoutfields`
--

INSERT INTO `craft_fieldlayoutfields` (`id`, `layoutId`, `tabId`, `fieldId`, `required`, `sortOrder`, `dateCreated`, `dateUpdated`, `uid`) VALUES
 ('6', '9', '4', '4', '0', '1', '2017-12-10 22:38:05', '2017-12-10 22:38:05', '880a3d11-e806-4200-bf42-226d84caa913'),
 ('7', '9', '4', '1', '1', '2', '2017-12-10 22:38:05', '2017-12-10 22:38:05', 'f33f23a6-70ee-4dec-9b60-f755ecbeb8b1'),
 ('20', '15', '9', '4', '0', '1', '2017-12-12 17:38:30', '2017-12-12 17:38:30', '50b5010c-8b2b-4eac-8062-233d60c550fb'),
 ('21', '15', '9', '8', '0', '2', '2017-12-12 17:38:30', '2017-12-12 17:38:30', '1edcdc06-d7c3-49d3-a25d-b5e3cae72fe3'),
 ('22', '15', '9', '1', '0', '3', '2017-12-12 17:38:30', '2017-12-12 17:38:30', '0012c734-cae6-42b1-99ed-922748d8ab8c'),
 ('23', '16', '10', '6', '0', '1', '2017-12-12 18:18:03', '2017-12-12 18:18:03', '346674ef-3771-415d-abab-1af7007b61e9'),
 ('24', '16', '10', '7', '0', '2', '2017-12-12 18:18:03', '2017-12-12 18:18:03', '0305f45a-18d3-47e1-80e5-5b59ac2c00fd'),
 ('25', '16', '10', '5', '0', '3', '2017-12-12 18:18:03', '2017-12-12 18:18:03', '85fb52d9-004b-4a01-8315-57d3919c5660'),
 ('26', '16', '10', '1', '0', '4', '2017-12-12 18:18:03', '2017-12-12 18:18:03', 'a37d861b-faec-4814-8d35-dfa3ca1760b4'),
 ('27', '16', '10', '4', '0', '5', '2017-12-12 18:18:03', '2017-12-12 18:18:03', 'c334496b-7820-4bd9-a6b7-fceceb6f1071'),
 ('28', '16', '10', '8', '0', '6', '2017-12-12 18:18:03', '2017-12-12 18:18:03', 'a29b038a-cac6-432c-9296-feb0dda8567a');



DROP TABLE IF EXISTS `craft_fieldlayouts`;


--
-- Schema for table `craft_fieldlayouts`
--
CREATE TABLE `craft_fieldlayouts` (
  `id` int(11) NOT NULL AUTO_INCREMENT,
  `type` varchar(150) COLLATE utf8_unicode_ci NOT NULL,
  `dateCreated` datetime NOT NULL,
  `dateUpdated` datetime NOT NULL,
  `uid` char(36) COLLATE utf8_unicode_ci NOT NULL DEFAULT '0',
  PRIMARY KEY (`id`),
  KEY `craft_fieldlayouts_type_idx` (`type`)
) ENGINE=InnoDB AUTO_INCREMENT=18 DEFAULT CHARSET=utf8 COLLATE=utf8_unicode_ci;

--
-- Data for table `craft_fieldlayouts`
--

INSERT INTO `craft_fieldlayouts` (`id`, `type`, `dateCreated`, `dateUpdated`, `uid`) VALUES
 ('1', 'Tag', '2017-12-10 22:25:19', '2017-12-10 22:25:19', 'e13dd61f-2e16-4275-8513-ae839ac639d4'),
 ('6', 'Asset', '2017-12-10 22:29:23', '2017-12-10 22:29:23', 'f1b41db4-03d2-44a1-a618-990603a416bd'),
 ('9', 'Entry', '2017-12-10 22:38:05', '2017-12-10 22:38:05', '8ad056a1-0f83-4bdf-9464-74fd6eb30e41'),
 ('15', 'Category', '2017-12-12 17:38:30', '2017-12-12 17:38:30', 'df8ec9ac-3b45-4cee-acd8-e134e9618a45'),
 ('16', 'Entry', '2017-12-12 18:18:03', '2017-12-12 18:18:03', '97539170-4185-4b37-846d-b430987a713b');



DROP TABLE IF EXISTS `craft_fieldlayouttabs`;


--
-- Schema for table `craft_fieldlayouttabs`
--
CREATE TABLE `craft_fieldlayouttabs` (
  `id` int(11) NOT NULL AUTO_INCREMENT,
  `layoutId` int(11) NOT NULL,
  `name` varchar(255) COLLATE utf8_unicode_ci NOT NULL,
  `sortOrder` smallint(6) unsigned DEFAULT NULL,
  `dateCreated` datetime NOT NULL,
  `dateUpdated` datetime NOT NULL,
  `uid` char(36) COLLATE utf8_unicode_ci NOT NULL DEFAULT '0',
  PRIMARY KEY (`id`),
  KEY `craft_fieldlayouttabs_sortOrder_idx` (`sortOrder`),
  KEY `craft_fieldlayouttabs_layoutId_fk` (`layoutId`)
) ENGINE=InnoDB AUTO_INCREMENT=11 DEFAULT CHARSET=utf8 COLLATE=utf8_unicode_ci;

--
-- Data for table `craft_fieldlayouttabs`
--

INSERT INTO `craft_fieldlayouttabs` (`id`, `layoutId`, `name`, `sortOrder`, `dateCreated`, `dateUpdated`, `uid`) VALUES
 ('4', '9', 'Content', '1', '2017-12-10 22:38:05', '2017-12-10 22:38:05', '74c45647-afee-45aa-9189-77e90da3bd2d'),
 ('9', '15', 'Layout', '1', '2017-12-12 17:38:30', '2017-12-12 17:38:30', '6e1d4aaf-b116-42a6-a5f4-84401e635c4f'),
 ('10', '16', 'Layout', '1', '2017-12-12 18:18:03', '2017-12-12 18:18:03', '7a264fda-065e-45b1-abbf-bc0b27cfc325');



DROP TABLE IF EXISTS `craft_fields`;


--
-- Schema for table `craft_fields`
--
CREATE TABLE `craft_fields` (
  `id` int(11) NOT NULL AUTO_INCREMENT,
  `groupId` int(11) DEFAULT NULL,
  `name` varchar(255) COLLATE utf8_unicode_ci NOT NULL,
  `handle` varchar(58) COLLATE utf8_unicode_ci NOT NULL,
  `context` varchar(255) COLLATE utf8_unicode_ci NOT NULL DEFAULT 'global',
  `instructions` text COLLATE utf8_unicode_ci,
  `translatable` tinyint(1) unsigned NOT NULL DEFAULT '0',
  `type` varchar(150) COLLATE utf8_unicode_ci NOT NULL,
  `settings` text COLLATE utf8_unicode_ci,
  `dateCreated` datetime NOT NULL,
  `dateUpdated` datetime NOT NULL,
  `uid` char(36) COLLATE utf8_unicode_ci NOT NULL DEFAULT '0',
  PRIMARY KEY (`id`),
  UNIQUE KEY `craft_fields_handle_context_unq_idx` (`handle`,`context`),
  KEY `craft_fields_context_idx` (`context`),
  KEY `craft_fields_groupId_fk` (`groupId`)
) ENGINE=InnoDB AUTO_INCREMENT=9 DEFAULT CHARSET=utf8 COLLATE=utf8_unicode_ci;

--
-- Data for table `craft_fields`
--

INSERT INTO `craft_fields` (`id`, `groupId`, `name`, `handle`, `context`, `instructions`, `translatable`, `type`, `settings`, `dateCreated`, `dateUpdated`, `uid`) VALUES
 ('1', '1', 'Body', 'body', 'global', NULL, '1', 'RichText', '{\"configFile\":\"Standard.json\",\"columnType\":\"text\"}', '2017-12-10 22:25:19', '2017-12-10 22:25:19', 'a61d9864-d0f4-42bc-bc12-50bb4100f1cc'),
 ('2', '1', 'Tags', 'tags', 'global', NULL, '0', 'Tags', '{\"source\":\"taggroup:1\"}', '2017-12-10 22:25:19', '2017-12-10 22:25:19', '992e48a5-1d7f-49b1-aa6f-9a4855a6a8bb'),
 ('4', '1', 'Hero Image', 'heroImage', 'global', '', '0', 'Assets', '{\"useSingleFolder\":\"\",\"sources\":[\"folder:1\"],\"defaultUploadLocationSource\":\"1\",\"defaultUploadLocationSubpath\":\"\",\"singleUploadLocationSource\":\"1\",\"singleUploadLocationSubpath\":\"\",\"restrictFiles\":\"\",\"limit\":\"1\",\"viewMode\":\"large\",\"selectionLabel\":\"\"}', '2017-12-10 22:36:36', '2017-12-10 22:36:36', '79bc9b20-55eb-4380-ab8c-b9f380ada7f7'),
 ('5', '1', 'Class', 'class', 'global', '', '0', 'Categories', '{\"source\":\"group:1\",\"limit\":\"1\",\"selectionLabel\":\"Add a Class\"}', '2017-12-10 23:07:53', '2017-12-10 23:08:14', '255a95d0-1723-4c9a-b244-11745d6c203e'),
 ('6', '1', 'Forename', 'forename', 'global', '', '0', 'PlainText', '{\"placeholder\":\"\",\"maxLength\":\"\",\"multiline\":\"\",\"initialRows\":\"4\"}', '2017-12-12 17:25:25', '2017-12-12 17:25:25', '5dc99797-1bb0-4bf9-bbb2-ccacb108304e'),
 ('7', '1', 'Surname', 'surname', 'global', '', '0', 'PlainText', '{\"placeholder\":\"\",\"maxLength\":\"\",\"multiline\":\"\",\"initialRows\":\"4\"}', '2017-12-12 17:25:34', '2017-12-13 17:53:07', 'c27f4a2d-7aaf-484a-b4b1-88618d31e774'),
 ('8', '1', 'Hero Image Landscape', 'heroImageLandscape', 'global', '', '0', 'Assets', '{\"useSingleFolder\":\"\",\"sources\":[\"folder:1\"],\"defaultUploadLocationSource\":\"1\",\"defaultUploadLocationSubpath\":\"\",\"singleUploadLocationSource\":\"1\",\"singleUploadLocationSubpath\":\"\",\"restrictFiles\":\"\",\"limit\":\"\",\"viewMode\":\"large\",\"selectionLabel\":\"\"}', '2017-12-12 17:37:35', '2017-12-12 17:37:35', '9c7c75e8-4ad4-468f-98ab-934af0418927');



DROP TABLE IF EXISTS `craft_globalsets`;


--
-- Schema for table `craft_globalsets`
--
CREATE TABLE `craft_globalsets` (
  `id` int(11) NOT NULL,
  `name` varchar(255) COLLATE utf8_unicode_ci NOT NULL,
  `handle` varchar(255) COLLATE utf8_unicode_ci NOT NULL,
  `fieldLayoutId` int(10) DEFAULT NULL,
  `dateCreated` datetime NOT NULL,
  `dateUpdated` datetime NOT NULL,
  `uid` char(36) COLLATE utf8_unicode_ci NOT NULL DEFAULT '0',
  PRIMARY KEY (`id`),
  UNIQUE KEY `craft_globalsets_name_unq_idx` (`name`),
  UNIQUE KEY `craft_globalsets_handle_unq_idx` (`handle`),
  KEY `craft_globalsets_fieldLayoutId_fk` (`fieldLayoutId`)
) ENGINE=InnoDB DEFAULT CHARSET=utf8 COLLATE=utf8_unicode_ci;

DROP TABLE IF EXISTS `craft_info`;


--
-- Schema for table `craft_info`
--
CREATE TABLE `craft_info` (
  `id` int(11) NOT NULL AUTO_INCREMENT,
  `version` varchar(50) COLLATE utf8_unicode_ci NOT NULL,
  `schemaVersion` varchar(15) COLLATE utf8_unicode_ci NOT NULL,
  `edition` tinyint(1) unsigned NOT NULL DEFAULT '0',
  `siteName` varchar(100) COLLATE utf8_unicode_ci NOT NULL,
  `siteUrl` varchar(255) COLLATE utf8_unicode_ci NOT NULL,
  `timezone` varchar(30) COLLATE utf8_unicode_ci DEFAULT NULL,
  `on` tinyint(1) unsigned NOT NULL DEFAULT '0',
  `maintenance` tinyint(1) unsigned NOT NULL DEFAULT '0',
  `dateCreated` datetime NOT NULL,
  `dateUpdated` datetime NOT NULL,
  `uid` char(36) COLLATE utf8_unicode_ci NOT NULL DEFAULT '0',
  PRIMARY KEY (`id`)
) ENGINE=InnoDB AUTO_INCREMENT=2 DEFAULT CHARSET=utf8 COLLATE=utf8_unicode_ci;

--
-- Data for table `craft_info`
--

INSERT INTO `craft_info` (`id`, `version`, `schemaVersion`, `edition`, `siteName`, `siteUrl`, `timezone`, `on`, `maintenance`, `dateCreated`, `dateUpdated`, `uid`) VALUES
 ('1', '2.6.3000', '2.6.13', '0', 'Class of 2018', 'http://gareths-imac.local:5757', 'UTC', '1', '0', '2017-12-10 22:25:14', '2017-12-10 22:25:14', 'f9f6adc3-15c1-4e8d-a195-1294f36daa14');



DROP TABLE IF EXISTS `craft_locales`;


--
-- Schema for table `craft_locales`
--
CREATE TABLE `craft_locales` (
  `locale` char(12) COLLATE utf8_unicode_ci NOT NULL,
  `sortOrder` smallint(6) unsigned DEFAULT NULL,
  `dateCreated` datetime NOT NULL,
  `dateUpdated` datetime NOT NULL,
  `uid` char(36) COLLATE utf8_unicode_ci NOT NULL DEFAULT '0',
  PRIMARY KEY (`locale`),
  KEY `craft_locales_sortOrder_idx` (`sortOrder`)
) ENGINE=InnoDB DEFAULT CHARSET=utf8 COLLATE=utf8_unicode_ci;

--
-- Data for table `craft_locales`
--

INSERT INTO `craft_locales` (`locale`, `sortOrder`, `dateCreated`, `dateUpdated`, `uid`) VALUES
 ('en_gb', '1', '2017-12-10 22:25:15', '2017-12-10 22:25:15', 'a221d221-da96-45e1-a349-73f4f0d5d2c1');



DROP TABLE IF EXISTS `craft_matrixblocks`;


--
-- Schema for table `craft_matrixblocks`
--
CREATE TABLE `craft_matrixblocks` (
  `id` int(11) NOT NULL,
  `ownerId` int(11) NOT NULL,
  `fieldId` int(11) NOT NULL,
  `typeId` int(11) DEFAULT NULL,
  `sortOrder` smallint(6) unsigned DEFAULT NULL,
  `ownerLocale` char(12) COLLATE utf8_unicode_ci DEFAULT NULL,
  `dateCreated` datetime NOT NULL,
  `dateUpdated` datetime NOT NULL,
  `uid` char(36) COLLATE utf8_unicode_ci NOT NULL DEFAULT '0',
  PRIMARY KEY (`id`),
  KEY `craft_matrixblocks_ownerId_idx` (`ownerId`),
  KEY `craft_matrixblocks_fieldId_idx` (`fieldId`),
  KEY `craft_matrixblocks_typeId_idx` (`typeId`),
  KEY `craft_matrixblocks_sortOrder_idx` (`sortOrder`),
  KEY `craft_matrixblocks_ownerLocale_fk` (`ownerLocale`)
) ENGINE=InnoDB DEFAULT CHARSET=utf8 COLLATE=utf8_unicode_ci;

DROP TABLE IF EXISTS `craft_matrixblocktypes`;


--
-- Schema for table `craft_matrixblocktypes`
--
CREATE TABLE `craft_matrixblocktypes` (
  `id` int(11) NOT NULL AUTO_INCREMENT,
  `fieldId` int(11) NOT NULL,
  `fieldLayoutId` int(11) DEFAULT NULL,
  `name` varchar(255) COLLATE utf8_unicode_ci NOT NULL,
  `handle` varchar(255) COLLATE utf8_unicode_ci NOT NULL,
  `sortOrder` smallint(6) unsigned DEFAULT NULL,
  `dateCreated` datetime NOT NULL,
  `dateUpdated` datetime NOT NULL,
  `uid` char(36) COLLATE utf8_unicode_ci NOT NULL DEFAULT '0',
  PRIMARY KEY (`id`),
  UNIQUE KEY `craft_matrixblocktypes_name_fieldId_unq_idx` (`name`,`fieldId`),
  UNIQUE KEY `craft_matrixblocktypes_handle_fieldId_unq_idx` (`handle`,`fieldId`),
  KEY `craft_matrixblocktypes_fieldId_fk` (`fieldId`),
  KEY `craft_matrixblocktypes_fieldLayoutId_fk` (`fieldLayoutId`)
) ENGINE=InnoDB DEFAULT CHARSET=utf8 COLLATE=utf8_unicode_ci;

DROP TABLE IF EXISTS `craft_migrations`;


--
-- Schema for table `craft_migrations`
--
CREATE TABLE `craft_migrations` (
  `id` int(11) NOT NULL AUTO_INCREMENT,
  `pluginId` int(11) DEFAULT NULL,
  `version` varchar(255) COLLATE utf8_unicode_ci NOT NULL,
  `applyTime` datetime NOT NULL,
  `dateCreated` datetime NOT NULL,
  `dateUpdated` datetime NOT NULL,
  `uid` char(36) COLLATE utf8_unicode_ci NOT NULL DEFAULT '0',
  PRIMARY KEY (`id`),
  UNIQUE KEY `craft_migrations_version_unq_idx` (`version`),
  KEY `craft_migrations_pluginId_fk` (`pluginId`)
) ENGINE=InnoDB AUTO_INCREMENT=43 DEFAULT CHARSET=utf8 COLLATE=utf8_unicode_ci;

--
-- Data for table `craft_migrations`
--

INSERT INTO `craft_migrations` (`id`, `pluginId`, `version`, `applyTime`, `dateCreated`, `dateUpdated`, `uid`) VALUES
 ('1', NULL, 'm000000_000000_base', '2017-12-10 22:25:14', '2017-12-10 22:25:14', '2017-12-10 22:25:14', '23128267-4883-418d-9ad2-80e511d20698'),
 ('2', NULL, 'm140730_000001_add_filename_and_format_to_transformindex', '2017-12-10 22:25:14', '2017-12-10 22:25:14', '2017-12-10 22:25:14', '84bab061-721c-435c-8d82-b5201c58030e'),
 ('3', NULL, 'm140815_000001_add_format_to_transforms', '2017-12-10 22:25:14', '2017-12-10 22:25:14', '2017-12-10 22:25:14', '89b2777d-15dc-4cd8-b964-e38aba5a44d2'),
 ('4', NULL, 'm140822_000001_allow_more_than_128_items_per_field', '2017-12-10 22:25:14', '2017-12-10 22:25:14', '2017-12-10 22:25:14', '6136db55-f341-4039-9362-3e289f03c1b2'),
 ('5', NULL, 'm140829_000001_single_title_formats', '2017-12-10 22:25:14', '2017-12-10 22:25:14', '2017-12-10 22:25:14', 'ed5f4bac-760e-4340-9637-7bc053278806'),
 ('6', NULL, 'm140831_000001_extended_cache_keys', '2017-12-10 22:25:14', '2017-12-10 22:25:14', '2017-12-10 22:25:14', 'fd1a34b0-820b-46e4-a9d1-fec61f1190e8'),
 ('7', NULL, 'm140922_000001_delete_orphaned_matrix_blocks', '2017-12-10 22:25:14', '2017-12-10 22:25:14', '2017-12-10 22:25:14', '0f33f06c-652f-47ce-85bf-87c52211a3a2'),
 ('8', NULL, 'm141008_000001_elements_index_tune', '2017-12-10 22:25:14', '2017-12-10 22:25:14', '2017-12-10 22:25:14', '51995919-dc23-4581-af2a-9e02e76857b4'),
 ('9', NULL, 'm141009_000001_assets_source_handle', '2017-12-10 22:25:14', '2017-12-10 22:25:14', '2017-12-10 22:25:14', 'da5f749a-2d94-499b-8ef6-c6b2185da850'),
 ('10', NULL, 'm141024_000001_field_layout_tabs', '2017-12-10 22:25:14', '2017-12-10 22:25:14', '2017-12-10 22:25:14', 'add7a914-9939-47f9-9e57-b6b4f8bdc34c'),
 ('11', NULL, 'm141030_000000_plugin_schema_versions', '2017-12-10 22:25:14', '2017-12-10 22:25:14', '2017-12-10 22:25:14', '1dd281ad-8a4b-4e27-8574-11864fba0801'),
 ('12', NULL, 'm141030_000001_drop_structure_move_permission', '2017-12-10 22:25:14', '2017-12-10 22:25:14', '2017-12-10 22:25:14', '52cb7bf1-9580-4f0d-867a-dedf9999daca'),
 ('13', NULL, 'm141103_000001_tag_titles', '2017-12-10 22:25:14', '2017-12-10 22:25:14', '2017-12-10 22:25:14', '89075cc5-5d3e-4f39-9949-0f278bc5c23f'),
 ('14', NULL, 'm141109_000001_user_status_shuffle', '2017-12-10 22:25:14', '2017-12-10 22:25:14', '2017-12-10 22:25:14', 'b1924683-a4a0-440b-accc-6c4ea95f17a9'),
 ('15', NULL, 'm141126_000001_user_week_start_day', '2017-12-10 22:25:14', '2017-12-10 22:25:14', '2017-12-10 22:25:14', '0a7b0661-1d43-4a50-ad4e-87e2311b79af'),
 ('16', NULL, 'm150210_000001_adjust_user_photo_size', '2017-12-10 22:25:14', '2017-12-10 22:25:14', '2017-12-10 22:25:14', 'c57db7cc-7477-458b-b51b-69ef0f5f13c0'),
 ('17', NULL, 'm150724_000001_adjust_quality_settings', '2017-12-10 22:25:14', '2017-12-10 22:25:14', '2017-12-10 22:25:14', '9660d986-f397-4d09-9c88-a573d8df81e1'),
 ('18', NULL, 'm150827_000000_element_index_settings', '2017-12-10 22:25:14', '2017-12-10 22:25:14', '2017-12-10 22:25:14', '83f6d0a8-06aa-46ff-aa98-30e4a048e354'),
 ('19', NULL, 'm150918_000001_add_colspan_to_widgets', '2017-12-10 22:25:14', '2017-12-10 22:25:14', '2017-12-10 22:25:14', '1e696f95-7091-41da-8924-c10fd7599bf4'),
 ('20', NULL, 'm151007_000000_clear_asset_caches', '2017-12-10 22:25:14', '2017-12-10 22:25:14', '2017-12-10 22:25:14', 'fa361f6d-4255-482a-8513-6db825ea3757'),
 ('21', NULL, 'm151109_000000_text_url_formats', '2017-12-10 22:25:14', '2017-12-10 22:25:14', '2017-12-10 22:25:14', '5d2ea703-7faa-4516-baf7-c272a138ac38'),
 ('22', NULL, 'm151110_000000_move_logo', '2017-12-10 22:25:14', '2017-12-10 22:25:14', '2017-12-10 22:25:14', '5c6622c3-5e81-4b94-9c25-0934d2a7282d'),
 ('23', NULL, 'm151117_000000_adjust_image_widthheight', '2017-12-10 22:25:14', '2017-12-10 22:25:14', '2017-12-10 22:25:14', 'a8bb78f1-dd1a-4682-9385-8b66804af750'),
 ('24', NULL, 'm151127_000000_clear_license_key_status', '2017-12-10 22:25:14', '2017-12-10 22:25:14', '2017-12-10 22:25:14', '5ce90a4e-7b75-417b-920c-a1a4c7f7a849'),
 ('25', NULL, 'm151127_000000_plugin_license_keys', '2017-12-10 22:25:14', '2017-12-10 22:25:14', '2017-12-10 22:25:14', '607e7302-8474-40a5-a943-be1e59e611c4'),
 ('26', NULL, 'm151130_000000_update_pt_widget_feeds', '2017-12-10 22:25:14', '2017-12-10 22:25:14', '2017-12-10 22:25:14', 'cfa921cc-7e68-4a04-a784-0b0afe284697'),
 ('27', NULL, 'm160114_000000_asset_sources_public_url_default_true', '2017-12-10 22:25:14', '2017-12-10 22:25:14', '2017-12-10 22:25:14', 'cec3d9a8-f233-482f-9e95-8f62f4dc5540'),
 ('28', NULL, 'm160223_000000_sortorder_to_smallint', '2017-12-10 22:25:14', '2017-12-10 22:25:14', '2017-12-10 22:25:14', '8fb8955c-8092-445c-ab86-e9dac0d1c7bc'),
 ('29', NULL, 'm160229_000000_set_default_entry_statuses', '2017-12-10 22:25:14', '2017-12-10 22:25:14', '2017-12-10 22:25:14', 'bed5749c-f816-4a3e-8749-f92813156556'),
 ('30', NULL, 'm160304_000000_client_permissions', '2017-12-10 22:25:14', '2017-12-10 22:25:14', '2017-12-10 22:25:14', '63df42fe-51a8-4786-88f8-d6c4f4708b7a'),
 ('31', NULL, 'm160322_000000_asset_filesize', '2017-12-10 22:25:14', '2017-12-10 22:25:14', '2017-12-10 22:25:14', 'd410b0c6-278d-4591-b5b8-cf90bb03423b'),
 ('32', NULL, 'm160503_000000_orphaned_fieldlayouts', '2017-12-10 22:25:14', '2017-12-10 22:25:14', '2017-12-10 22:25:14', '63093af8-26b8-4a0a-8cb6-bbfc401fcd93'),
 ('33', NULL, 'm160510_000000_tasksettings', '2017-12-10 22:25:14', '2017-12-10 22:25:14', '2017-12-10 22:25:14', '02b4b7b5-f608-416a-bd87-4f53ac68512b'),
 ('34', NULL, 'm160829_000000_pending_user_content_cleanup', '2017-12-10 22:25:14', '2017-12-10 22:25:14', '2017-12-10 22:25:14', 'e21b4607-27a9-4ab3-8437-2860171549b2'),
 ('35', NULL, 'm160830_000000_asset_index_uri_increase', '2017-12-10 22:25:14', '2017-12-10 22:25:14', '2017-12-10 22:25:14', '6e8daac4-0d4d-485c-97ed-b6bbfe41559e'),
 ('36', NULL, 'm160919_000000_usergroup_handle_title_unique', '2017-12-10 22:25:14', '2017-12-10 22:25:14', '2017-12-10 22:25:14', '98d2f2e1-a6a9-4fe6-b784-14a47634f7e7'),
 ('37', NULL, 'm161108_000000_new_version_format', '2017-12-10 22:25:14', '2017-12-10 22:25:14', '2017-12-10 22:25:14', 'f6f21ee0-04a0-4640-940f-380309062902'),
 ('38', NULL, 'm161109_000000_index_shuffle', '2017-12-10 22:25:14', '2017-12-10 22:25:14', '2017-12-10 22:25:14', '2aeb0835-fd70-43e7-8b7d-8ccfc90d5774'),
 ('39', NULL, 'm170612_000000_route_index_shuffle', '2017-12-10 22:25:14', '2017-12-10 22:25:14', '2017-12-10 22:25:14', '9ade6c74-58d4-45b9-aff5-8fd33c24ac34'),
 ('40', NULL, 'm171107_000000_assign_group_permissions', '2017-12-10 22:25:14', '2017-12-10 22:25:14', '2017-12-10 22:25:14', 'be98094d-456c-4fb3-aa98-ebe73c13faf0'),
 ('41', NULL, 'm171117_000001_templatecache_index_tune', '2017-12-10 22:25:14', '2017-12-10 22:25:14', '2017-12-10 22:25:14', '4fcf721d-4c16-49c4-8148-684c95964271'),
 ('42', NULL, 'm171204_000001_templatecache_index_tune_deux', '2017-12-10 22:25:14', '2017-12-10 22:25:14', '2017-12-10 22:25:14', '228ea2fa-9170-4e63-8213-6a22458163fa');



DROP TABLE IF EXISTS `craft_plugins`;


--
-- Schema for table `craft_plugins`
--
CREATE TABLE `craft_plugins` (
  `id` int(11) NOT NULL AUTO_INCREMENT,
  `class` varchar(150) COLLATE utf8_unicode_ci NOT NULL,
  `version` varchar(15) COLLATE utf8_unicode_ci NOT NULL,
  `schemaVersion` varchar(15) COLLATE utf8_unicode_ci DEFAULT NULL,
  `licenseKey` char(24) COLLATE utf8_unicode_ci DEFAULT NULL,
  `licenseKeyStatus` enum('valid','invalid','mismatched','unknown') COLLATE utf8_unicode_ci NOT NULL DEFAULT 'unknown',
  `enabled` tinyint(1) unsigned NOT NULL DEFAULT '0',
  `settings` text COLLATE utf8_unicode_ci,
  `installDate` datetime NOT NULL,
  `dateCreated` datetime NOT NULL,
  `dateUpdated` datetime NOT NULL,
  `uid` char(36) COLLATE utf8_unicode_ci NOT NULL DEFAULT '0',
  PRIMARY KEY (`id`)
) ENGINE=InnoDB DEFAULT CHARSET=utf8 COLLATE=utf8_unicode_ci;

DROP TABLE IF EXISTS `craft_rackspaceaccess`;


--
-- Schema for table `craft_rackspaceaccess`
--
CREATE TABLE `craft_rackspaceaccess` (
  `id` int(11) NOT NULL AUTO_INCREMENT,
  `connectionKey` varchar(255) COLLATE utf8_unicode_ci NOT NULL,
  `token` varchar(255) COLLATE utf8_unicode_ci NOT NULL,
  `storageUrl` varchar(255) COLLATE utf8_unicode_ci NOT NULL,
  `cdnUrl` varchar(255) COLLATE utf8_unicode_ci NOT NULL,
  `dateCreated` datetime NOT NULL,
  `dateUpdated` datetime NOT NULL,
  `uid` char(36) COLLATE utf8_unicode_ci NOT NULL DEFAULT '0',
  PRIMARY KEY (`id`),
  UNIQUE KEY `craft_rackspaceaccess_connectionKey_unq_idx` (`connectionKey`)
) ENGINE=InnoDB DEFAULT CHARSET=utf8 COLLATE=utf8_unicode_ci;

DROP TABLE IF EXISTS `craft_relations`;


--
-- Schema for table `craft_relations`
--
CREATE TABLE `craft_relations` (
  `id` int(11) NOT NULL AUTO_INCREMENT,
  `fieldId` int(11) NOT NULL,
  `sourceId` int(11) NOT NULL,
  `sourceLocale` char(12) COLLATE utf8_unicode_ci DEFAULT NULL,
  `targetId` int(11) NOT NULL,
  `sortOrder` smallint(6) DEFAULT NULL,
  `dateCreated` datetime NOT NULL,
  `dateUpdated` datetime NOT NULL,
  `uid` char(36) COLLATE utf8_unicode_ci NOT NULL DEFAULT '0',
  PRIMARY KEY (`id`),
  UNIQUE KEY `craft_relations_fieldId_sourceId_sourceLocale_targetId_unq_idx` (`fieldId`,`sourceId`,`sourceLocale`,`targetId`),
  KEY `craft_relations_sourceId_fk` (`sourceId`),
  KEY `craft_relations_sourceLocale_fk` (`sourceLocale`),
  KEY `craft_relations_targetId_fk` (`targetId`)
) ENGINE=InnoDB AUTO_INCREMENT=100 DEFAULT CHARSET=utf8 COLLATE=utf8_unicode_ci;

--
-- Data for table `craft_relations`
--

INSERT INTO `craft_relations` (`id`, `fieldId`, `sourceId`, `sourceLocale`, `targetId`, `sortOrder`, `dateCreated`, `dateUpdated`, `uid`) VALUES
 ('37', '4', '2', NULL, '4', '1', '2017-12-12 15:45:07', '2017-12-12 15:45:07', '79b57530-dcc8-41aa-8855-d230248fae65'),
 ('56', '4', '6', NULL, '13', '1', '2017-12-12 18:30:49', '2017-12-12 18:30:49', '275687d0-5dce-4741-9e10-d2a72d0bdb35'),
 ('57', '8', '6', NULL, '24', '1', '2017-12-12 18:30:49', '2017-12-12 18:30:49', '3d94dfd1-edce-415b-b8a6-60f27ba9c9c1'),
 ('58', '4', '7', NULL, '14', '1', '2017-12-12 18:31:05', '2017-12-12 18:31:05', 'dbba0914-b761-4d93-95fd-8046f841a6f8'),
 ('59', '4', '8', NULL, '15', '1', '2017-12-12 18:31:12', '2017-12-12 18:31:12', '2a5f6eae-99df-478f-af82-04ff06e5777a'),
 ('60', '4', '9', NULL, '5', '1', '2017-12-12 18:31:26', '2017-12-12 18:31:26', '3be7112c-dea8-4247-a8f3-3baebecab259'),
 ('61', '4', '10', NULL, '12', '1', '2017-12-12 18:31:37', '2017-12-12 18:31:37', '3b0f4ab2-addc-4769-8e97-e303a9ff0433'),
 ('62', '5', '20', NULL, '6', '1', '2017-12-13 17:24:42', '2017-12-13 17:24:42', 'dcc0ce67-2684-4dee-811e-a0b3817ae3cc'),
 ('63', '4', '20', NULL, '28', '1', '2017-12-13 17:24:42', '2017-12-13 17:24:42', '2354c725-4bb5-40be-85a4-c9169bc68da5'),
 ('64', '5', '16', NULL, '6', '1', '2017-12-13 17:25:00', '2017-12-13 17:25:00', '1ddb9cac-009f-4abf-ad55-1c44f3e85a39'),
 ('65', '4', '16', NULL, '29', '1', '2017-12-13 17:25:00', '2017-12-13 17:25:00', '24103809-4e41-44d4-ba64-ca8f546183a0'),
 ('66', '5', '19', NULL, '6', '1', '2017-12-13 17:25:09', '2017-12-13 17:25:09', '82d612b8-0abb-448f-82d1-1dc200bc584c'),
 ('67', '4', '19', NULL, '30', '1', '2017-12-13 17:25:09', '2017-12-13 17:25:09', '53949006-7868-4c1f-8d21-c8919a8b6f5a'),
 ('68', '5', '21', NULL, '6', '1', '2017-12-13 17:25:24', '2017-12-13 17:25:24', '57d7a9e5-b70d-4aa8-b74a-63787a95f28d'),
 ('69', '4', '21', NULL, '31', '1', '2017-12-13 17:25:24', '2017-12-13 17:25:24', '014ec488-ffeb-43f6-b63d-463309f9d5d9'),
 ('70', '5', '22', NULL, '6', '1', '2017-12-13 17:25:35', '2017-12-13 17:25:35', '69ca8ca6-2a88-4869-a155-01ec200e0a31'),
 ('71', '4', '22', NULL, '32', '1', '2017-12-13 17:25:35', '2017-12-13 17:25:35', '89d7cfc3-924c-47ed-8e2f-13e97fb4a740'),
 ('72', '5', '23', NULL, '6', '1', '2017-12-13 17:25:45', '2017-12-13 17:25:45', '4629ca76-3bc3-453a-94c2-379d31ce4573'),
 ('73', '4', '23', NULL, '33', '1', '2017-12-13 17:25:45', '2017-12-13 17:25:45', '6b5aa8ce-b033-46f8-af4e-27d5a58ae16e'),
 ('78', '5', '59', NULL, '10', '1', '2017-12-13 17:27:55', '2017-12-13 17:27:55', '70a0dd98-d8ea-4cdd-b7ee-a586fa2c1da8'),
 ('79', '4', '59', NULL, '35', '1', '2017-12-13 17:27:55', '2017-12-13 17:27:55', '8d671cd8-0ee4-466a-b99b-3006b19e71ae'),
 ('80', '5', '60', NULL, '10', '1', '2017-12-13 17:28:57', '2017-12-13 17:28:57', '0f8abe69-5d3e-4560-92cc-9c51cc4e1742'),
 ('81', '4', '60', NULL, '36', '1', '2017-12-13 17:28:57', '2017-12-13 17:28:57', '1bad6fc5-8abc-4cd8-be47-8cc931d23fd3'),
 ('82', '5', '61', NULL, '10', '1', '2017-12-13 17:29:39', '2017-12-13 17:29:39', 'fca71d55-5350-4e4e-8660-05fdaa4d2e87'),
 ('83', '4', '61', NULL, '37', '1', '2017-12-13 17:29:39', '2017-12-13 17:29:39', 'd2a6fb88-6d6c-4d88-b8ae-1cbdd7e5a87e'),
 ('86', '5', '62', NULL, '10', '1', '2017-12-13 17:31:08', '2017-12-13 17:31:08', '2aad7880-7b13-478a-b4f0-02ca6a641406'),
 ('87', '4', '62', NULL, '38', '1', '2017-12-13 17:31:08', '2017-12-13 17:31:08', 'da4d900f-a06d-431d-b45f-674a4e5695c6'),
 ('88', '5', '63', NULL, '10', '1', '2017-12-13 17:52:37', '2017-12-13 17:52:37', 'e5e312fa-f9a9-4721-b510-24ceef34a16b'),
 ('89', '4', '63', NULL, '39', '1', '2017-12-13 17:52:37', '2017-12-13 17:52:37', 'd577ee17-43ab-4eec-a2f4-31d07c1132f2'),
 ('90', '5', '17', NULL, '10', '1', '2017-12-13 17:53:16', '2017-12-13 17:53:16', '311c7c62-f20b-4eef-9cec-4280f46f9058'),
 ('91', '4', '17', NULL, '34', '1', '2017-12-13 17:53:16', '2017-12-13 17:53:16', '0e1edbb8-77cb-4e37-af72-6a0634351aa2'),
 ('96', '5', '64', NULL, '7', '1', '2017-12-13 17:58:01', '2017-12-13 17:58:01', '5f79b5e7-78f5-4443-9b79-444e327b91cf'),
 ('97', '4', '64', NULL, '40', '1', '2017-12-13 17:58:01', '2017-12-13 17:58:01', '12fee1d3-ce9a-470a-98d8-be37166b8347'),
 ('98', '5', '65', NULL, '7', '1', '2017-12-13 17:58:15', '2017-12-13 17:58:15', 'f31af7a7-3510-4c0a-99db-915a79bd908c'),
 ('99', '4', '65', NULL, '41', '1', '2017-12-13 17:58:15', '2017-12-13 17:58:15', '872fe4fe-b23d-4c3b-a35c-739e1ca1e49b');



DROP TABLE IF EXISTS `craft_routes`;


--
-- Schema for table `craft_routes`
--
CREATE TABLE `craft_routes` (
  `id` int(11) NOT NULL AUTO_INCREMENT,
  `locale` char(12) COLLATE utf8_unicode_ci DEFAULT NULL,
  `urlParts` varchar(255) COLLATE utf8_unicode_ci NOT NULL,
  `urlPattern` varchar(255) COLLATE utf8_unicode_ci NOT NULL,
  `template` varchar(255) COLLATE utf8_unicode_ci NOT NULL,
  `sortOrder` smallint(6) unsigned DEFAULT NULL,
  `dateCreated` datetime NOT NULL,
  `dateUpdated` datetime NOT NULL,
  `uid` char(36) COLLATE utf8_unicode_ci NOT NULL DEFAULT '0',
  PRIMARY KEY (`id`),
  KEY `craft_routes_locale_idx` (`locale`),
  KEY `craft_routes_urlPattern_idx` (`urlPattern`)
) ENGINE=InnoDB DEFAULT CHARSET=utf8 COLLATE=utf8_unicode_ci;

DROP TABLE IF EXISTS `craft_searchindex`;


--
-- Schema for table `craft_searchindex`
--
CREATE TABLE `craft_searchindex` (
  `elementId` int(11) NOT NULL,
  `attribute` varchar(25) COLLATE utf8_unicode_ci NOT NULL,
  `fieldId` int(11) NOT NULL,
  `locale` char(12) COLLATE utf8_unicode_ci NOT NULL,
  `keywords` text COLLATE utf8_unicode_ci NOT NULL,
  PRIMARY KEY (`elementId`,`attribute`,`fieldId`,`locale`),
  FULLTEXT KEY `craft_searchindex_keywords_idx` (`keywords`)
) ENGINE=MyISAM DEFAULT CHARSET=utf8 COLLATE=utf8_unicode_ci;

--
-- Data for table `craft_searchindex`
--

INSERT INTO `craft_searchindex` (`elementId`, `attribute`, `fieldId`, `locale`, `keywords`) VALUES
 ('4', 'filename', '0', 'en_gb', ' index hero test jpg '),
 ('4', 'extension', '0', 'en_gb', ' jpg '),
 ('4', 'kind', '0', 'en_gb', ' image '),
 ('4', 'slug', '0', 'en_gb', ' index hero test '),
 ('4', 'title', '0', 'en_gb', ' index hero test '),
 ('5', 'filename', '0', 'en_gb', ' creators hero jpg '),
 ('5', 'extension', '0', 'en_gb', ' jpg '),
 ('5', 'kind', '0', 'en_gb', ' image '),
 ('5', 'slug', '0', 'en_gb', ' creators hero '),
 ('5', 'title', '0', 'en_gb', ' creators hero '),
 ('7', 'slug', '0', 'en_gb', ' noisey '),
 ('7', 'title', '0', 'en_gb', ' noisey '),
 ('7', 'field', '4', 'en_gb', ' noisey hero '),
 ('7', 'field', '1', 'en_gb', ' donec ullamcorper nulla non metus auctor fringilla aenean eu leo quam pellentesque ornare sem lacinia quam venenatis vestibulum curabitur blandit tempus porttitor etiam porta sem malesuada magna mollis euismod '),
 ('6', 'slug', '0', 'en_gb', ' munchies '),
 ('6', 'title', '0', 'en_gb', ' munchies '),
 ('6', 'field', '4', 'en_gb', ' munchies hero '),
 ('6', 'field', '1', 'en_gb', ' donec ullamcorper nulla non metus auctor fringilla aenean eu leo quam pellentesque ornare sem lacinia quam venenatis vestibulum curabitur blandit tempus porttitor etiam porta sem malesuada magna mollis euismod '),
 ('8', 'slug', '0', 'en_gb', ' thump '),
 ('8', 'title', '0', 'en_gb', ' thump '),
 ('8', 'field', '4', 'en_gb', ' thump hero '),
 ('8', 'field', '1', 'en_gb', ' donec ullamcorper nulla non metus auctor fringilla aenean eu leo quam pellentesque ornare sem lacinia quam venenatis vestibulum curabitur blandit tempus porttitor etiam porta sem malesuada magna mollis euismod '),
 ('9', 'slug', '0', 'en_gb', ' creators '),
 ('9', 'title', '0', 'en_gb', ' creators '),
 ('9', 'field', '4', 'en_gb', ' creators hero '),
 ('9', 'field', '1', 'en_gb', ' donec ullamcorper nulla non metus auctor fringilla aenean eu leo quam pellentesque ornare sem lacinia quam venenatis vestibulum curabitur blandit tempus porttitor etiam porta sem malesuada magna mollis euismod '),
 ('10', 'slug', '0', 'en_gb', ' i d '),
 ('10', 'title', '0', 'en_gb', ' i d '),
 ('10', 'field', '4', 'en_gb', ' i d hero '),
 ('10', 'field', '1', 'en_gb', ' donec ullamcorper nulla non metus auctor fringilla aenean eu leo quam pellentesque ornare sem lacinia quam venenatis vestibulum curabitur blandit tempus porttitor etiam porta sem malesuada magna mollis euismod '),
 ('2', 'slug', '0', 'en_gb', ' homepage '),
 ('2', 'title', '0', 'en_gb', ' home '),
 ('2', 'field', '4', 'en_gb', ' index hero test '),
 ('2', 'field', '1', 'en_gb', ' nullam id dolor id nibh ultricies vehicula ut id elit nullam quis risus eget urna mollis ornare vel eu leo praesent commodo cursus magna vel scelerisque nisl consectetur et aenean lacinia bibendum nulla sed consectetur vivamus sagittis lacus vel augue laoreet rutrum faucibus dolor auctor test '),
 ('1', 'username', '0', 'en_gb', ' admin '),
 ('1', 'firstname', '0', 'en_gb', ''),
 ('1', 'lastname', '0', 'en_gb', ''),
 ('1', 'fullname', '0', 'en_gb', ''),
 ('1', 'email', '0', 'en_gb', ' info garethjohnsdesign com '),
 ('1', 'slug', '0', 'en_gb', ''),
 ('17', 'field', '5', 'en_gb', ' i d '),
 ('17', 'field', '1', 'en_gb', ' fusce dapibus tellus ac cursus commodo tortor mauris condimentum nibh ut fermentum massa justo sit amet risus vivamus sagittis lacus vel augue laoreet rutrum faucibus dolor auctor praesent commodo cursus magna vel scelerisque nisl consectetur et donec id elit non mi porta gravida at eget metus duis mollis est non commodo luctus nisi erat porttitor ligula eget lacinia odio sem nec elit '),
 ('12', 'filename', '0', 'en_gb', ' i d hero jpg '),
 ('12', 'extension', '0', 'en_gb', ' jpg '),
 ('12', 'kind', '0', 'en_gb', ' image '),
 ('12', 'slug', '0', 'en_gb', ' i d hero '),
 ('12', 'title', '0', 'en_gb', ' i d hero '),
 ('13', 'filename', '0', 'en_gb', ' munchies hero jpg '),
 ('13', 'extension', '0', 'en_gb', ' jpg '),
 ('13', 'kind', '0', 'en_gb', ' image '),
 ('13', 'slug', '0', 'en_gb', ' munchies hero '),
 ('13', 'title', '0', 'en_gb', ' munchies hero '),
 ('14', 'filename', '0', 'en_gb', ' noisey hero jpg '),
 ('14', 'extension', '0', 'en_gb', ' jpg '),
 ('14', 'kind', '0', 'en_gb', ' image '),
 ('14', 'slug', '0', 'en_gb', ' noisey hero '),
 ('14', 'title', '0', 'en_gb', ' noisey hero '),
 ('15', 'filename', '0', 'en_gb', ' thump hero jpg '),
 ('15', 'extension', '0', 'en_gb', ' jpg '),
 ('15', 'kind', '0', 'en_gb', ' image '),
 ('15', 'slug', '0', 'en_gb', ' thump hero '),
 ('15', 'title', '0', 'en_gb', ' thump hero '),
 ('16', 'slug', '0', 'en_gb', ' gareth johns '),
 ('16', 'title', '0', 'en_gb', ' gareth johns '),
 ('16', 'field', '5', 'en_gb', ' munchies '),
 ('16', 'field', '1', 'en_gb', ' vivamus sagittis lacus vel augue laoreet rutrum faucibus dolor auctor cum sociis natoque penatibus et magnis dis parturient montes nascetur ridiculus mus fusce dapibus tellus ac cursus commodo tortor mauris condimentum nibh ut fermentum massa justo sit amet risus donec id elit non mi porta gravida at eget metus '),
 ('16', 'field', '4', 'en_gb', ' test member 002 '),
 ('17', 'field', '4', 'en_gb', ' test member 007 '),
 ('17', 'slug', '0', 'en_gb', ' chloe walshingam '),
 ('17', 'title', '0', 'en_gb', ' chloe walshingam '),
 ('18', 'filename', '0', 'en_gb', ' placeholder jpg '),
 ('18', 'extension', '0', 'en_gb', ' jpg '),
 ('18', 'kind', '0', 'en_gb', ' image '),
 ('18', 'slug', '0', 'en_gb', ' placeholder '),
 ('18', 'title', '0', 'en_gb', ' placeholder '),
 ('19', 'field', '5', 'en_gb', ' munchies '),
 ('19', 'field', '1', 'en_gb', ' curabitur blandit tempus porttitor morbi leo risus porta ac consectetur ac vestibulum at eros vestibulum id ligula porta felis euismod semper morbi leo risus porta ac consectetur ac vestibulum at eros fusce dapibus tellus ac cursus commodo tortor mauris condimentum nibh ut fermentum massa justo sit amet risus donec ullamcorper nulla non metus auctor fringilla '),
 ('19', 'field', '4', 'en_gb', ' test member 003 '),
 ('19', 'slug', '0', 'en_gb', ' olivia smaghe '),
 ('19', 'title', '0', 'en_gb', ' olivia smaghe '),
 ('20', 'field', '5', 'en_gb', ' munchies '),
 ('20', 'field', '1', 'en_gb', ' nulla vitae elit libero a pharetra augue donec sed odio dui donec id elit non mi porta gravida at eget metus aenean eu leo quam pellentesque ornare sem lacinia quam venenatis vestibulum cum sociis natoque penatibus et magnis dis parturient montes nascetur ridiculus mus vestibulum id ligula porta felis euismod semper fusce dapibus tellus ac cursus commodo tortor mauris condimentum nibh ut fermentum massa justo sit amet risus cum sociis natoque penatibus et magnis dis parturient montes nascetur ridiculus mus cras justo odio dapibus ac facilisis in egestas eget quam etiam porta sem malesuada magna mollis euismod vivamus sagittis lacus vel augue laoreet rutrum faucibus dolor auctor cum sociis natoque penatibus et magnis dis parturient montes nascetur ridiculus mus integer posuere erat a ante venenatis dapibus posuere velit aliquet donec sed odio dui '),
 ('20', 'field', '4', 'en_gb', ' test member 001 '),
 ('20', 'slug', '0', 'en_gb', ' felix papalardi '),
 ('20', 'title', '0', 'en_gb', ' felix papalardi '),
 ('21', 'field', '5', 'en_gb', ' munchies '),
 ('21', 'field', '1', 'en_gb', ' cras mattis consectetur purus sit amet fermentum cum sociis natoque penatibus et magnis dis parturient montes nascetur ridiculus mus morbi leo risus porta ac consectetur ac vestibulum at eros morbi leo risus porta ac consectetur ac vestibulum at eros etiam porta sem malesuada magna mollis euismod nullam id dolor id nibh ultricies vehicula ut id elit sed posuere consectetur est at lobortis integer posuere erat a ante venenatis dapibus posuere velit aliquet etiam porta sem malesuada magna mollis euismod maecenas faucibus mollis interdum aenean eu leo quam pellentesque ornare sem lacinia quam venenatis vestibulum cras justo odio dapibus ac facilisis in egestas eget quam cras justo odio dapibus ac facilisis in egestas eget quam vivamus sagittis lacus vel augue laoreet rutrum faucibus dolor auctor nullam quis risus eget urna mollis ornare vel eu leo cras mattis consectetur purus sit amet fermentum cras justo odio dapibus ac facilisis in egestas eget quam '),
 ('21', 'field', '4', 'en_gb', ' test member 004 '),
 ('21', 'slug', '0', 'en_gb', ' jenna clapton '),
 ('21', 'title', '0', 'en_gb', ' jenna clapton '),
 ('22', 'field', '5', 'en_gb', ' munchies '),
 ('22', 'field', '1', 'en_gb', ' donec sed odio dui aenean lacinia bibendum nulla sed consectetur sed posuere consectetur est at lobortis nullam quis risus eget urna mollis ornare vel eu leo etiam porta sem malesuada magna mollis euismod cum sociis natoque penatibus et magnis dis parturient montes nascetur ridiculus mus vestibulum id ligula porta felis euismod semper curabitur blandit tempus porttitor maecenas faucibus mollis interdum nullam id dolor id nibh ultricies vehicula ut id elit donec ullamcorper nulla non metus auctor fringilla cras mattis consectetur purus sit amet fermentum aenean eu leo quam pellentesque ornare sem lacinia quam venenatis vestibulum cum sociis natoque penatibus et magnis dis parturient montes nascetur ridiculus mus praesent commodo cursus magna vel scelerisque nisl consectetur et maecenas sed diam eget risus varius blandit sit amet non magna curabitur blandit tempus porttitor maecenas faucibus mollis interdum '),
 ('22', 'field', '4', 'en_gb', ' test member 005 '),
 ('22', 'slug', '0', 'en_gb', ' jaykee the magician '),
 ('22', 'title', '0', 'en_gb', ' jaykee the magician '),
 ('23', 'field', '5', 'en_gb', ' munchies '),
 ('23', 'field', '1', 'en_gb', ' nulla vitae elit libero a pharetra augue nullam quis risus eget urna mollis ornare vel eu leo nulla vitae elit libero a pharetra augue lorem ipsum dolor sit amet consectetur adipiscing elit maecenas sed diam eget risus varius blandit sit amet non magna nulla vitae elit libero a pharetra augue donec ullamcorper nulla non metus auctor fringilla donec id elit non mi porta gravida at eget metus sed posuere consectetur est at lobortis cras justo odio dapibus ac facilisis in egestas eget quam cras mattis consectetur purus sit amet fermentum nulla vitae elit libero a pharetra augue fusce dapibus tellus ac cursus commodo tortor mauris condimentum nibh ut fermentum massa justo sit amet risus fusce dapibus tellus ac cursus commodo tortor mauris condimentum nibh ut fermentum massa justo sit amet risus maecenas faucibus mollis interdum '),
 ('23', 'field', '4', 'en_gb', ' test member 006 '),
 ('23', 'slug', '0', 'en_gb', ' micheal vonck '),
 ('23', 'title', '0', 'en_gb', ' micheal vonck ');
INSERT INTO `craft_searchindex` (`elementId`, `attribute`, `fieldId`, `locale`, `keywords`) VALUES
 ('21', 'field', '6', 'en_gb', ' jenna '),
 ('21', 'field', '7', 'en_gb', ' clapton '),
 ('22', 'field', '6', 'en_gb', ' jaykee '),
 ('22', 'field', '7', 'en_gb', ' the magician '),
 ('23', 'field', '6', 'en_gb', ' micheal '),
 ('23', 'field', '7', 'en_gb', ' vonck '),
 ('20', 'field', '6', 'en_gb', ' felix '),
 ('20', 'field', '7', 'en_gb', ' papalardi '),
 ('17', 'field', '6', 'en_gb', ' chloe '),
 ('17', 'field', '7', 'en_gb', ' walshingam '),
 ('16', 'field', '6', 'en_gb', ' gareth '),
 ('16', 'field', '7', 'en_gb', ' johns '),
 ('19', 'field', '6', 'en_gb', ' olivia '),
 ('19', 'field', '7', 'en_gb', ' smaghe '),
 ('24', 'filename', '0', 'en_gb', ' noisey hero landscape jpg '),
 ('24', 'extension', '0', 'en_gb', ' jpg '),
 ('24', 'kind', '0', 'en_gb', ' image '),
 ('24', 'slug', '0', 'en_gb', ' noisey hero landscape '),
 ('24', 'title', '0', 'en_gb', ' noisey hero landscape '),
 ('6', 'field', '8', 'en_gb', ' noisey hero landscape '),
 ('7', 'field', '8', 'en_gb', ''),
 ('8', 'field', '8', 'en_gb', ''),
 ('9', 'field', '8', 'en_gb', ''),
 ('10', 'field', '8', 'en_gb', ''),
 ('28', 'title', '0', 'en_gb', ' test member 001 '),
 ('28', 'slug', '0', 'en_gb', ' test member 001 '),
 ('28', 'kind', '0', 'en_gb', ' image '),
 ('28', 'extension', '0', 'en_gb', ' jpg '),
 ('28', 'filename', '0', 'en_gb', ' test member 001 jpg '),
 ('16', 'field', '8', 'en_gb', ''),
 ('17', 'field', '8', 'en_gb', ''),
 ('19', 'field', '8', 'en_gb', ''),
 ('20', 'field', '8', 'en_gb', ''),
 ('21', 'field', '8', 'en_gb', ''),
 ('22', 'field', '8', 'en_gb', ''),
 ('23', 'field', '8', 'en_gb', ''),
 ('29', 'filename', '0', 'en_gb', ' test member 002 jpg '),
 ('29', 'extension', '0', 'en_gb', ' jpg '),
 ('29', 'kind', '0', 'en_gb', ' image '),
 ('29', 'slug', '0', 'en_gb', ' test member 002 '),
 ('29', 'title', '0', 'en_gb', ' test member 002 '),
 ('30', 'filename', '0', 'en_gb', ' test member 003 jpg '),
 ('30', 'extension', '0', 'en_gb', ' jpg '),
 ('30', 'kind', '0', 'en_gb', ' image '),
 ('30', 'slug', '0', 'en_gb', ' test member 003 '),
 ('30', 'title', '0', 'en_gb', ' test member 003 '),
 ('31', 'filename', '0', 'en_gb', ' test member 004 jpg '),
 ('31', 'extension', '0', 'en_gb', ' jpg '),
 ('31', 'kind', '0', 'en_gb', ' image '),
 ('31', 'slug', '0', 'en_gb', ' test member 004 '),
 ('31', 'title', '0', 'en_gb', ' test member 004 '),
 ('32', 'filename', '0', 'en_gb', ' test member 005 jpg '),
 ('32', 'extension', '0', 'en_gb', ' jpg '),
 ('32', 'kind', '0', 'en_gb', ' image '),
 ('32', 'slug', '0', 'en_gb', ' test member 005 '),
 ('32', 'title', '0', 'en_gb', ' test member 005 '),
 ('33', 'filename', '0', 'en_gb', ' test member 006 jpg '),
 ('33', 'extension', '0', 'en_gb', ' jpg '),
 ('33', 'kind', '0', 'en_gb', ' image '),
 ('33', 'slug', '0', 'en_gb', ' test member 006 '),
 ('33', 'title', '0', 'en_gb', ' test member 006 '),
 ('34', 'filename', '0', 'en_gb', ' test member 007 jpg '),
 ('34', 'extension', '0', 'en_gb', ' jpg '),
 ('34', 'kind', '0', 'en_gb', ' image '),
 ('34', 'slug', '0', 'en_gb', ' test member 007 '),
 ('34', 'title', '0', 'en_gb', ' test member 007 '),
 ('35', 'filename', '0', 'en_gb', ' test member 008 jpg '),
 ('35', 'extension', '0', 'en_gb', ' jpg '),
 ('35', 'kind', '0', 'en_gb', ' image '),
 ('35', 'slug', '0', 'en_gb', ' test member 008 '),
 ('35', 'title', '0', 'en_gb', ' test member 008 '),
 ('36', 'filename', '0', 'en_gb', ' test member 009 jpg '),
 ('36', 'extension', '0', 'en_gb', ' jpg '),
 ('36', 'kind', '0', 'en_gb', ' image '),
 ('36', 'slug', '0', 'en_gb', ' test member 009 '),
 ('36', 'title', '0', 'en_gb', ' test member 009 '),
 ('37', 'filename', '0', 'en_gb', ' test member 010 jpg '),
 ('37', 'extension', '0', 'en_gb', ' jpg '),
 ('37', 'kind', '0', 'en_gb', ' image '),
 ('37', 'slug', '0', 'en_gb', ' test member 010 '),
 ('37', 'title', '0', 'en_gb', ' test member 010 '),
 ('38', 'filename', '0', 'en_gb', ' test member 011 jpg '),
 ('38', 'extension', '0', 'en_gb', ' jpg '),
 ('38', 'kind', '0', 'en_gb', ' image '),
 ('38', 'slug', '0', 'en_gb', ' test member 011 '),
 ('38', 'title', '0', 'en_gb', ' test member 011 '),
 ('39', 'filename', '0', 'en_gb', ' test member 012 jpg '),
 ('39', 'extension', '0', 'en_gb', ' jpg '),
 ('39', 'kind', '0', 'en_gb', ' image '),
 ('39', 'slug', '0', 'en_gb', ' test member 012 '),
 ('39', 'title', '0', 'en_gb', ' test member 012 '),
 ('40', 'filename', '0', 'en_gb', ' test member 013 jpg '),
 ('40', 'extension', '0', 'en_gb', ' jpg '),
 ('40', 'kind', '0', 'en_gb', ' image '),
 ('40', 'slug', '0', 'en_gb', ' test member 013 '),
 ('40', 'title', '0', 'en_gb', ' test member 013 '),
 ('41', 'filename', '0', 'en_gb', ' test member 014 jpg '),
 ('41', 'extension', '0', 'en_gb', ' jpg '),
 ('41', 'kind', '0', 'en_gb', ' image '),
 ('41', 'slug', '0', 'en_gb', ' test member 014 ');
INSERT INTO `craft_searchindex` (`elementId`, `attribute`, `fieldId`, `locale`, `keywords`) VALUES
 ('41', 'title', '0', 'en_gb', ' test member 014 '),
 ('42', 'filename', '0', 'en_gb', ' test member 015 jpg '),
 ('42', 'extension', '0', 'en_gb', ' jpg '),
 ('42', 'kind', '0', 'en_gb', ' image '),
 ('42', 'slug', '0', 'en_gb', ' test member 015 '),
 ('42', 'title', '0', 'en_gb', ' test member 015 '),
 ('43', 'filename', '0', 'en_gb', ' test member 016 jpg '),
 ('43', 'extension', '0', 'en_gb', ' jpg '),
 ('43', 'kind', '0', 'en_gb', ' image '),
 ('43', 'slug', '0', 'en_gb', ' test member 016 '),
 ('43', 'title', '0', 'en_gb', ' test member 016 '),
 ('44', 'filename', '0', 'en_gb', ' test member 017 jpg '),
 ('44', 'extension', '0', 'en_gb', ' jpg '),
 ('44', 'kind', '0', 'en_gb', ' image '),
 ('44', 'slug', '0', 'en_gb', ' test member 017 '),
 ('44', 'title', '0', 'en_gb', ' test member 017 '),
 ('45', 'filename', '0', 'en_gb', ' test member 018 jpg '),
 ('45', 'extension', '0', 'en_gb', ' jpg '),
 ('45', 'kind', '0', 'en_gb', ' image '),
 ('45', 'slug', '0', 'en_gb', ' test member 018 '),
 ('45', 'title', '0', 'en_gb', ' test member 018 '),
 ('46', 'filename', '0', 'en_gb', ' test member 019 jpg '),
 ('46', 'extension', '0', 'en_gb', ' jpg '),
 ('46', 'kind', '0', 'en_gb', ' image '),
 ('46', 'slug', '0', 'en_gb', ' test member 019 '),
 ('46', 'title', '0', 'en_gb', ' test member 019 '),
 ('47', 'filename', '0', 'en_gb', ' test member 020 jpg '),
 ('47', 'extension', '0', 'en_gb', ' jpg '),
 ('47', 'kind', '0', 'en_gb', ' image '),
 ('47', 'slug', '0', 'en_gb', ' test member 020 '),
 ('47', 'title', '0', 'en_gb', ' test member 020 '),
 ('48', 'filename', '0', 'en_gb', ' test member 021 jpg '),
 ('48', 'extension', '0', 'en_gb', ' jpg '),
 ('48', 'kind', '0', 'en_gb', ' image '),
 ('48', 'slug', '0', 'en_gb', ' test member 021 '),
 ('48', 'title', '0', 'en_gb', ' test member 021 '),
 ('49', 'filename', '0', 'en_gb', ' test member 022 jpg '),
 ('49', 'extension', '0', 'en_gb', ' jpg '),
 ('49', 'kind', '0', 'en_gb', ' image '),
 ('49', 'slug', '0', 'en_gb', ' test member 022 '),
 ('49', 'title', '0', 'en_gb', ' test member 022 '),
 ('50', 'filename', '0', 'en_gb', ' test member 023 jpg '),
 ('50', 'extension', '0', 'en_gb', ' jpg '),
 ('50', 'kind', '0', 'en_gb', ' image '),
 ('50', 'slug', '0', 'en_gb', ' test member 023 '),
 ('50', 'title', '0', 'en_gb', ' test member 023 '),
 ('51', 'filename', '0', 'en_gb', ' test member 024 jpg '),
 ('51', 'extension', '0', 'en_gb', ' jpg '),
 ('51', 'kind', '0', 'en_gb', ' image '),
 ('51', 'slug', '0', 'en_gb', ' test member 024 '),
 ('51', 'title', '0', 'en_gb', ' test member 024 '),
 ('52', 'filename', '0', 'en_gb', ' test member 025 jpg '),
 ('52', 'extension', '0', 'en_gb', ' jpg '),
 ('52', 'kind', '0', 'en_gb', ' image '),
 ('52', 'slug', '0', 'en_gb', ' test member 025 '),
 ('52', 'title', '0', 'en_gb', ' test member 025 '),
 ('53', 'filename', '0', 'en_gb', ' test member 026 jpg '),
 ('53', 'extension', '0', 'en_gb', ' jpg '),
 ('53', 'kind', '0', 'en_gb', ' image '),
 ('53', 'slug', '0', 'en_gb', ' test member 026 '),
 ('53', 'title', '0', 'en_gb', ' test member 026 '),
 ('54', 'filename', '0', 'en_gb', ' test member 027 jpg '),
 ('54', 'extension', '0', 'en_gb', ' jpg '),
 ('54', 'kind', '0', 'en_gb', ' image '),
 ('54', 'slug', '0', 'en_gb', ' test member 027 '),
 ('54', 'title', '0', 'en_gb', ' test member 027 '),
 ('55', 'filename', '0', 'en_gb', ' test member 028 jpg '),
 ('55', 'extension', '0', 'en_gb', ' jpg '),
 ('55', 'kind', '0', 'en_gb', ' image '),
 ('55', 'slug', '0', 'en_gb', ' test member 028 '),
 ('55', 'title', '0', 'en_gb', ' test member 028 '),
 ('56', 'filename', '0', 'en_gb', ' test member 029 jpg '),
 ('56', 'extension', '0', 'en_gb', ' jpg '),
 ('56', 'kind', '0', 'en_gb', ' image '),
 ('56', 'slug', '0', 'en_gb', ' test member 029 '),
 ('56', 'title', '0', 'en_gb', ' test member 029 '),
 ('57', 'filename', '0', 'en_gb', ' test member 030 jpg '),
 ('57', 'extension', '0', 'en_gb', ' jpg '),
 ('57', 'kind', '0', 'en_gb', ' image '),
 ('57', 'slug', '0', 'en_gb', ' test member 030 '),
 ('57', 'title', '0', 'en_gb', ' test member 030 '),
 ('58', 'filename', '0', 'en_gb', ' test member 031 jpg '),
 ('58', 'extension', '0', 'en_gb', ' jpg '),
 ('58', 'kind', '0', 'en_gb', ' image '),
 ('58', 'slug', '0', 'en_gb', ' test member 031 '),
 ('58', 'title', '0', 'en_gb', ' test member 031 '),
 ('59', 'field', '6', 'en_gb', ' joaquin '),
 ('59', 'field', '7', 'en_gb', ' hoop '),
 ('59', 'field', '5', 'en_gb', ' i d '),
 ('59', 'field', '1', 'en_gb', ''),
 ('59', 'field', '4', 'en_gb', ' test member 008 '),
 ('59', 'field', '8', 'en_gb', ''),
 ('59', 'slug', '0', 'en_gb', ' joaquin hoop '),
 ('59', 'title', '0', 'en_gb', ' joaquin hoop '),
 ('60', 'field', '6', 'en_gb', ' jeraldine '),
 ('60', 'field', '7', 'en_gb', ' mathers '),
 ('60', 'field', '5', 'en_gb', ' i d '),
 ('60', 'field', '1', 'en_gb', ''),
 ('60', 'field', '4', 'en_gb', ' test member 009 '),
 ('60', 'field', '8', 'en_gb', '');
INSERT INTO `craft_searchindex` (`elementId`, `attribute`, `fieldId`, `locale`, `keywords`) VALUES
 ('60', 'slug', '0', 'en_gb', ' jeraldine mathers '),
 ('60', 'title', '0', 'en_gb', ' jeraldine mathers '),
 ('61', 'field', '6', 'en_gb', ' georgene '),
 ('61', 'field', '7', 'en_gb', ' goodspeed '),
 ('61', 'field', '5', 'en_gb', ' i d '),
 ('61', 'field', '1', 'en_gb', ''),
 ('61', 'field', '4', 'en_gb', ' test member 010 '),
 ('61', 'field', '8', 'en_gb', ''),
 ('61', 'slug', '0', 'en_gb', ' georgene goodspeed '),
 ('61', 'title', '0', 'en_gb', ' georgene goodspeed '),
 ('62', 'field', '6', 'en_gb', ' charolette '),
 ('62', 'field', '7', 'en_gb', ' wrede '),
 ('62', 'field', '5', 'en_gb', ' i d '),
 ('62', 'field', '1', 'en_gb', ''),
 ('62', 'field', '4', 'en_gb', ' test member 011 '),
 ('62', 'field', '8', 'en_gb', ''),
 ('62', 'slug', '0', 'en_gb', ' charolette wrede '),
 ('62', 'title', '0', 'en_gb', ' charolette wrede '),
 ('63', 'field', '6', 'en_gb', ' jaimie  '),
 ('63', 'field', '7', 'en_gb', ' rafael '),
 ('63', 'field', '5', 'en_gb', ' i d '),
 ('63', 'field', '1', 'en_gb', ''),
 ('63', 'field', '4', 'en_gb', ' test member 012 '),
 ('63', 'field', '8', 'en_gb', ''),
 ('63', 'slug', '0', 'en_gb', ' jaimie rafael '),
 ('63', 'title', '0', 'en_gb', ' jaimie rafael '),
 ('64', 'field', '6', 'en_gb', ' stephen '),
 ('64', 'field', '7', 'en_gb', ' carnley '),
 ('64', 'field', '5', 'en_gb', ' noisey '),
 ('64', 'field', '1', 'en_gb', ''),
 ('64', 'field', '4', 'en_gb', ' test member 013 '),
 ('64', 'field', '8', 'en_gb', ''),
 ('64', 'slug', '0', 'en_gb', ' stephen carnley '),
 ('64', 'title', '0', 'en_gb', ' stephen carnley '),
 ('65', 'field', '6', 'en_gb', ' janice '),
 ('65', 'field', '7', 'en_gb', ' decamp '),
 ('65', 'field', '5', 'en_gb', ' noisey '),
 ('65', 'field', '1', 'en_gb', ''),
 ('65', 'field', '4', 'en_gb', ' test member 014 '),
 ('65', 'field', '8', 'en_gb', ''),
 ('65', 'slug', '0', 'en_gb', ' janice decamp '),
 ('65', 'title', '0', 'en_gb', ' janice decamp ');



DROP TABLE IF EXISTS `craft_sections`;


--
-- Schema for table `craft_sections`
--
CREATE TABLE `craft_sections` (
  `id` int(11) NOT NULL AUTO_INCREMENT,
  `structureId` int(11) DEFAULT NULL,
  `name` varchar(255) COLLATE utf8_unicode_ci NOT NULL,
  `handle` varchar(255) COLLATE utf8_unicode_ci NOT NULL,
  `type` enum('single','channel','structure') COLLATE utf8_unicode_ci NOT NULL DEFAULT 'channel',
  `hasUrls` tinyint(1) unsigned NOT NULL DEFAULT '1',
  `template` varchar(500) COLLATE utf8_unicode_ci DEFAULT NULL,
  `enableVersioning` tinyint(1) unsigned NOT NULL DEFAULT '0',
  `dateCreated` datetime NOT NULL,
  `dateUpdated` datetime NOT NULL,
  `uid` char(36) COLLATE utf8_unicode_ci NOT NULL DEFAULT '0',
  PRIMARY KEY (`id`),
  UNIQUE KEY `craft_sections_name_unq_idx` (`name`),
  UNIQUE KEY `craft_sections_handle_unq_idx` (`handle`),
  KEY `craft_sections_structureId_fk` (`structureId`)
) ENGINE=InnoDB AUTO_INCREMENT=5 DEFAULT CHARSET=utf8 COLLATE=utf8_unicode_ci;

--
-- Data for table `craft_sections`
--

INSERT INTO `craft_sections` (`id`, `structureId`, `name`, `handle`, `type`, `hasUrls`, `template`, `enableVersioning`, `dateCreated`, `dateUpdated`, `uid`) VALUES
 ('1', NULL, 'Homepage', 'homepage', 'single', '1', 'index', '1', '2017-12-10 22:25:19', '2017-12-10 22:25:19', 'c6664dc4-6dbe-48f0-8ab2-df04074fa688'),
 ('3', '3', 'Members', 'members', 'structure', '1', 'members/_entry', '1', '2017-12-10 23:06:20', '2017-12-13 16:35:15', '721b3135-99f7-4b3c-81aa-ce0fcf211953');



DROP TABLE IF EXISTS `craft_sections_i18n`;


--
-- Schema for table `craft_sections_i18n`
--
CREATE TABLE `craft_sections_i18n` (
  `id` int(11) NOT NULL AUTO_INCREMENT,
  `sectionId` int(11) NOT NULL,
  `locale` char(12) COLLATE utf8_unicode_ci NOT NULL,
  `enabledByDefault` tinyint(1) unsigned NOT NULL DEFAULT '1',
  `urlFormat` text COLLATE utf8_unicode_ci,
  `nestedUrlFormat` text COLLATE utf8_unicode_ci,
  `dateCreated` datetime NOT NULL,
  `dateUpdated` datetime NOT NULL,
  `uid` char(36) COLLATE utf8_unicode_ci NOT NULL DEFAULT '0',
  PRIMARY KEY (`id`),
  UNIQUE KEY `craft_sections_i18n_sectionId_locale_unq_idx` (`sectionId`,`locale`),
  KEY `craft_sections_i18n_locale_fk` (`locale`)
) ENGINE=InnoDB AUTO_INCREMENT=5 DEFAULT CHARSET=utf8 COLLATE=utf8_unicode_ci;

--
-- Data for table `craft_sections_i18n`
--

INSERT INTO `craft_sections_i18n` (`id`, `sectionId`, `locale`, `enabledByDefault`, `urlFormat`, `nestedUrlFormat`, `dateCreated`, `dateUpdated`, `uid`) VALUES
 ('1', '1', 'en_gb', '1', '__home__', NULL, '2017-12-10 22:25:19', '2017-12-10 22:25:19', 'cde4ae67-496e-4964-a061-8066cc3cbde2'),
 ('3', '3', 'en_gb', '1', 'members/{slug}', '{parent.uri}/{slug}', '2017-12-10 23:06:20', '2017-12-13 16:35:15', 'f63c74ce-31d6-4fdd-9848-3dafd2e03429');



DROP TABLE IF EXISTS `craft_sessions`;


--
-- Schema for table `craft_sessions`
--
CREATE TABLE `craft_sessions` (
  `id` int(11) NOT NULL AUTO_INCREMENT,
  `userId` int(11) NOT NULL,
  `token` char(100) COLLATE utf8_unicode_ci NOT NULL,
  `dateCreated` datetime NOT NULL,
  `dateUpdated` datetime NOT NULL,
  `uid` char(36) COLLATE utf8_unicode_ci NOT NULL DEFAULT '0',
  PRIMARY KEY (`id`),
  KEY `craft_sessions_uid_idx` (`uid`),
  KEY `craft_sessions_token_idx` (`token`),
  KEY `craft_sessions_dateUpdated_idx` (`dateUpdated`),
  KEY `craft_sessions_userId_fk` (`userId`)
) ENGINE=InnoDB AUTO_INCREMENT=4 DEFAULT CHARSET=utf8 COLLATE=utf8_unicode_ci;

DROP TABLE IF EXISTS `craft_shunnedmessages`;


--
-- Schema for table `craft_shunnedmessages`
--
CREATE TABLE `craft_shunnedmessages` (
  `id` int(11) NOT NULL AUTO_INCREMENT,
  `userId` int(11) NOT NULL,
  `message` varchar(255) COLLATE utf8_unicode_ci NOT NULL,
  `expiryDate` datetime DEFAULT NULL,
  `dateCreated` datetime NOT NULL,
  `dateUpdated` datetime NOT NULL,
  `uid` char(36) COLLATE utf8_unicode_ci NOT NULL DEFAULT '0',
  PRIMARY KEY (`id`),
  UNIQUE KEY `craft_shunnedmessages_userId_message_unq_idx` (`userId`,`message`)
) ENGINE=InnoDB DEFAULT CHARSET=utf8 COLLATE=utf8_unicode_ci;

DROP TABLE IF EXISTS `craft_structureelements`;


--
-- Schema for table `craft_structureelements`
--
CREATE TABLE `craft_structureelements` (
  `id` int(11) NOT NULL AUTO_INCREMENT,
  `structureId` int(11) NOT NULL,
  `elementId` int(11) DEFAULT NULL,
  `root` int(11) unsigned DEFAULT NULL,
  `lft` int(11) unsigned NOT NULL,
  `rgt` int(11) unsigned NOT NULL,
  `level` smallint(6) unsigned NOT NULL,
  `dateCreated` datetime NOT NULL,
  `dateUpdated` datetime NOT NULL,
  `uid` char(36) COLLATE utf8_unicode_ci NOT NULL DEFAULT '0',
  PRIMARY KEY (`id`),
  UNIQUE KEY `craft_structureelements_structureId_elementId_unq_idx` (`structureId`,`elementId`),
  KEY `craft_structureelements_root_idx` (`root`),
  KEY `craft_structureelements_lft_idx` (`lft`),
  KEY `craft_structureelements_rgt_idx` (`rgt`),
  KEY `craft_structureelements_level_idx` (`level`),
  KEY `craft_structureelements_elementId_fk` (`elementId`)
) ENGINE=InnoDB AUTO_INCREMENT=26 DEFAULT CHARSET=utf8 COLLATE=utf8_unicode_ci;

--
-- Data for table `craft_structureelements`
--

INSERT INTO `craft_structureelements` (`id`, `structureId`, `elementId`, `root`, `lft`, `rgt`, `level`, `dateCreated`, `dateUpdated`, `uid`) VALUES
 ('1', '1', NULL, '1', '1', '12', '0', '2017-12-10 22:30:52', '2017-12-10 22:30:52', '8fa1336b-5278-4a96-a90a-50ec1f853138'),
 ('2', '1', '6', '1', '6', '7', '1', '2017-12-10 22:30:52', '2017-12-10 22:30:52', '9945cca9-f229-4b5e-98df-4c654adf1675'),
 ('3', '1', '7', '1', '4', '5', '1', '2017-12-10 22:30:58', '2017-12-10 22:30:58', 'a54b790f-d232-4ef4-8547-089636591a4a'),
 ('4', '1', '8', '1', '10', '11', '1', '2017-12-10 22:31:04', '2017-12-10 22:31:04', '2452ef6b-f313-4f22-9405-8e5a6defd948'),
 ('5', '1', '9', '1', '8', '9', '1', '2017-12-10 22:31:20', '2017-12-10 22:31:20', 'acfc533c-7655-496b-b67f-600b200761e3'),
 ('6', '1', '10', '1', '2', '3', '1', '2017-12-10 22:31:29', '2017-12-10 22:31:29', '5603e8dd-e8ad-4970-8bf6-990434e1e5de'),
 ('11', '3', NULL, '11', '1', '30', '0', '2017-12-13 16:35:15', '2017-12-13 16:35:15', 'fe67f3d3-2794-48a0-bf42-97f0f718d1ad'),
 ('12', '3', '16', '11', '20', '21', '1', '2017-12-13 16:35:15', '2017-12-13 16:35:15', 'd5fe83fb-9837-4a72-b203-52b30818776f'),
 ('13', '3', '17', '11', '2', '3', '1', '2017-12-13 16:35:15', '2017-12-13 16:35:15', '6897e4cb-e6b4-486b-bb13-fbca74b0faca'),
 ('14', '3', '19', '11', '22', '23', '1', '2017-12-13 16:35:15', '2017-12-13 16:35:15', 'fe854c28-8556-4c75-823f-d56145d80efc'),
 ('15', '3', '20', '11', '18', '19', '1', '2017-12-13 16:35:15', '2017-12-13 16:35:15', '36f2645c-554d-4a67-9ce1-fe8bef890300'),
 ('16', '3', '21', '11', '24', '25', '1', '2017-12-13 16:35:15', '2017-12-13 16:35:15', 'b665cff8-ed51-4cfb-89bb-0a596faf403c'),
 ('17', '3', '22', '11', '26', '27', '1', '2017-12-13 16:35:15', '2017-12-13 16:35:15', '814aaaea-a2d1-4207-a489-cb6d41f5313e'),
 ('18', '3', '23', '11', '28', '29', '1', '2017-12-13 16:35:15', '2017-12-13 16:35:15', 'd420364b-210d-4fa6-bc22-30c9eebc9baf'),
 ('19', '3', '59', '11', '4', '5', '1', '2017-12-13 17:27:55', '2017-12-13 17:27:55', 'bf391a6c-3f86-4b0b-aabe-06e93802c172'),
 ('20', '3', '60', '11', '6', '7', '1', '2017-12-13 17:28:57', '2017-12-13 17:28:57', 'b8372fa8-6072-4c0b-b805-220fbc2d5c7c'),
 ('21', '3', '61', '11', '8', '9', '1', '2017-12-13 17:29:39', '2017-12-13 17:29:39', '768d3080-6a96-40ff-9b32-f10a43178259'),
 ('22', '3', '62', '11', '10', '11', '1', '2017-12-13 17:30:44', '2017-12-13 17:30:44', 'ca586a9c-0036-4a03-a783-fa3ec80f485e'),
 ('23', '3', '63', '11', '12', '13', '1', '2017-12-13 17:52:37', '2017-12-13 17:52:37', '40c22b51-91e2-40c6-bd56-4bd4ef71a6c6'),
 ('24', '3', '64', '11', '14', '15', '1', '2017-12-13 17:56:39', '2017-12-13 17:56:39', '7ae07b6b-5b14-4bec-b228-b4f5e728176b'),
 ('25', '3', '65', '11', '16', '17', '1', '2017-12-13 17:57:21', '2017-12-13 17:57:21', '6262a703-5bbe-4cb8-866a-88a8ee22fe2e');



DROP TABLE IF EXISTS `craft_structures`;


--
-- Schema for table `craft_structures`
--
CREATE TABLE `craft_structures` (
  `id` int(11) NOT NULL AUTO_INCREMENT,
  `maxLevels` smallint(6) unsigned DEFAULT NULL,
  `dateCreated` datetime NOT NULL,
  `dateUpdated` datetime NOT NULL,
  `uid` char(36) COLLATE utf8_unicode_ci NOT NULL DEFAULT '0',
  PRIMARY KEY (`id`)
) ENGINE=InnoDB AUTO_INCREMENT=4 DEFAULT CHARSET=utf8 COLLATE=utf8_unicode_ci;

--
-- Data for table `craft_structures`
--

INSERT INTO `craft_structures` (`id`, `maxLevels`, `dateCreated`, `dateUpdated`, `uid`) VALUES
 ('1', NULL, '2017-12-10 22:30:42', '2017-12-12 17:38:30', '7bf5388d-cf0b-42ce-a273-3230ae6a71cb'),
 ('3', NULL, '2017-12-13 16:35:15', '2017-12-13 16:35:15', 'c490e1ac-e211-4032-9c1d-2bf8da70694a');



DROP TABLE IF EXISTS `craft_systemsettings`;


--
-- Schema for table `craft_systemsettings`
--
CREATE TABLE `craft_systemsettings` (
  `id` int(11) NOT NULL AUTO_INCREMENT,
  `category` varchar(15) COLLATE utf8_unicode_ci NOT NULL,
  `settings` text COLLATE utf8_unicode_ci,
  `dateCreated` datetime NOT NULL,
  `dateUpdated` datetime NOT NULL,
  `uid` char(36) COLLATE utf8_unicode_ci NOT NULL DEFAULT '0',
  PRIMARY KEY (`id`),
  UNIQUE KEY `craft_systemsettings_category_unq_idx` (`category`)
) ENGINE=InnoDB AUTO_INCREMENT=2 DEFAULT CHARSET=utf8 COLLATE=utf8_unicode_ci;

--
-- Data for table `craft_systemsettings`
--

INSERT INTO `craft_systemsettings` (`id`, `category`, `settings`, `dateCreated`, `dateUpdated`, `uid`) VALUES
 ('1', 'email', '{\"protocol\":\"php\",\"emailAddress\":\"info@garethjohnsdesign.com\",\"senderName\":\"Class of 2018\"}', '2017-12-10 22:25:19', '2017-12-10 22:25:19', '326a1e45-3113-4721-baef-dfdc0afbecfe');



DROP TABLE IF EXISTS `craft_taggroups`;


--
-- Schema for table `craft_taggroups`
--
CREATE TABLE `craft_taggroups` (
  `id` int(11) NOT NULL AUTO_INCREMENT,
  `name` varchar(255) COLLATE utf8_unicode_ci NOT NULL,
  `handle` varchar(255) COLLATE utf8_unicode_ci NOT NULL,
  `fieldLayoutId` int(10) DEFAULT NULL,
  `dateCreated` datetime NOT NULL,
  `dateUpdated` datetime NOT NULL,
  `uid` char(36) COLLATE utf8_unicode_ci NOT NULL DEFAULT '0',
  PRIMARY KEY (`id`),
  UNIQUE KEY `craft_taggroups_name_unq_idx` (`name`),
  UNIQUE KEY `craft_taggroups_handle_unq_idx` (`handle`),
  KEY `craft_taggroups_fieldLayoutId_fk` (`fieldLayoutId`)
) ENGINE=InnoDB AUTO_INCREMENT=2 DEFAULT CHARSET=utf8 COLLATE=utf8_unicode_ci;

--
-- Data for table `craft_taggroups`
--

INSERT INTO `craft_taggroups` (`id`, `name`, `handle`, `fieldLayoutId`, `dateCreated`, `dateUpdated`, `uid`) VALUES
 ('1', 'Default', 'default', '1', '2017-12-10 22:25:19', '2017-12-10 22:25:19', 'd2fb38ac-96bd-4c34-9b4b-4516d3848fdb');



DROP TABLE IF EXISTS `craft_tags`;


--
-- Schema for table `craft_tags`
--
CREATE TABLE `craft_tags` (
  `id` int(11) NOT NULL,
  `groupId` int(11) NOT NULL,
  `dateCreated` datetime NOT NULL,
  `dateUpdated` datetime NOT NULL,
  `uid` char(36) COLLATE utf8_unicode_ci NOT NULL DEFAULT '0',
  PRIMARY KEY (`id`),
  KEY `craft_tags_groupId_fk` (`groupId`)
) ENGINE=InnoDB DEFAULT CHARSET=utf8 COLLATE=utf8_unicode_ci;

DROP TABLE IF EXISTS `craft_tasks`;


--
-- Schema for table `craft_tasks`
--
CREATE TABLE `craft_tasks` (
  `id` int(11) NOT NULL AUTO_INCREMENT,
  `root` int(11) unsigned DEFAULT NULL,
  `lft` int(11) unsigned NOT NULL,
  `rgt` int(11) unsigned NOT NULL,
  `level` smallint(6) unsigned NOT NULL,
  `currentStep` int(11) unsigned DEFAULT NULL,
  `totalSteps` int(11) unsigned DEFAULT NULL,
  `status` enum('pending','error','running') COLLATE utf8_unicode_ci DEFAULT NULL,
  `type` varchar(150) COLLATE utf8_unicode_ci NOT NULL,
  `description` varchar(255) COLLATE utf8_unicode_ci DEFAULT NULL,
  `settings` mediumtext COLLATE utf8_unicode_ci,
  `dateCreated` datetime NOT NULL,
  `dateUpdated` datetime NOT NULL,
  `uid` char(36) COLLATE utf8_unicode_ci NOT NULL DEFAULT '0',
  PRIMARY KEY (`id`),
  KEY `craft_tasks_root_idx` (`root`),
  KEY `craft_tasks_lft_idx` (`lft`),
  KEY `craft_tasks_rgt_idx` (`rgt`),
  KEY `craft_tasks_level_idx` (`level`)
) ENGINE=InnoDB AUTO_INCREMENT=152 DEFAULT CHARSET=utf8 COLLATE=utf8_unicode_ci;

DROP TABLE IF EXISTS `craft_templatecachecriteria`;


--
-- Schema for table `craft_templatecachecriteria`
--
CREATE TABLE `craft_templatecachecriteria` (
  `id` int(11) NOT NULL AUTO_INCREMENT,
  `cacheId` int(11) NOT NULL,
  `type` varchar(150) COLLATE utf8_unicode_ci NOT NULL,
  `criteria` text COLLATE utf8_unicode_ci NOT NULL,
  PRIMARY KEY (`id`),
  KEY `craft_templatecachecriteria_cacheId_fk` (`cacheId`),
  KEY `craft_templatecachecriteria_type_idx` (`type`)
) ENGINE=InnoDB DEFAULT CHARSET=utf8 COLLATE=utf8_unicode_ci;

DROP TABLE IF EXISTS `craft_templatecacheelements`;


--
-- Schema for table `craft_templatecacheelements`
--
CREATE TABLE `craft_templatecacheelements` (
  `cacheId` int(11) NOT NULL,
  `elementId` int(11) NOT NULL,
  KEY `craft_templatecacheelements_cacheId_fk` (`cacheId`),
  KEY `craft_templatecacheelements_elementId_fk` (`elementId`)
) ENGINE=InnoDB DEFAULT CHARSET=utf8 COLLATE=utf8_unicode_ci;

DROP TABLE IF EXISTS `craft_templatecaches`;


--
-- Schema for table `craft_templatecaches`
--
CREATE TABLE `craft_templatecaches` (
  `id` int(11) NOT NULL AUTO_INCREMENT,
  `cacheKey` varchar(255) COLLATE utf8_unicode_ci NOT NULL,
  `locale` char(12) COLLATE utf8_unicode_ci NOT NULL,
  `path` varchar(255) COLLATE utf8_unicode_ci DEFAULT NULL,
  `expiryDate` datetime NOT NULL,
  `body` mediumtext COLLATE utf8_unicode_ci NOT NULL,
  PRIMARY KEY (`id`),
  KEY `craft_templatecaches_cacheKey_locale_expiryDate_path_idx` (`cacheKey`,`locale`,`expiryDate`,`path`),
  KEY `craft_templatecaches_cacheKey_locale_expiryDate_idx` (`cacheKey`,`locale`,`expiryDate`),
  KEY `craft_templatecaches_locale_fk` (`locale`)
) ENGINE=InnoDB DEFAULT CHARSET=utf8 COLLATE=utf8_unicode_ci;

DROP TABLE IF EXISTS `craft_tokens`;


--
-- Schema for table `craft_tokens`
--
CREATE TABLE `craft_tokens` (
  `id` int(11) NOT NULL AUTO_INCREMENT,
  `token` char(32) COLLATE utf8_unicode_ci NOT NULL,
  `route` text COLLATE utf8_unicode_ci,
  `usageLimit` tinyint(3) unsigned DEFAULT NULL,
  `usageCount` tinyint(3) unsigned DEFAULT NULL,
  `expiryDate` datetime NOT NULL,
  `dateCreated` datetime NOT NULL,
  `dateUpdated` datetime NOT NULL,
  `uid` char(36) COLLATE utf8_unicode_ci NOT NULL DEFAULT '0',
  PRIMARY KEY (`id`),
  UNIQUE KEY `craft_tokens_token_unq_idx` (`token`),
  KEY `craft_tokens_expiryDate_idx` (`expiryDate`)
) ENGINE=InnoDB DEFAULT CHARSET=utf8 COLLATE=utf8_unicode_ci;

DROP TABLE IF EXISTS `craft_usergroups`;


--
-- Schema for table `craft_usergroups`
--
CREATE TABLE `craft_usergroups` (
  `id` int(11) NOT NULL AUTO_INCREMENT,
  `name` varchar(255) COLLATE utf8_unicode_ci NOT NULL,
  `handle` varchar(255) COLLATE utf8_unicode_ci NOT NULL,
  `dateCreated` datetime NOT NULL,
  `dateUpdated` datetime NOT NULL,
  `uid` char(36) COLLATE utf8_unicode_ci NOT NULL DEFAULT '0',
  PRIMARY KEY (`id`),
  UNIQUE KEY `craft_usergroups_name_unq_idx` (`name`),
  UNIQUE KEY `craft_usergroups_handle_unq_idx` (`handle`)
) ENGINE=InnoDB DEFAULT CHARSET=utf8 COLLATE=utf8_unicode_ci;

DROP TABLE IF EXISTS `craft_usergroups_users`;


--
-- Schema for table `craft_usergroups_users`
--
CREATE TABLE `craft_usergroups_users` (
  `id` int(11) NOT NULL AUTO_INCREMENT,
  `groupId` int(11) NOT NULL,
  `userId` int(11) NOT NULL,
  `dateCreated` datetime NOT NULL,
  `dateUpdated` datetime NOT NULL,
  `uid` char(36) COLLATE utf8_unicode_ci NOT NULL DEFAULT '0',
  PRIMARY KEY (`id`),
  UNIQUE KEY `craft_usergroups_users_groupId_userId_unq_idx` (`groupId`,`userId`),
  KEY `craft_usergroups_users_userId_fk` (`userId`)
) ENGINE=InnoDB DEFAULT CHARSET=utf8 COLLATE=utf8_unicode_ci;

DROP TABLE IF EXISTS `craft_userpermissions`;


--
-- Schema for table `craft_userpermissions`
--
CREATE TABLE `craft_userpermissions` (
  `id` int(11) NOT NULL AUTO_INCREMENT,
  `name` varchar(255) COLLATE utf8_unicode_ci NOT NULL,
  `dateCreated` datetime NOT NULL,
  `dateUpdated` datetime NOT NULL,
  `uid` char(36) COLLATE utf8_unicode_ci NOT NULL DEFAULT '0',
  PRIMARY KEY (`id`),
  UNIQUE KEY `craft_userpermissions_name_unq_idx` (`name`)
) ENGINE=InnoDB DEFAULT CHARSET=utf8 COLLATE=utf8_unicode_ci;

DROP TABLE IF EXISTS `craft_userpermissions_usergroups`;


--
-- Schema for table `craft_userpermissions_usergroups`
--
CREATE TABLE `craft_userpermissions_usergroups` (
  `id` int(11) NOT NULL AUTO_INCREMENT,
  `permissionId` int(11) NOT NULL,
  `groupId` int(11) NOT NULL,
  `dateCreated` datetime NOT NULL,
  `dateUpdated` datetime NOT NULL,
  `uid` char(36) COLLATE utf8_unicode_ci NOT NULL DEFAULT '0',
  PRIMARY KEY (`id`),
  UNIQUE KEY `craft_userpermissions_usergroups_permissionId_groupId_unq_idx` (`permissionId`,`groupId`),
  KEY `craft_userpermissions_usergroups_groupId_fk` (`groupId`)
) ENGINE=InnoDB DEFAULT CHARSET=utf8 COLLATE=utf8_unicode_ci;

DROP TABLE IF EXISTS `craft_userpermissions_users`;


--
-- Schema for table `craft_userpermissions_users`
--
CREATE TABLE `craft_userpermissions_users` (
  `id` int(11) NOT NULL AUTO_INCREMENT,
  `permissionId` int(11) NOT NULL,
  `userId` int(11) NOT NULL,
  `dateCreated` datetime NOT NULL,
  `dateUpdated` datetime NOT NULL,
  `uid` char(36) COLLATE utf8_unicode_ci NOT NULL DEFAULT '0',
  PRIMARY KEY (`id`),
  UNIQUE KEY `craft_userpermissions_users_permissionId_userId_unq_idx` (`permissionId`,`userId`),
  KEY `craft_userpermissions_users_userId_fk` (`userId`)
) ENGINE=InnoDB DEFAULT CHARSET=utf8 COLLATE=utf8_unicode_ci;

DROP TABLE IF EXISTS `craft_users`;


--
-- Schema for table `craft_users`
--
CREATE TABLE `craft_users` (
  `id` int(11) NOT NULL,
  `username` varchar(100) COLLATE utf8_unicode_ci NOT NULL,
  `photo` varchar(100) COLLATE utf8_unicode_ci DEFAULT NULL,
  `firstName` varchar(100) COLLATE utf8_unicode_ci DEFAULT NULL,
  `lastName` varchar(100) COLLATE utf8_unicode_ci DEFAULT NULL,
  `email` varchar(255) COLLATE utf8_unicode_ci NOT NULL,
  `password` char(255) COLLATE utf8_unicode_ci DEFAULT NULL,
  `preferredLocale` char(12) COLLATE utf8_unicode_ci DEFAULT NULL,
  `weekStartDay` tinyint(1) unsigned NOT NULL DEFAULT '0',
  `admin` tinyint(1) unsigned NOT NULL DEFAULT '0',
  `client` tinyint(1) unsigned NOT NULL DEFAULT '0',
  `locked` tinyint(1) unsigned NOT NULL DEFAULT '0',
  `suspended` tinyint(1) unsigned NOT NULL DEFAULT '0',
  `pending` tinyint(1) unsigned NOT NULL DEFAULT '0',
  `archived` tinyint(1) unsigned NOT NULL DEFAULT '0',
  `lastLoginDate` datetime DEFAULT NULL,
  `lastLoginAttemptIPAddress` varchar(45) COLLATE utf8_unicode_ci DEFAULT NULL,
  `invalidLoginWindowStart` datetime DEFAULT NULL,
  `invalidLoginCount` tinyint(4) unsigned DEFAULT NULL,
  `lastInvalidLoginDate` datetime DEFAULT NULL,
  `lockoutDate` datetime DEFAULT NULL,
  `verificationCode` char(100) COLLATE utf8_unicode_ci DEFAULT NULL,
  `verificationCodeIssuedDate` datetime DEFAULT NULL,
  `unverifiedEmail` varchar(255) COLLATE utf8_unicode_ci DEFAULT NULL,
  `passwordResetRequired` tinyint(1) unsigned NOT NULL DEFAULT '0',
  `lastPasswordChangeDate` datetime DEFAULT NULL,
  `dateCreated` datetime NOT NULL,
  `dateUpdated` datetime NOT NULL,
  `uid` char(36) COLLATE utf8_unicode_ci NOT NULL DEFAULT '0',
  PRIMARY KEY (`id`),
  UNIQUE KEY `craft_users_username_unq_idx` (`username`),
  UNIQUE KEY `craft_users_email_unq_idx` (`email`),
  KEY `craft_users_verificationCode_idx` (`verificationCode`),
  KEY `craft_users_uid_idx` (`uid`),
  KEY `craft_users_preferredLocale_fk` (`preferredLocale`)
) ENGINE=InnoDB DEFAULT CHARSET=utf8 COLLATE=utf8_unicode_ci;

--
-- Data for table `craft_users`
--

INSERT INTO `craft_users` (`id`, `username`, `photo`, `firstName`, `lastName`, `email`, `password`, `preferredLocale`, `weekStartDay`, `admin`, `client`, `locked`, `suspended`, `pending`, `archived`, `lastLoginDate`, `lastLoginAttemptIPAddress`, `invalidLoginWindowStart`, `invalidLoginCount`, `lastInvalidLoginDate`, `lockoutDate`, `verificationCode`, `verificationCodeIssuedDate`, `unverifiedEmail`, `passwordResetRequired`, `lastPasswordChangeDate`, `dateCreated`, `dateUpdated`, `uid`) VALUES
 ('1', 'admin', NULL, NULL, NULL, 'info@garethjohnsdesign.com', '$2y$13$YI4D759sqs6gQwHRrcVwGeMgW.TixwlOy1WESmhS3Dh9a8jgY/442', NULL, '0', '1', '0', '0', '0', '0', '0', '2017-12-12 15:12:46', '::1', NULL, NULL, NULL, NULL, NULL, NULL, NULL, '0', '2017-12-10 22:25:16', '2017-12-10 22:25:16', '2017-12-12 15:12:46', '085db548-c0f8-4433-9a77-e102aae07297');



DROP TABLE IF EXISTS `craft_widgets`;


--
-- Schema for table `craft_widgets`
--
CREATE TABLE `craft_widgets` (
  `id` int(11) NOT NULL AUTO_INCREMENT,
  `userId` int(11) NOT NULL,
  `type` varchar(150) COLLATE utf8_unicode_ci NOT NULL,
  `sortOrder` smallint(6) unsigned DEFAULT NULL,
  `colspan` tinyint(4) unsigned DEFAULT NULL,
  `settings` text COLLATE utf8_unicode_ci,
  `enabled` tinyint(1) unsigned NOT NULL DEFAULT '1',
  `dateCreated` datetime NOT NULL,
  `dateUpdated` datetime NOT NULL,
  `uid` char(36) COLLATE utf8_unicode_ci NOT NULL DEFAULT '0',
  PRIMARY KEY (`id`),
  KEY `craft_widgets_userId_fk` (`userId`)
) ENGINE=InnoDB AUTO_INCREMENT=5 DEFAULT CHARSET=utf8 COLLATE=utf8_unicode_ci;

--
-- Data for table `craft_widgets`
--

INSERT INTO `craft_widgets` (`id`, `userId`, `type`, `sortOrder`, `colspan`, `settings`, `enabled`, `dateCreated`, `dateUpdated`, `uid`) VALUES
 ('1', '1', 'RecentEntries', '1', NULL, NULL, '1', '2017-12-10 22:25:31', '2017-12-10 22:25:31', '6fe2f385-408b-4f29-879a-0defbcad5de7'),
 ('2', '1', 'GetHelp', '2', NULL, NULL, '1', '2017-12-10 22:25:31', '2017-12-10 22:25:31', 'f6016f8f-1346-4090-b078-881787b7ccaf'),
 ('3', '1', 'Updates', '3', NULL, NULL, '1', '2017-12-10 22:25:31', '2017-12-10 22:25:31', '346b7f65-aca4-4ba2-88cf-2e8d56fcafff'),
 ('4', '1', 'Feed', '4', NULL, '{\"url\":\"https:\\/\\/craftcms.com\\/news.rss\",\"title\":\"Craft News\"}', '1', '2017-12-10 22:25:31', '2017-12-10 22:25:31', 'a90eb750-57ce-44e2-9cb0-79864c8ce093');


--
-- Constraints for tables
--


--
-- Constraints for table `craft_assetfiles`
--
ALTER TABLE `craft_assetfiles`
	ADD CONSTRAINT `craft_assetfiles_folderId_fk` FOREIGN KEY (`folderId`) REFERENCES `craft_assetfolders` (`id`) ON DELETE CASCADE,
	ADD CONSTRAINT `craft_assetfiles_id_fk` FOREIGN KEY (`id`) REFERENCES `craft_elements` (`id`) ON DELETE CASCADE,
	ADD CONSTRAINT `craft_assetfiles_sourceId_fk` FOREIGN KEY (`sourceId`) REFERENCES `craft_assetsources` (`id`) ON DELETE CASCADE;

--
-- Constraints for table `craft_assetfolders`
--
ALTER TABLE `craft_assetfolders`
	ADD CONSTRAINT `craft_assetfolders_parentId_fk` FOREIGN KEY (`parentId`) REFERENCES `craft_assetfolders` (`id`) ON DELETE CASCADE,
	ADD CONSTRAINT `craft_assetfolders_sourceId_fk` FOREIGN KEY (`sourceId`) REFERENCES `craft_assetsources` (`id`) ON DELETE CASCADE;

--
-- Constraints for table `craft_assetindexdata`
--
ALTER TABLE `craft_assetindexdata`
	ADD CONSTRAINT `craft_assetindexdata_sourceId_fk` FOREIGN KEY (`sourceId`) REFERENCES `craft_assetsources` (`id`) ON DELETE CASCADE;

--
-- Constraints for table `craft_assetsources`
--
ALTER TABLE `craft_assetsources`
	ADD CONSTRAINT `craft_assetsources_fieldLayoutId_fk` FOREIGN KEY (`fieldLayoutId`) REFERENCES `craft_fieldlayouts` (`id`) ON DELETE SET NULL;

--
-- Constraints for table `craft_categories`
--
ALTER TABLE `craft_categories`
	ADD CONSTRAINT `craft_categories_groupId_fk` FOREIGN KEY (`groupId`) REFERENCES `craft_categorygroups` (`id`) ON DELETE CASCADE,
	ADD CONSTRAINT `craft_categories_id_fk` FOREIGN KEY (`id`) REFERENCES `craft_elements` (`id`) ON DELETE CASCADE;

--
-- Constraints for table `craft_categorygroups`
--
ALTER TABLE `craft_categorygroups`
	ADD CONSTRAINT `craft_categorygroups_fieldLayoutId_fk` FOREIGN KEY (`fieldLayoutId`) REFERENCES `craft_fieldlayouts` (`id`) ON DELETE SET NULL,
	ADD CONSTRAINT `craft_categorygroups_structureId_fk` FOREIGN KEY (`structureId`) REFERENCES `craft_structures` (`id`) ON DELETE CASCADE;

--
-- Constraints for table `craft_categorygroups_i18n`
--
ALTER TABLE `craft_categorygroups_i18n`
	ADD CONSTRAINT `craft_categorygroups_i18n_groupId_fk` FOREIGN KEY (`groupId`) REFERENCES `craft_categorygroups` (`id`) ON DELETE CASCADE,
	ADD CONSTRAINT `craft_categorygroups_i18n_locale_fk` FOREIGN KEY (`locale`) REFERENCES `craft_locales` (`locale`) ON DELETE CASCADE ON UPDATE CASCADE;

--
-- Constraints for table `craft_content`
--
ALTER TABLE `craft_content`
	ADD CONSTRAINT `craft_content_elementId_fk` FOREIGN KEY (`elementId`) REFERENCES `craft_elements` (`id`) ON DELETE CASCADE,
	ADD CONSTRAINT `craft_content_locale_fk` FOREIGN KEY (`locale`) REFERENCES `craft_locales` (`locale`) ON DELETE CASCADE ON UPDATE CASCADE;

--
-- Constraints for table `craft_elements_i18n`
--
ALTER TABLE `craft_elements_i18n`
	ADD CONSTRAINT `craft_elements_i18n_elementId_fk` FOREIGN KEY (`elementId`) REFERENCES `craft_elements` (`id`) ON DELETE CASCADE,
	ADD CONSTRAINT `craft_elements_i18n_locale_fk` FOREIGN KEY (`locale`) REFERENCES `craft_locales` (`locale`) ON DELETE CASCADE ON UPDATE CASCADE;

--
-- Constraints for table `craft_emailmessages`
--
ALTER TABLE `craft_emailmessages`
	ADD CONSTRAINT `craft_emailmessages_locale_fk` FOREIGN KEY (`locale`) REFERENCES `craft_locales` (`locale`) ON DELETE CASCADE ON UPDATE CASCADE;

--
-- Constraints for table `craft_entries`
--
ALTER TABLE `craft_entries`
	ADD CONSTRAINT `craft_entries_authorId_fk` FOREIGN KEY (`authorId`) REFERENCES `craft_users` (`id`) ON DELETE CASCADE,
	ADD CONSTRAINT `craft_entries_id_fk` FOREIGN KEY (`id`) REFERENCES `craft_elements` (`id`) ON DELETE CASCADE,
	ADD CONSTRAINT `craft_entries_sectionId_fk` FOREIGN KEY (`sectionId`) REFERENCES `craft_sections` (`id`) ON DELETE CASCADE,
	ADD CONSTRAINT `craft_entries_typeId_fk` FOREIGN KEY (`typeId`) REFERENCES `craft_entrytypes` (`id`) ON DELETE CASCADE;

--
-- Constraints for table `craft_entrydrafts`
--
ALTER TABLE `craft_entrydrafts`
	ADD CONSTRAINT `craft_entrydrafts_creatorId_fk` FOREIGN KEY (`creatorId`) REFERENCES `craft_users` (`id`) ON DELETE CASCADE,
	ADD CONSTRAINT `craft_entrydrafts_entryId_fk` FOREIGN KEY (`entryId`) REFERENCES `craft_entries` (`id`) ON DELETE CASCADE,
	ADD CONSTRAINT `craft_entrydrafts_locale_fk` FOREIGN KEY (`locale`) REFERENCES `craft_locales` (`locale`) ON DELETE CASCADE ON UPDATE CASCADE,
	ADD CONSTRAINT `craft_entrydrafts_sectionId_fk` FOREIGN KEY (`sectionId`) REFERENCES `craft_sections` (`id`) ON DELETE CASCADE;

--
-- Constraints for table `craft_entrytypes`
--
ALTER TABLE `craft_entrytypes`
	ADD CONSTRAINT `craft_entrytypes_fieldLayoutId_fk` FOREIGN KEY (`fieldLayoutId`) REFERENCES `craft_fieldlayouts` (`id`) ON DELETE SET NULL,
	ADD CONSTRAINT `craft_entrytypes_sectionId_fk` FOREIGN KEY (`sectionId`) REFERENCES `craft_sections` (`id`) ON DELETE CASCADE;

--
-- Constraints for table `craft_entryversions`
--
ALTER TABLE `craft_entryversions`
	ADD CONSTRAINT `craft_entryversions_creatorId_fk` FOREIGN KEY (`creatorId`) REFERENCES `craft_users` (`id`) ON DELETE SET NULL,
	ADD CONSTRAINT `craft_entryversions_entryId_fk` FOREIGN KEY (`entryId`) REFERENCES `craft_entries` (`id`) ON DELETE CASCADE,
	ADD CONSTRAINT `craft_entryversions_locale_fk` FOREIGN KEY (`locale`) REFERENCES `craft_locales` (`locale`) ON DELETE CASCADE ON UPDATE CASCADE,
	ADD CONSTRAINT `craft_entryversions_sectionId_fk` FOREIGN KEY (`sectionId`) REFERENCES `craft_sections` (`id`) ON DELETE CASCADE;

--
-- Constraints for table `craft_fieldlayoutfields`
--
ALTER TABLE `craft_fieldlayoutfields`
	ADD CONSTRAINT `craft_fieldlayoutfields_fieldId_fk` FOREIGN KEY (`fieldId`) REFERENCES `craft_fields` (`id`) ON DELETE CASCADE,
	ADD CONSTRAINT `craft_fieldlayoutfields_layoutId_fk` FOREIGN KEY (`layoutId`) REFERENCES `craft_fieldlayouts` (`id`) ON DELETE CASCADE,
	ADD CONSTRAINT `craft_fieldlayoutfields_tabId_fk` FOREIGN KEY (`tabId`) REFERENCES `craft_fieldlayouttabs` (`id`) ON DELETE CASCADE;

--
-- Constraints for table `craft_fieldlayouttabs`
--
ALTER TABLE `craft_fieldlayouttabs`
	ADD CONSTRAINT `craft_fieldlayouttabs_layoutId_fk` FOREIGN KEY (`layoutId`) REFERENCES `craft_fieldlayouts` (`id`) ON DELETE CASCADE;

--
-- Constraints for table `craft_fields`
--
ALTER TABLE `craft_fields`
	ADD CONSTRAINT `craft_fields_groupId_fk` FOREIGN KEY (`groupId`) REFERENCES `craft_fieldgroups` (`id`) ON DELETE CASCADE;

--
-- Constraints for table `craft_globalsets`
--
ALTER TABLE `craft_globalsets`
	ADD CONSTRAINT `craft_globalsets_fieldLayoutId_fk` FOREIGN KEY (`fieldLayoutId`) REFERENCES `craft_fieldlayouts` (`id`) ON DELETE SET NULL,
	ADD CONSTRAINT `craft_globalsets_id_fk` FOREIGN KEY (`id`) REFERENCES `craft_elements` (`id`) ON DELETE CASCADE;

--
-- Constraints for table `craft_matrixblocks`
--
ALTER TABLE `craft_matrixblocks`
	ADD CONSTRAINT `craft_matrixblocks_fieldId_fk` FOREIGN KEY (`fieldId`) REFERENCES `craft_fields` (`id`) ON DELETE CASCADE,
	ADD CONSTRAINT `craft_matrixblocks_id_fk` FOREIGN KEY (`id`) REFERENCES `craft_elements` (`id`) ON DELETE CASCADE,
	ADD CONSTRAINT `craft_matrixblocks_ownerId_fk` FOREIGN KEY (`ownerId`) REFERENCES `craft_elements` (`id`) ON DELETE CASCADE,
	ADD CONSTRAINT `craft_matrixblocks_ownerLocale_fk` FOREIGN KEY (`ownerLocale`) REFERENCES `craft_locales` (`locale`) ON DELETE CASCADE ON UPDATE CASCADE,
	ADD CONSTRAINT `craft_matrixblocks_typeId_fk` FOREIGN KEY (`typeId`) REFERENCES `craft_matrixblocktypes` (`id`) ON DELETE CASCADE;

--
-- Constraints for table `craft_matrixblocktypes`
--
ALTER TABLE `craft_matrixblocktypes`
	ADD CONSTRAINT `craft_matrixblocktypes_fieldId_fk` FOREIGN KEY (`fieldId`) REFERENCES `craft_fields` (`id`) ON DELETE CASCADE,
	ADD CONSTRAINT `craft_matrixblocktypes_fieldLayoutId_fk` FOREIGN KEY (`fieldLayoutId`) REFERENCES `craft_fieldlayouts` (`id`) ON DELETE SET NULL;

--
-- Constraints for table `craft_migrations`
--
ALTER TABLE `craft_migrations`
	ADD CONSTRAINT `craft_migrations_pluginId_fk` FOREIGN KEY (`pluginId`) REFERENCES `craft_plugins` (`id`) ON DELETE CASCADE;

--
-- Constraints for table `craft_relations`
--
ALTER TABLE `craft_relations`
	ADD CONSTRAINT `craft_relations_fieldId_fk` FOREIGN KEY (`fieldId`) REFERENCES `craft_fields` (`id`) ON DELETE CASCADE,
	ADD CONSTRAINT `craft_relations_sourceId_fk` FOREIGN KEY (`sourceId`) REFERENCES `craft_elements` (`id`) ON DELETE CASCADE,
	ADD CONSTRAINT `craft_relations_sourceLocale_fk` FOREIGN KEY (`sourceLocale`) REFERENCES `craft_locales` (`locale`) ON DELETE CASCADE ON UPDATE CASCADE,
	ADD CONSTRAINT `craft_relations_targetId_fk` FOREIGN KEY (`targetId`) REFERENCES `craft_elements` (`id`) ON DELETE CASCADE;

--
-- Constraints for table `craft_routes`
--
ALTER TABLE `craft_routes`
	ADD CONSTRAINT `craft_routes_locale_fk` FOREIGN KEY (`locale`) REFERENCES `craft_locales` (`locale`) ON DELETE CASCADE ON UPDATE CASCADE;

--
-- Constraints for table `craft_sections`
--
ALTER TABLE `craft_sections`
	ADD CONSTRAINT `craft_sections_structureId_fk` FOREIGN KEY (`structureId`) REFERENCES `craft_structures` (`id`) ON DELETE SET NULL;

--
-- Constraints for table `craft_sections_i18n`
--
ALTER TABLE `craft_sections_i18n`
	ADD CONSTRAINT `craft_sections_i18n_locale_fk` FOREIGN KEY (`locale`) REFERENCES `craft_locales` (`locale`) ON DELETE CASCADE ON UPDATE CASCADE,
	ADD CONSTRAINT `craft_sections_i18n_sectionId_fk` FOREIGN KEY (`sectionId`) REFERENCES `craft_sections` (`id`) ON DELETE CASCADE;

--
-- Constraints for table `craft_sessions`
--
ALTER TABLE `craft_sessions`
	ADD CONSTRAINT `craft_sessions_userId_fk` FOREIGN KEY (`userId`) REFERENCES `craft_users` (`id`) ON DELETE CASCADE;

--
-- Constraints for table `craft_shunnedmessages`
--
ALTER TABLE `craft_shunnedmessages`
	ADD CONSTRAINT `craft_shunnedmessages_userId_fk` FOREIGN KEY (`userId`) REFERENCES `craft_users` (`id`) ON DELETE CASCADE;

--
-- Constraints for table `craft_structureelements`
--
ALTER TABLE `craft_structureelements`
	ADD CONSTRAINT `craft_structureelements_elementId_fk` FOREIGN KEY (`elementId`) REFERENCES `craft_elements` (`id`) ON DELETE CASCADE,
	ADD CONSTRAINT `craft_structureelements_structureId_fk` FOREIGN KEY (`structureId`) REFERENCES `craft_structures` (`id`) ON DELETE CASCADE;

--
-- Constraints for table `craft_taggroups`
--
ALTER TABLE `craft_taggroups`
	ADD CONSTRAINT `craft_taggroups_fieldLayoutId_fk` FOREIGN KEY (`fieldLayoutId`) REFERENCES `craft_fieldlayouts` (`id`) ON DELETE SET NULL;

--
-- Constraints for table `craft_tags`
--
ALTER TABLE `craft_tags`
	ADD CONSTRAINT `craft_tags_groupId_fk` FOREIGN KEY (`groupId`) REFERENCES `craft_taggroups` (`id`) ON DELETE CASCADE,
	ADD CONSTRAINT `craft_tags_id_fk` FOREIGN KEY (`id`) REFERENCES `craft_elements` (`id`) ON DELETE CASCADE;

--
-- Constraints for table `craft_templatecachecriteria`
--
ALTER TABLE `craft_templatecachecriteria`
	ADD CONSTRAINT `craft_templatecachecriteria_cacheId_fk` FOREIGN KEY (`cacheId`) REFERENCES `craft_templatecaches` (`id`) ON DELETE CASCADE;

--
-- Constraints for table `craft_templatecacheelements`
--
ALTER TABLE `craft_templatecacheelements`
	ADD CONSTRAINT `craft_templatecacheelements_cacheId_fk` FOREIGN KEY (`cacheId`) REFERENCES `craft_templatecaches` (`id`) ON DELETE CASCADE,
	ADD CONSTRAINT `craft_templatecacheelements_elementId_fk` FOREIGN KEY (`elementId`) REFERENCES `craft_elements` (`id`) ON DELETE CASCADE;

--
-- Constraints for table `craft_templatecaches`
--
ALTER TABLE `craft_templatecaches`
	ADD CONSTRAINT `craft_templatecaches_locale_fk` FOREIGN KEY (`locale`) REFERENCES `craft_locales` (`locale`) ON DELETE CASCADE ON UPDATE CASCADE;

--
-- Constraints for table `craft_usergroups_users`
--
ALTER TABLE `craft_usergroups_users`
	ADD CONSTRAINT `craft_usergroups_users_groupId_fk` FOREIGN KEY (`groupId`) REFERENCES `craft_usergroups` (`id`) ON DELETE CASCADE,
	ADD CONSTRAINT `craft_usergroups_users_userId_fk` FOREIGN KEY (`userId`) REFERENCES `craft_users` (`id`) ON DELETE CASCADE;

--
-- Constraints for table `craft_userpermissions_usergroups`
--
ALTER TABLE `craft_userpermissions_usergroups`
	ADD CONSTRAINT `craft_userpermissions_usergroups_groupId_fk` FOREIGN KEY (`groupId`) REFERENCES `craft_usergroups` (`id`) ON DELETE CASCADE,
	ADD CONSTRAINT `craft_userpermissions_usergroups_permissionId_fk` FOREIGN KEY (`permissionId`) REFERENCES `craft_userpermissions` (`id`) ON DELETE CASCADE;

--
-- Constraints for table `craft_userpermissions_users`
--
ALTER TABLE `craft_userpermissions_users`
	ADD CONSTRAINT `craft_userpermissions_users_permissionId_fk` FOREIGN KEY (`permissionId`) REFERENCES `craft_userpermissions` (`id`) ON DELETE CASCADE,
	ADD CONSTRAINT `craft_userpermissions_users_userId_fk` FOREIGN KEY (`userId`) REFERENCES `craft_users` (`id`) ON DELETE CASCADE;

--
-- Constraints for table `craft_users`
--
ALTER TABLE `craft_users`
	ADD CONSTRAINT `craft_users_id_fk` FOREIGN KEY (`id`) REFERENCES `craft_elements` (`id`) ON DELETE CASCADE,
	ADD CONSTRAINT `craft_users_preferredLocale_fk` FOREIGN KEY (`preferredLocale`) REFERENCES `craft_locales` (`locale`) ON DELETE SET NULL ON UPDATE CASCADE;

--
-- Constraints for table `craft_widgets`
--
ALTER TABLE `craft_widgets`
	ADD CONSTRAINT `craft_widgets_userId_fk` FOREIGN KEY (`userId`) REFERENCES `craft_users` (`id`) ON DELETE CASCADE;

SET FOREIGN_KEY_CHECKS = 1;
